objectID,accessionNumber,artistDisplayName,title,objectDate,medium,dimensions,measurements.Height,measurements.Width,department,primaryImage
10049,13.140,Edwin Austin Abbey,"""King Lear,"" Act I, Scene I",1898,Oil on canvas,54 1/4 x 127 1/4 in. (137.8 x 323.2 cm),137.8,323.2,The American Wing,https://images.metmuseum.org/CRDImages/ad/original/DP256059.jpg
10065,1980.224,John White Alexander,Repose,1895,Oil on canvas,52 1/4 x 63 5/8 in. (132.7 x 161.6 cm),132.7,161.6,The American Wing,https://images.metmuseum.org/CRDImages/ad/original/DT1551.jpg
10066,12.90,John White Alexander,The Ring,1911,Oil on canvas,48 3/4 x 36 3/8 in. (123.8 x 92.4 cm),123.8,92.4,The American Wing,https://images.metmuseum.org/CRDImages/ad/original/DP273005.jpg
10068,91.18,John White Alexander,Walt Whitman,1889,Oil on canvas,50 x 40 in. (127 x 101.6 cm),127.0,101.6002,The American Wing,https://images.metmuseum.org/CRDImages/ad/original/ap91.18.jpg
10070,01.7.2,Washington Allston,The Spanish Girl in Reverie,1831,Oil on canvas,30 x 25 in. (76.2 x 63.5 cm),76.2,63.5,The American Wing,https://images.metmuseum.org/CRDImages/ad/original/ap01.7.2.jpg
10074,95.12,Ezra Ames,Maurice Levy,ca. 1820,Watercolor on ivory,2 15/16 x 2 3/8 in. (7.5 x 6 cm),7.5,6.0,The American Wing,https://images.metmuseum.org/CRDImages/ad/original/DP-15884-001.jpg
10075,40.94,Ezra Ames,Philip Van Cortlandt,ca. 1810,Oil on canvas,36 x 28 in. (91.4 x 71.1 cm),91.4,71.1,The American Wing,https://images.metmuseum.org/CRDImages/ad/original/ap40.94.jpg
10077,1987.404,Ambrose Andrews,The Children of Nathan Starr,1835,Oil on canvas,28 3/8 x 36 1/2 in. (72.1 x 92.7 cm),72.1,92.7,The American Wing,https://images.metmuseum.org/CRDImages/ad/original/DT5812.jpg
10080,40.40,Thomas Anshutz,The Way They Live,1879,Oil on canvas,24 x 17 in. (61 x 43.2 cm),61.0,43.2,The American Wing,https://images.metmuseum.org/CRDImages/ad/original/DT105.jpg
10085,29.85,Joseph Badger,James Badger,1760,Oil on canvas,42 1/2 x 33 1/8 in. (108 x 84.1 cm),108.0,84.1,The American Wing,https://images.metmuseum.org/CRDImages/ad/original/ap29.85.jpg
10092,81.13,George Augustus Baker Jr.,John F. Kensett,1875,Oil on canvas,27 x 22 in. (68.6 x 55.9 cm),68.6,55.9,The American Wing,https://images.metmuseum.org/CRDImages/ad/original/ap81.13.jpg
10093,40.144,George Augustus Baker Jr.,Mrs. William Loring Andrews,1861–63,Oil on canvas,30 x 25 in. (76.2 x 63.5 cm),76.2,63.5,The American Wing,https://images.metmuseum.org/CRDImages/ad/original/ap40.144.jpg
10135,26.286,Henry Benbridge,Elizabeth Ann Timothy,ca. 1775–85,Watercolor and gouache on ivory,1 1/2 x 1 1/8 in. (3.7 x 3 cm),3.7,3.0,The American Wing,https://images.metmuseum.org/CRDImages/ad/original/DP168945.jpg
10136,29.58,Henry Benbridge,Mrs. Benjamin Simons,ca. 1771–76,Oil on canvas,29 7/8 x 25 in. (75.5 x 63.5 cm),75.9,63.5,The American Wing,https://images.metmuseum.org/CRDImages/ad/original/ap29.58.jpg
10138,69.202,Henry Benbridge,Portrait of a Gentleman,ca. 1770–72,Oil on canvas,49 1/4 x 39 1/2 in. (125.1 x 100.3 cm),125.1,100.3,The American Wing,https://images.metmuseum.org/CRDImages/ad/original/ap69.202.jpg
10139,68.222.21,Henry Benbridge,Portrait of a Gentleman,ca. 1780,Watercolor on ivory,1 1/2 x 1 in. (3.9 x 2.5 cm),3.9,2.5,The American Wing,https://images.metmuseum.org/CRDImages/ad/original/DP217216.jpg
10159,33.61,George Caleb Bingham,Fur Traders Descending the Missouri,1845,Oil on canvas,29 x 36 1/2 in. (73.7 x 92.7 cm),73.7,92.7,The American Wing,https://images.metmuseum.org/CRDImages/ad/original/DT73.jpg
10165,1985.141.12,William Russell Birch,Brock Livingston Delaplaine,1817,Enamel on copper,Sight: 3 x 2 1/2 in. (7.6 x 6.4 cm),7.62,6.35,The American Wing,https://images.metmuseum.org/CRDImages/ad/original/DP168963.jpg
10174,16.68.2,Joseph Blackburn,Mary Sylvester,1754,Oil on canvas,49 7/8 x 40 in. (126.7 x 101.6 cm),126.7,101.6,The American Wing,https://images.metmuseum.org/CRDImages/ad/original/DP162258.jpg
10175,16.68.3,Joseph Blackburn,Mrs. David Chesebrough,1754,Oil on canvas,49 7/8 x 40 1/8 in. (126.7 x 101.9 cm),126.7,101.9,The American Wing,https://images.metmuseum.org/CRDImages/ad/original/ap16.68.3.jpg
10176,1979.196.2,Joseph Blackburn,Mrs. Samuel Cutts,ca. 1762–63,Oil on canvas,50 1/4 x 40 1/2 in. (127.6 x 102.9 cm),127.6,102.9,The American Wing,https://images.metmuseum.org/CRDImages/ad/original/DT9848.jpg
10177,1979.196.1,Joseph Blackburn,Samuel Cutts,ca. 1762–63,Oil on canvas,50 1/4 x 40 3/8 in. (127.6 x 102.6 cm),127.6,102.6,The American Wing,https://images.metmuseum.org/CRDImages/ad/original/ap1979.196.1.jpg
10185,67.29,Jacob D. Blondel,Luigi Palma di Cesnola,1865,Oil on canvas,27 1/4 x 22 1/8 in. (69.2 x 56.2 cm),69.2,56.2,The American Wing,https://images.metmuseum.org/CRDImages/ad/original/DP-18282-001.jpg
10186,04.31,Robert Frederick Blum,The Ameya,by 1893,Oil on canvas,25 1/16 x 31 1/16 in. (63.7 x 78.9 cm),63.7,78.9,The American Wing,https://images.metmuseum.org/CRDImages/ad/original/DT222052.jpg
10210,66.242.23,John Bradley,Emma Homan,ca. 1844,Oil on canvas,34 x 27 1/8 in. (86.4 x 68.9 cm),86.4,68.9,The American Wing,https://images.metmuseum.org/CRDImages/ad/original/DT2024.jpg
10218,1985.141.4,Hugh Bridport,Carolyn Mishner,ca. 1825,Watercolor on ivory,2 1/2 x 2 1/16 in. (6.2 x 5.2 cm),6.4,5.1,The American Wing,https://images.metmuseum.org/CRDImages/ad/original/DP168961.jpg
10239,09.26.5,John George Brown,Meditation,ca. 1900–1910,Oil on canvas,30 x 25 in. (76.2 x 63.5 cm),76.2,63.5,The American Wing,https://images.metmuseum.org/CRDImages/ad/original/ap09.26.5.jpg
10240,21.115.3,John George Brown,The Music Lesson,1870,Oil on canvas,24 x 20 in. (61 x 50.8 cm),61.0,50.8,The American Wing,https://images.metmuseum.org/CRDImages/ad/original/DP156440.jpg
10241,63.130.2,John George Brown,To Decide the Question,1897,Oil on canvas,30 x 40 in. (76.2 x 101.6 cm),76.2,101.6,The American Wing,https://images.metmuseum.org/CRDImages/ad/original/APS238.jpg
10246,64.129,Mather Brown,Lady with a Dog,1786,Oil on canvas,49 1/2 x 39 1/2 in. (125.7 x 100.3 cm),125.7,100.3,The American Wing,https://images.metmuseum.org/CRDImages/ad/original/APS239.jpg
10247,65.235,Mather Brown,Portrait of a Young Woman,1801,Oil on canvas,50 x 40 1/4 in. (127 x 102.2 cm),127.0,102.2,The American Wing,https://images.metmuseum.org/CRDImages/ad/original/ap65.235.jpg
10259,93.20,Dennis Miller Bunker,Eleanor Hardy Bunker,1890,Oil on canvas,24 x 20 7/8 in. (61 x 53 cm),61.0,53.0,The American Wing,https://images.metmuseum.org/CRDImages/ad/original/ap93.20.jpg
10371,49.126,John Carlin,After a Long Cruise,1857,Oil on canvas,20 x 30 in. (50.8 x 76.2 cm),50.8,76.2,The American Wing,https://images.metmuseum.org/CRDImages/ad/original/DP-28304-001.jpg
10372,68.222.17,John Carlin,The Allen Children,1847,Watercolor on ivory,4 1/16 x 3 3/8 in. (10.3 x 8.6 cm),10.3,8.6,The American Wing,https://images.metmuseum.org/CRDImages/ad/original/DP161476.jpg
10374,1979.188,John Carlin,The Thompson Children,1846,Watercolor on ivory,4 5/16 x 3 9/16 in. (11 x 9 cm),11.0,9.0,The American Wing,https://images.metmuseum.org/CRDImages/ad/original/DP222409.jpg
10421,1995.66,Charles Robert Leslie,The Last Throw,ca. 1840,Oil on canvas,"18 1/2 x 38in. (47 x 96.5cm)
Framed: 32 1/2 x 52 1/2 x 3 1/2 in. (82.6 x 133.4 cm)",47.0,96.5,The American Wing,https://images.metmuseum.org/CRDImages/ad/original/DT3850.jpg
10423,2006.457,Francis William Edmonds,Taking the Census,1854,Oil on canvas,28 x 38 in. (71.1 x 96.5 cm),71.1,96.5202,The American Wing,https://images.metmuseum.org/CRDImages/ad/original/DP146263.jpg
10426,38.146.13,George Catlin,Mrs. George Catlin (Clara Bartlet Gregory),ca. 1830,Watercolor on ivory,2  x 1 3/4 in.  (5.1 x 4.4 cm),5.4,4.4,The American Wing,https://images.metmuseum.org/CRDImages/ad/original/DP169289.jpg
10427,1985.141.1,George Catlin,Portrait of a Gentleman,1827,Watercolor on ivory,2 3/8 x 1 7/8 in. (6 x 4.8 cm),6.0,4.7625,The American Wing,https://images.metmuseum.org/CRDImages/ad/original/DP168883.jpg
10437,54.90.489,William P. Chappel,Adult Funeral Procession,1870s,Oil on slate paper,6 x 9 1/4 in. (15.2 x 23.5 cm),15.2,23.5,The American Wing,https://images.metmuseum.org/CRDImages/ad/original/DP-1427-019.jpg
10439,54.90.515,William P. Chappel,Baptism,1870s,Oil on slate paper,6 1/8 x 9 1/4 in. (15.6 x 23.5 cm),15.6,23.5,The American Wing,https://images.metmuseum.org/CRDImages/ad/original/DP-1427-001.jpg
10440,54.90.514,William P. Chappel,Bathing Party,1870s,Oil on slate paper,6 1/8 x 9 1/4 in. (15.6 x 23.5 cm),15.6,23.5,The American Wing,https://images.metmuseum.org/CRDImages/ad/original/DP-1427-003.jpg
10448,54.90.495,William P. Chappel,Fighting a Fire,1870s,Oil on slate paper,6 x 9 1/8 in. (15.2 x 23.2 cm),15.2,23.2,The American Wing,https://images.metmuseum.org/CRDImages/ad/original/DP-1427-031.jpg
10461,54.90.503,William P. Chappel,Tea Rusk and Brick House,1870s,Oil on slate paper,9 1/8 x 6 in. (23.2 x 15.2 cm),23.2,15.2,The American Wing,https://images.metmuseum.org/CRDImages/ad/original/DP-1427-041.jpg
10462,54.90.504,William P. Chappel,Tea water pump,1870s,Oil on slate paper,6 1/16 x 9 5/16 in. (15.4 x 23.7 cm),15.4,23.7,The American Wing,https://images.metmuseum.org/CRDImages/ad/original/DP-1427-043.jpg
10465,06.969,William Merritt Chase,Carmencita,1890,Oil on canvas,69 7/8 x 40 7/8 in. ( 177.5 x 103.8 cm),177.5,103.8,The American Wing,https://images.metmuseum.org/CRDImages/ad/original/DT226889.jpg
10466,1973.342,William Merritt Chase,Edward Guthrie Kennedy,ca. 1895,Oil on canvas,22 x 17 7/8 in. (55.9 x 45.4 cm),55.9,45.4,The American Wing,https://images.metmuseum.org/CRDImages/ad/original/DP137144.jpg
10469,18.22.2,William Merritt Chase,James Abbott McNeill Whistler,1885,Oil on canvas,74 1/8 x 36 1/4 in. (188.3 x 92.1 cm),188.3,92.1,The American Wing,https://images.metmuseum.org/CRDImages/ad/original/DT12058.jpg
10470,91.11,William Merritt Chase,Lady in Black,1888,Oil on canvas,74 1/4 x 36 5/16 in. (188.6 x 92.2 cm),188.6,92.2,The American Wing,https://images.metmuseum.org/CRDImages/ad/original/ap91.11.jpg
10472,55.118,William Merritt Chase,Bessie Potter,ca. 1895,Oil on canvas,32 x 25 5/8 in. (81.3 x 65.1 cm),81.3,65.1,The American Wing,https://images.metmuseum.org/CRDImages/ad/original/ap55.118.jpg
10474,37.20.1,William Merritt Chase,Roland,ca. 1902,Oil on canvas,20 3/8 x 16 1/4 in. (51.8 x 41.3 cm),51.8,41.3,The American Wing,https://images.metmuseum.org/CRDImages/ad/original/ap37.20.1.jpg
10478,41.160.405,George Chinnery,Houqua,ca. 1843,Oil on canvas,25 x 18 5/8 in. (63.5 x 46.3 cm),63.5,47.3,The American Wing,https://images.metmuseum.org/CRDImages/ad/original/DT220319.jpg
10484,38.146.3,Alvan Clark,Portrait of a Lady,ca. 1835,Watercolor on ivory,Sight: 3 7/16 x 2 9/16 in. (8.7 x 6.5 cm),8.7313,6.5088,The American Wing,https://images.metmuseum.org/CRDImages/ad/original/DP161467.jpg
10503,65.19,Alfred Q. Collins,Alexander Stewart Wetherill,ca. 1890–1900,Oil on canvas,59 3/4 x 37 3/4 in. (151.8 x 95.9 cm),151.8,95.9,The American Wing,https://images.metmuseum.org/CRDImages/ad/original/ap65.19.jpg
10516,31.29.1,Nelson Cook,James Merrill Cook,1840,Oil on canvas,48 1/8 x 24 1/2 in. (122.2 x 62.2 cm),122.2,62.2,The American Wing,https://images.metmuseum.org/CRDImages/ad/original/ap31.29.1.jpg
10517,31.29.2,Nelson Cook,Mrs. James Merrill Cook,1840,Oil on canvas,48 1/8 x 24 1/2 in. (122.2 x 62.2 cm),122.2,62.2,The American Wing,https://images.metmuseum.org/CRDImages/ad/original/ap31.29.2.jpg
10522,49.12,John Singleton Copley,Daniel Crommelin Verplanck,1771,Oil on canvas,49 1/2 x 40 in. (125.7 x 101.6 cm),125.7,101.6,The American Wing,https://images.metmuseum.org/CRDImages/ad/original/DT58.jpg
10524,49.13,John Singleton Copley,Gulian Verplanck,1771,Oil on canvas,"36 x 28 in. (91.4 x 71.1 cm)
Framed: 43 1/2 x 35 3/16 x 2 5/8 in. (110.5 x 89.3 x 6.7 cm)",91.4,71.1,The American Wing,https://images.metmuseum.org/CRDImages/ad/original/DT2032.jpg
10525,39.174,John Singleton Copley,Jeremiah Lee,ca. 1769,Watercolor on ivory,1 1/2 x 1 1/4 in. (3.8 x 3.2 cm),3.8,3.2,The American Wing,https://images.metmuseum.org/CRDImages/ad/original/DP221516.jpg
10526,23.143,John Singleton Copley,Joseph Sherburne,ca. 1767–70,Oil on canvas,50 x 40 in. (127 x 101.6 cm),127.0,101.6,The American Wing,https://images.metmuseum.org/CRDImages/ad/original/DT214418.jpg
10527,43.86.4,John Singleton Copley,Midshipman Augustus Brine,1782,Oil on canvas,50 x 40 in. (127 x 101.6 cm),127.0,101.6,The American Wing,https://images.metmuseum.org/CRDImages/ad/original/DT11882.jpg
10530,15.128,John Singleton Copley,Mrs. Jerathmael Bowers,ca. 1763,Oil on canvas,49 7/8 x 39 3/4 in. (126.7 x 101 cm),126.7,101.0,The American Wing,https://images.metmuseum.org/CRDImages/ad/original/DT2033.jpg
10531,31.109,John Singleton Copley,Mrs. John Winthrop,1773,Oil on canvas,35 1/2 x 28 3/4 in. (90.2 x 73 cm),90.2,73.0,The American Wing,https://images.metmuseum.org/CRDImages/ad/original/DT2031.jpg
10533,24.79,John Singleton Copley,Mrs. Sylvanus Bourne,1766,Oil on canvas,50 1/4 x 40 in. (127.6 x 101.6 cm),127.6,101.6,The American Wing,https://images.metmuseum.org/CRDImages/ad/original/ap24.79.jpg
10534,59.198,John Singleton Copley,The Return of Neptune,ca. 1754,Oil on canvas,27 1/2 x 44 1/2 in. (69.9 x 113 cm),69.9,113.0,The American Wing,https://images.metmuseum.org/CRDImages/ad/original/DT201337.jpg
10535,2014.440,John Singleton Copley,Richard Dana,ca. 1770,Oil on canvas,40 x 50 in. (101.6 x 127 cm),101.6,127.0003,The American Wing,https://images.metmuseum.org/CRDImages/ad/original/DP701340.jpg
10537,39.173,John Singleton Copley,Samuel Verplanck,1771,Oil on canvas,"30 x 25 in. (76.2 x 63.5 cm)
Framed: 39 3/16 x 34 1/2 x 2 3/4 in. (99.5 x 87.7 x 7 cm)",76.2,63.5,The American Wing,https://images.metmuseum.org/CRDImages/ad/original/DT207885.jpg
10554,42.71.1,John Singleton Copley,Watson and the Shark,ca. 1778,Oil on canvas,24 7/8 x 30 1/8 in. (63.2 x 76.5 cm),63.2,76.5,The American Wing,https://images.metmuseum.org/CRDImages/ad/original/DP140862.jpg
10557,08.130,Kenyon Cox,Augustus Saint-Gaudens,"1887, replica 1908",Oil on canvas,33 1/2 x 47 1/8 in. (85.1 x 119.7 cm),85.1,119.7,The American Wing,https://images.metmuseum.org/CRDImages/ad/original/DT2583.jpg
10590,1974.263,Johan Mengels Culverhouse,Skating on the Wissahickon,1875,Oil on canvas,24 x 37 1/2 in. (61 x 95.3 cm),61.0,95.3,The American Wing,https://images.metmuseum.org/CRDImages/ad/original/ap1974.263.jpg
10592,27.134,Thomas Seir Cummings,The Bracelet,1835,Watercolor on ivory,6 13/16 x 5 3/8 in. (17.3 x 13.7 cm),17.3,13.7,The American Wing,https://images.metmuseum.org/CRDImages/ad/original/DP218198.jpg
10598,43.39,Thomas Seir Cummings,Portrait of a Gentleman,ca. 1835,Watercolor on ivory,2 9/16 x 2 in. (6.5 x 5.1 cm),6.5,5.1,The American Wing,https://images.metmuseum.org/CRDImages/ad/original/DP223047.jpg
10600,28.148.1,Thomas Seir Cummings,A Mother's Pearls,1841,Watercolor on ivory,"17 1/2 in. (44.5 cm)
28.148.1: 1 3/16 x 1 in. (3 x 2.6 cm)
28.148.2: 1 3/8 x 1 3/16 in. (3.5 x 3 cm)
28.148.3: 1 9/16 x 1 3/8 in. (4 x 3.5 cm)
28.148.4: 1 3/4 x 1 9/16 in. (4.5 x 4 cm)
28.148.5: 1 x 7/8 in. (2.5 x 2.2 cm)
28.148.6: 1 3/4 x 1 9/16 in. (4.5 x 4 cm)
28.148.7: 1 9/16 x 1 3/8 in. (4 x 3.5 cm)
28.148.8: 1 3/8 x 1 3/16 in. (3.5 x 3 cm)
28.148.9: 1 3/16 x 1 1/8 in. (3 x 2.8 cm)",3.0,2.8,The American Wing,https://images.metmuseum.org/CRDImages/ad/original/DP168869.jpg
10605,50.153,George Hewitt Cushman,Rebecca Wetherill,ca. 1849,Watercolor on ivory,"Ivory: 5 1/4 x 5 1/4 in. (13.3 x 13.3 cm)
Sight: 4 1/4 x 3 1/4 in. (10.8 x 8.3 cm)",13.335,13.335,The American Wing,https://images.metmuseum.org/CRDImages/ad/original/DP162112.jpg
10612,90.24,William P. W. Dana,Heart's Ease,1863,Oil on canvas,37 1/2 x 47 3/4 in. (95.3 x 121.3 cm),95.3,121.3,The American Wing,https://images.metmuseum.org/CRDImages/ad/original/ap90.24.jpg
10751,38.41,Anson Dickinson,Edward Livingston,ca. 1827,Watercolor on ivory,4 1/8 x 3 1/4 in. (10.5 x 8.3 cm),10.5,8.3,The American Wing,https://images.metmuseum.org/CRDImages/ad/original/DP110365.jpg
10753,36.73,Joseph Wood,John Payne Todd,ca. 1817,Watercolor on ivory,2 5/8 x 2 1/16 in. (6.7 x 5.26 cm),6.7,5.1,The American Wing,https://images.metmuseum.org/CRDImages/ad/original/DP218809.jpg
10760,1988.280,John Wood Dodge,Kate Roselie Dodge,1854,Watercolor on ivory,Sight: 3 x 2 1/2 in. (7.6 x 6.4 cm),7.62,6.35,The American Wing,https://images.metmuseum.org/CRDImages/ad/original/DT5980.jpg
10774,95.2.4,Savinien Edme Dubourjal,Henry Clay,ca. 1845,Watercolor on ivory,Sight: 3 5/16 x 2 9/16 in. (8.4 x 6.5 cm),8.4138,6.5088,The American Wing,https://images.metmuseum.org/CRDImages/ad/original/DP161479.jpg
10776,95.2.3,Savinien Edme Dubourjal,Anne Charlotte Lynch (Later Mrs. Vincenzo Botta),ca. 1847,Watercolor and lead-white gouache on smooth-surfaced off-white wove paper,7 1/4 x 5 1/4 in. (18.4 x 13.3 cm),18.415,13.3,The American Wing,https://images.metmuseum.org/CRDImages/ad/original/DT287621.jpg
10782,68.222.30,Joseph Dunkerley,William Gale,1776,Watercolor on ivory,Sight: 1 3/8 x 1 1/8 in. (3.5 x 2.9 cm),3.4925,2.8575,The American Wing,https://images.metmuseum.org/CRDImages/ad/original/DP216796.jpg
10783,13.217.1,William Dunlap,John Adams Conant,1829,Oil on wood,30 1/8 x 25 in. (76.5 x 63.5 cm),76.5,63.5,The American Wing,https://images.metmuseum.org/CRDImages/ad/original/ap13.217.1.jpg
10784,13.217.2,William Dunlap,Mrs. John Adams Conant,1829,Oil on wood,30 1/8 x 25 in. (76.8 x 63.5 cm),76.5,63.5,The American Wing,https://images.metmuseum.org/CRDImages/ad/original/ap13.217.2.jpg
10794,63.36,Asher Brown Durand,Luman Reed,1835,Oil on canvas,30 1/8 x 25 3/8 in. (76.5 x 64.5 cm),76.5,64.5,The American Wing,https://images.metmuseum.org/CRDImages/ad/original/ap63.36.jpg
10795,65.69,Asher Brown Durand,Mrs. Winfield Scott,1831,Oil on canvas,34 x 27 in. (96.4 x 68.6 cm),86.4,68.6,The American Wing,https://images.metmuseum.org/CRDImages/ad/original/APS338.jpg
10800,69.279.2,John Durand,Boy of the Crossfield Family (Possibly Richard Crossfield),ca. 1766–68,Oil on canvas,50 1/4 x 34 1/2 in. (127.6 x 87.6 cm),127.6,87.6,The American Wing,https://images.metmuseum.org/CRDImages/ad/original/ap69.279.2.jpg
10801,62.256.6,John Durand,Susannah or Mary Bontecou,ca. 1768–70,Oil on canvas,35 1/2 x 27 5/8 in. (90.2 x 70.2 cm),90.2,70.2,The American Wing,https://images.metmuseum.org/CRDImages/ad/original/DT226608.jpg
10806,66.19,Frank Duveneck,Lady with Fan,1873,Oil on canvas,42 3/4 x 32 1/4 in. (108.6 x 81.9 cm),108.6,81.9,The American Wing,https://images.metmuseum.org/CRDImages/ad/original/DP-2886-001.jpg
10808,1970.283.5,Gerrit Duyckinck,Mrs. Augustus Jay,ca. 1700,Oil on wood,31 3/4 x 22 1/2 in. (80.6 x 57.1 cm),80.6,57.2,The American Wing,https://images.metmuseum.org/CRDImages/ad/original/ap1970.283.5.jpg
10809,1972.263.1,Gerrit Duyckinck,Portrait of a Lady,ca. 1710,Oil on wood,41 1/4 x 32 3/4 in. (104.8 x 83.2 cm),104.8,83.2,The American Wing,https://images.metmuseum.org/CRDImages/ad/original/ap1972.263.1.jpg
10811,23.139,Thomas Eakins,The Artist's Wife and His Setter Dog,ca. 1884–89,Oil on canvas,30 x 23 in. (76.2 x 58.4 cm),76.2,58.4,The American Wing,https://images.metmuseum.org/CRDImages/ad/original/DT2037.jpg
10812,1979.135.2,Thomas Eakins,Carmelita Requena,1869,Oil on canvas,21 x 17 in. (53.3 x 43.2 cm),53.3,43.2,The American Wing,https://images.metmuseum.org/CRDImages/ad/original/DT9827.jpg
10813,81.14,Thomas Eakins,The Chess Players,1876,Oil on wood,11 3/4 x 16 3/4 in. (29.8 x 42.6 cm),29.8,42.5,The American Wing,https://images.metmuseum.org/CRDImages/ad/original/DP-18074-001.jpg
10817,67.187.206,Thomas Eakins,James MacAlister (Sketch),ca. 1895,Oil on canvas,14 1/4 x 10 1/4 in. (36.8 x 26 cm),36.2,26.0,The American Wing,https://images.metmuseum.org/CRDImages/ad/original/ap67.187.206.jpg
10819,34.92,Thomas Eakins,The Champion Single Sculls (Max Schmitt in a Single Scull),1871,Oil on canvas,32 1/4 x 46 1/4 in. (81.9 x 117.5 cm),81.9,117.5,The American Wing,https://images.metmuseum.org/CRDImages/ad/original/DT86.jpg
10820,65.83,Thomas Eakins,Mrs. Mary Arthur,1900,Oil on canvas,24 x 20 in. (61 x 50.8 cm),61.0,50.8,The American Wing,https://images.metmuseum.org/CRDImages/ad/original/APS353.jpg
10825,27.220,Thomas Eakins,Signora Gomez d'Arza,1901–2,Oil on canvas,30 x 24 in. (76.2 x 61 cm),76.2,61.0,The American Wing,https://images.metmuseum.org/CRDImages/ad/original/DT2729.jpg
10827,17.172,Thomas Eakins,The Thinker: Portrait of Louis N. Kenton,1900,Oil on canvas,82 x 42 in. (208.3 x 106.7 cm),208.3,106.7,The American Wing,https://images.metmuseum.org/CRDImages/ad/original/DT102.jpg
10828,17.173,Thomas Eakins,The Writing Master,1882,Oil on canvas,30 x 34 1/4 in. (76.2 x 87 cm),76.2,87.0,The American Wing,https://images.metmuseum.org/CRDImages/ad/original/DT2038.jpg
10829,25.97.2,Thomas Eakins,Young Girl Meditating,1877,Watercolor and gouache on off-white wove paper,9 9/16 x 6 1/8 in. (24.3 x 15.6 cm),24.3,15.5575,The American Wing,https://images.metmuseum.org/CRDImages/ad/original/DP-1172-001.jpg
10830,1979.395,Ralph Earl,Elijah Boardman,1789,Oil on canvas,83 x 51 in. (210.8 x 129.5 cm),210.8,129.5,The American Wing,https://images.metmuseum.org/CRDImages/ad/original/DT60.jpg
10832,06.179,Ralph Earl,Lady Williams and Child,1783,Oil on canvas,50 1/4 x 39 3/4 in. (127.3 x 101 cm),127.6,101.0,The American Wing,https://images.metmuseum.org/CRDImages/ad/original/ap06.179.jpg
10833,17.87.1,Ralph Earl,Marinus Willett,ca. 1791,Oil on canvas,91 1/4 x 56 in.  (231.8 x 142.2 cm),231.8,142.2,The American Wing,https://images.metmuseum.org/CRDImages/ad/original/DT2936.jpg
10834,15.30.35,Ralph Earl,Master Rees Goring Thomas,ca. 1783–84,Oil on canvas,66 x 47 5/8 in. (167.6 x 121 cm),167.6,121.0,The American Wing,https://images.metmuseum.org/CRDImages/ad/original/DP101530.jpg
10835,64.309.1,Ralph Earl,Mrs. Noah Smith and Her Children,1798,Oil on canvas,64 x 85 3/4 in. (162.6 x 217.8 cm),162.6,217.8,The American Wing,https://images.metmuseum.org/CRDImages/ad/original/DT214720.jpg
10837,66.242.21,Oliver Tarbell Eddy,The Alling Children,ca. 1839,Oil on canvas,47 1/8 x 62 7/8 in. (119.7 x 159.7 cm),119.7,159.7,The American Wing,https://images.metmuseum.org/CRDImages/ad/original/DT5508.jpg
10843,1975.27.1,Francis William Edmonds,The New Bonnet,1858,Oil on canvas,25 x 30 1/8 in. (63.5 x 76.5 cm),63.5,76.5,The American Wing,https://images.metmuseum.org/CRDImages/ad/original/DT77.jpg
10845,59.163,Jacob Eichholtz,Samuel Humes,ca. 1825,Oil on canvas,29 x 24 1/8 in. (73.7 x 61.3 cm),73.7,61.3,The American Wing,https://images.metmuseum.org/CRDImages/ad/original/APS388.jpg
10848,65.139,Charles Loring Elliott,Andrew Varick Stout,1859,Oil on canvas,44 x 37 5/8 in. (111.8 x 95.6 cm),111.8,95.6,The American Wing,https://images.metmuseum.org/CRDImages/ad/original/APS6423.jpg
10850,96.24,Charles Loring Elliott,Mathew B. Brady,1857,Oil on canvas,24 x 20 in. (61 x 50.8 cm),61.0,50.8,The American Wing,https://images.metmuseum.org/CRDImages/ad/original/DT214417.jpg
10852,87.19,Charles Loring Elliott,Portrait of the Artist,ca. 1850,Oil on canvas,30 1/8 x 24 1/2 in. (76.5 x 62.2 cm),76.5,62.2,The American Wing,https://images.metmuseum.org/CRDImages/ad/original/ap87.19.jpg
10859,74.43,Joseph Fagnani,Calliope,1869,Oil on canvas,43 1/2 x 33 1/2 in. (110.5 x 83.8 cm),110.5,85.1,The American Wing,https://images.metmuseum.org/CRDImages/ad/original/ap74.43.jpg
10864,74.45,Joseph Fagnani,Polyhymnia,1869,Oil on canvas,43 1/2 x 33 1/2 in. (110.5 x 83.8 cm),110.5,85.1,The American Wing,https://images.metmuseum.org/CRDImages/ad/original/ap74.45.jpg
10874,34.153,Robert Feke,Tench Francis,1746,Oil on canvas,49 x 39 in. (124.5 x 99.1 cm),124.5,99.1,The American Wing,https://images.metmuseum.org/CRDImages/ad/original/ap34.153.jpg
10878,66.242.24,Erastus Salisbury Field,The Death of the First Born,1865–80,Oil on canvas,35 x 46 in. (88.9 x 116.8 cm),88.9,116.8,The American Wing,https://images.metmuseum.org/CRDImages/ad/original/APS1945.jpg
10879,66.242.25,Erastus Salisbury Field,Egyptian Scene (possibly Moses and Zipporah),1865–80,Oil on canvas,35 x 46 in. (88.9 x 116.8 cm),88.9,116.8,The American Wing,https://images.metmuseum.org/CRDImages/ad/original/ap66.242.25.jpg
10880,63.201.4,Erastus Salisbury Field,Girl of the Bangs-Phelps Family,ca. 1848,Oil on canvas,"58 3/4 × 30 1/4 in. (149.2 × 76.8 cm)
Framed: 63 1/2 in. × 35 5/8 in. × 3 in. (161.3 × 90.5 × 7.6 cm)",149.2,76.8,The American Wing,https://images.metmuseum.org/CRDImages/ad/original/DT5510.jpg
10881,31.51,Robert Field,Sharp Delany,1799,Watercolor on ivory,2 7/8 x 2 5/16 in. (7.3 x 5.9 cm),7.3,5.9,The American Wing,https://images.metmuseum.org/CRDImages/ad/original/DP364322.jpg
10882,24.109.90,Robert Field,George Washington,ca. 1800,Watercolor on ivory,3 1/8 x 2 7/16 in. (7.9 x 6.2 cm),7.9,6.1913,The American Wing,https://images.metmuseum.org/CRDImages/ad/original/DP161458.jpg
10884,24.109.91,Robert Field,Robert Gilmor Sr.,1804,Watercolor on ivory,3 1/2 x 2 3/4 in. (8.9 x 7 cm),8.9,6.985,The American Wing,https://images.metmuseum.org/CRDImages/ad/original/DP162107.jpg
10885,39.141,Robert Field,Robert Stuart,1804,Watercolor on ivory,2 7/8 x 2 5/16 in. (7.3 x 5.9 cm),7.3,5.9,The American Wing,https://images.metmuseum.org/CRDImages/ad/original/DP161468.jpg
10900,38.165.33,Charles Fraser,Dr. Francis Kinloch Huger,1825,Watercolor on ivory,4 3/4 x 3 7/8 in. (12.1 x 9.8 cm); 10 oz. 16 dwt. (336 g),12.1,9.8,The American Wing,https://images.metmuseum.org/CRDImages/ad/original/DP136077.jpg
10919,17.160,James Frothingham,Christopher Colles,ca. 1812–16,Oil on canvas,30 3/8 x 25 1/2 in. (77.2 x 64.8 cm),77.2,64.8,The American Wing,https://images.metmuseum.org/CRDImages/ad/original/ap17.160.jpg
10925,10.64.3,George Fuller,The Quadroon,1880,Oil on canvas,50 1/2 x 40 1/2 in. (128.3 x 102.9 cm),128.3,102.9,The American Wing,https://images.metmuseum.org/CRDImages/ad/original/DP229726.jpg
10927,24.19.2,Robert Fulton,Mrs. Stephen Van Rensselaer III (Cornelia Paterson),ca. 1810,Watercolor on ivory,Sight: 3 1/8 x 2 1/2 in. (7.9 x 6.4 cm),7.9375,6.35,The American Wing,https://images.metmuseum.org/CRDImages/ad/original/DP216789.jpg
10929,14.135,Robert Fulton,Mrs. Manigault Heyward (Susan Hayne Simmons),ca. 1813,Watercolor on ivory,3 21/32 x 2 13/16 in. (9.3 x 7.1 cm),9.3,7.1,The American Wing,https://images.metmuseum.org/CRDImages/ad/original/DP162105.jpg
10956,95.14.123,Sarah Goodridge,Gilbert Stuart,ca. 1825,Watercolor on ivory,3 21/32 x 2 3/4 in. (9.3 x 7 cm),9.3,7.0,The American Wing,https://images.metmuseum.org/CRDImages/ad/original/DP162116.jpg
10966,02.7.2,Henry Peters Gray,The Greek Lovers,1846,Oil on canvas,40 1/4 x 51 1/2 in. (102.2 x 130.8 cm),102.2,130.8,The American Wing,https://images.metmuseum.org/CRDImages/ad/original/ap02.7.2.jpg
10967,49.166,Henry Peters Gray,The Pride of the Village,1858–59,Oil on canvas,30 1/4 x 25 1/4 in. (76.8 x 64.1 cm),76.8,64.1,The American Wing,https://images.metmuseum.org/CRDImages/ad/original/ap49.166.jpg
10968,73.5,Henry Peters Gray,The Wages of War,1848,Oil on canvas,48 1/4 x 76 1/4 in. (122.6 x 193.7 cm),122.5552,193.7,The American Wing,https://images.metmuseum.org/CRDImages/ad/original/ap73.5.jpg
10981,67.263,,Mrs. William Gordon Ver Planck and Her Son Samuel Hopkins Ver Planck,ca. 1828,Watercolor on ivory,Sight: 5 x 4 in. (12.7 x 10.2 cm),12.7,10.16,The American Wing,https://images.metmuseum.org/CRDImages/ad/original/DP162115.jpg
10986,24.109.95,Nathaniel Hancock,Portrait of a Gentleman,ca. 1785,Watercolor on ivory,1 3/8 x 7/8 in. (3.5 x 2.2 cm),3.5,2.2,The American Wing,https://images.metmuseum.org/CRDImages/ad/original/DP161460.jpg
10990,20.75,Chester (Charles) Harding,Mrs. Thomas Brewster Coolidge,ca. 1827,Oil on canvas,36 1/4 x 28 in. (92.1 x 71.1 cm),92.1,71.1,The American Wing,https://images.metmuseum.org/CRDImages/ad/original/ap20.75.jpg
11040,63.201.1,Rufus Hathaway,Molly Wales Fobes,1790,Oil on canvas,34 1/4 x 32 in. (86.6 x 81.3 cm),87.0,81.3,The American Wing,https://images.metmuseum.org/CRDImages/ad/original/DT2049.jpg
11054,61.70,George P. A. Healy,Alexander Van Rensselaer,1837,Oil on canvas,36 1/4 x 28 3/8 in. (91.7 x 71.5 cm),92.1,72.1,The American Wing,https://images.metmuseum.org/CRDImages/ad/original/ap61.70.jpg
11055,23.102,George P. A. Healy,Euphemia White Van Rensselaer,1842,Oil on canvas,45 3/4 x 35 1/4 in. (115.1 x 89.2 cm),116.2,89.5,The American Wing,https://images.metmuseum.org/CRDImages/ad/original/DT2051.jpg
11057,39.37,George P. A. Healy,Moses Pond,1832,Oil on canvas,30 x 25 in. (76.2 x 63.5 cm),76.2,63.5,The American Wing,https://images.metmuseum.org/CRDImages/ad/original/ap39.37.jpg
11058,91.27.2,George P. A. Healy,Portrait of the Artist,1851,Oil on canvas,24 1/2 x 20 1/2 in. (62.2 x 52.1 cm),62.2,52.1,The American Wing,https://images.metmuseum.org/CRDImages/ad/original/ap91.27.2.jpg
11079,22.206,John Hesselius,Mrs. Richard Galloway,1764,Oil on canvas,36 3/4 x 30 in. (93.3 x 76.2 cm),93.3,76.2,The American Wing,https://images.metmuseum.org/CRDImages/ad/original/DP239226.jpg
11081,1970.283.1,Edward Hicks,Peaceable Kingdom,ca. 1830–32,Oil on canvas,17 7/8 x 23 7/8 in. (45.4 x 60.6 cm),45.4,60.6,The American Wing,https://images.metmuseum.org/CRDImages/ad/original/DT4930.jpg
11082,17.67,Thomas Hicks,Mrs. Thomas Hicks,ca. 1884,Oil on canvas,46 x 29 in. (116.8 x 73.7 cm),116.8,73.7,The American Wing,https://images.metmuseum.org/CRDImages/ad/original/ap17.67.jpg
11103,43.52,Thomas Hewes Hinckley,The Rabbit Hunters,1850,Oil on canvas,40 x 54 1/4 in. (101.6 x 137.8 cm),101.6,137.8,The American Wing,https://images.metmuseum.org/CRDImages/ad/original/ap43.52.jpg
11116,22.220,Winslow Homer,Dressing for the Carnival,1877,Oil on canvas,"20 x 30in. (50.8 x 76.2cm)
Framed: 31 9/16 × 41 1/2 × 5 7/8 in. (80.1 × 105.4 × 14.9 cm)",50.8,76.2,The American Wing,https://images.metmuseum.org/CRDImages/ad/original/DP-21443-001.jpg
11117,23.77.2,Winslow Homer,"Eagle Head, Manchester, Massachusetts (High Tide)",1870,Oil on canvas,"26 x 38 in. (66 x 96.5 cm)
Framed: 38 3/8 x 50 1/4 x 5 1/4 in. (97.5 x 127.6 x 13.3 cm)",66.0,96.5,The American Wing,https://images.metmuseum.org/CRDImages/ad/original/DP-21445-001.jpg
11122,06.1234,Winslow Homer,The Gulf Stream,1899; reworked by 1906,Oil on canvas,"28 1/8 x 49 1/8 in. (71.4 x 124.8 cm)
Framed: 42 5/16 x 62 11/16 x 5 7/8 in. (107.5 x 159.3 x 15 cm)",71.4,124.8,The American Wing,https://images.metmuseum.org/CRDImages/ad/original/DP-20821-001.jpg
11133,22.207,Winslow Homer,Prisoners from the Front,1866,Oil on canvas,"24 x 38in. (61 x 96.5cm)
Framed: 36 1/2 × 50 5/8 × 4 1/2 in. (92.7 × 128.6 × 11.4 cm)",61.0,96.5,The American Wing,https://images.metmuseum.org/CRDImages/ad/original/DT83.jpg
11134,23.77.1,Winslow Homer,Rainy Day in Camp,1871,Oil on canvas,20 x 36 in. (50.8 x 91.4 cm),50.8,91.4,The American Wing,https://images.metmuseum.org/CRDImages/ad/original/DT2053.jpg
11137,11.57,Winslow Homer,"Shooting the Rapids, Saguenay River",1905–10,Oil on canvas with chalk,"30 x 48 1/4 in. (76.2 x 122.6 cm)
Framed: 39 7/8 x 58 x 3 1/2 in. (101.3 x 147.3 x 8.9 cm)",76.2,122.6,The American Wing,https://images.metmuseum.org/CRDImages/ad/original/ap11.57.jpg
11140,50.41,Winslow Homer,Snap the Whip,1872,Oil on canvas,"12 x 20 in. (30.5 x 50.8 cm)
Framed: 24 x 32 x 5 in. (61 x 81.3 x 12.7 cm)",30.5,50.8,The American Wing,https://images.metmuseum.org/CRDImages/ad/original/DP-20820-001.jpg
11141,39.14,Winslow Homer,The Studio,1867,Oil on canvas,18 x 15 in. (45.7 x 38.1 cm),45.7,38.1,The American Wing,https://images.metmuseum.org/CRDImages/ad/original/DP118427.jpg
11159,95.5,Thomas Hovenden,Jerusalem the Golden,1892–94,Oil on canvas,30 x 40 in. (76.2 x 101.6 cm),76.2,101.6,The American Wing,https://images.metmuseum.org/CRDImages/ad/original/ap95.5.jpg
11160,97.5,Thomas Hovenden,The Last Moments of John Brown,1882–84,Oil on canvas,77 3/8 x 66 1/4 in. (196.5 x 168.3 cm),196.5,168.3,The American Wing,https://images.metmuseum.org/CRDImages/ad/original/ap97.5.jpg
11166,69.187,Parmenas Howell,Rudolphus Bogert,ca. 1806,Watercolor on ivory,2 1/2 x 2 in. (6.4 x 5.1 cm),6.4,5.1,The American Wing,https://images.metmuseum.org/CRDImages/ad/original/DP216797.jpg
11168,56.207,William James Hubard,Charles Carroll of Carrollton,ca. 1830,Oil on wood,18 3/4 x 14 1/2 in. (47.6 x 36.8 cm),47.6,36.8,The American Wing,https://images.metmuseum.org/CRDImages/ad/original/APS473.jpg
11175,25.182,William Morris Hunt,Charles Sumner,1875,Oil on canvas,22 x 27 in. (55.9 x 68.6 cm),55.9,68.6,The American Wing,https://images.metmuseum.org/CRDImages/ad/original/ap25.182.jpg
11176,11.34.1,William Morris Hunt,"Fortune: A Study for ""The Discoverer""",1878,Oil on paper,37 x 25 1/2 in. (94 x 64.1 cm),94.0,64.8,The American Wing,https://images.metmuseum.org/CRDImages/ad/original/DP-32707-001.jpg
11179,08.136.1,William Morris Hunt,Italian Boy,1866 (?),Oil on canvas,16 1/4 x 8 5/8 in. (36.2 x 21.9 cm),41.3,21.9,The American Wing,https://images.metmuseum.org/CRDImages/ad/original/ap08.136.1.jpg
11180,08.136.2,William Morris Hunt,Italian Girl,1867,Oil on canvas,16 1/4 x 8 3/8 in. (41.3 x 21.3 cm),41.3,21.3,The American Wing,https://images.metmuseum.org/CRDImages/ad/original/ap08.136.2.jpg
11187,43.55.2,Daniel Huntington,Anna Watson Stuart,ca. 1862,Oil on canvas,50 x 40 in. (127 x 101.6 cm),127.0,101.6,The American Wing,https://images.metmuseum.org/CRDImages/ad/original/DP169501.jpg
11191,64.95,Daniel Huntington,Mary Inman,1844,Oil on canvas,30 x 25 in. (76.2 x 63.5 cm),76.2,63.5,The American Wing,https://images.metmuseum.org/CRDImages/ad/original/GRR Hunt. Ptg. 64.95.jpg
11192,97.35,Daniel Huntington,Mercy's Dream,1858,Oil on canvas,84 x 66 1/4 in. (213.4 x 168.3 cm),213.4,168.3,The American Wing,https://images.metmuseum.org/CRDImages/ad/original/ap97.35.jpg
11199,25.110.42,Daniel Huntington,Study in a Wood,1861,Oil on canvas,11 7/8 x 10 in. (30.2 x 25.4 cm),30.2,25.4,The American Wing,https://images.metmuseum.org/CRDImages/ad/original/ap25.110.42.jpg
11205,50.220.1,Charles Cromwell Ingham,Little Girl with Flowers (Amelia Palmer),ca. 1830,Oil on canvas,67 7/8 x 53 1/4 in. (172.4 x 135.3 cm),172.4,135.3,The American Wing,https://images.metmuseum.org/CRDImages/ad/original/ap50.220.1.jpg
11206,37.161,Charles Cromwell Ingham,Benjamin Moore McVickar,ca. 1825,Watercolor on ivory,3 3/16 x 3 3/16 in. (8.1 x 8.1 cm),8.1,8.0963,The American Wing,https://images.metmuseum.org/CRDImages/ad/original/DP155872.jpg
11207,02.7.1,Charles Cromwell Ingham,The Flower Girl,1846,Oil on canvas,36 x 28 3/8 in. (91.4 x 72.1 cm),91.4,72.0726,The American Wing,https://images.metmuseum.org/CRDImages/ad/original/DT2784.jpg
11208,22.45.2,Charles Cromwell Ingham,Mrs. David Cadwallader Colden,1830,Oil on canvas,28 3/4 x 23 3/4 in. (73 x 60.3 cm),73.0,60.3,The American Wing,https://images.metmuseum.org/CRDImages/ad/original/ap22.45.2.jpg
11212,22.45.3,Henry Inman,A Gentleman of the Wilkes Family,ca. 1838–40,Oil on canvas,12 x 10 in. (30.5 x 25.4 cm),30.5,25.4,The American Wing,https://images.metmuseum.org/CRDImages/ad/original/ap22.45.3.jpg
11213,44.68.1,Henry Inman,"James Bogert, Jr.",ca. 1835,Watercolor on ivory,2 15/16 x 2 1/2 in. (4.9 x 6.4 cm),7.5,6.4,The American Wing,https://images.metmuseum.org/CRDImages/ad/original/DP161470.jpg
11214,1985.141.3,,Portrait of a Lady,ca. 1835,Watercolor on ivory,2 25/32 x 2 3/16 in. (7.1 x 5.6 cm),7.0644,5.5563,The American Wing,https://images.metmuseum.org/CRDImages/ad/original/DP216799.jpg
11215,93.19.2,Henry Inman,Martin Van Buren,ca. 1837–38,Oil on canvas,30 3/4 x 25 1/2 in. (78.1 x 64.8 cm),78.1,64.8,The American Wing,https://images.metmuseum.org/CRDImages/ad/original/ap93.19.2.jpg
11223,06.195,Henry Inman,William Charles Macready as William Tell,1826–27,Oil on canvas,30 1/4 x 25 in. (76.8 x 63.5 cm),76.8,63.5,The American Wing,https://images.metmuseum.org/CRDImages/ad/original/ap06.195.jpg
11224,95.17.3,Henry Inman,The Young Fisherman,ca. 1829,Oil on wood,13 1/4 x 9 5/8 in. (33.7 x 24.4 cm),33.7,24.4,The American Wing,https://images.metmuseum.org/CRDImages/ad/original/ap95.17.3.jpg
11239,13.21.8,Charles Wesley Jarvis,Mrs. Adrian Baucker Holmes,ca. 1850,Oil on canvas,30 x 25 in. (76.2 x 63.5 cm),76.2,63.5,The American Wing,https://images.metmuseum.org/CRDImages/ad/original/APS869.jpg
11240,81.16,John Wesley Jarvis,Alexander Anderson,1815,Oil on canvas,34 x 27 in. (86.4 x 68.6 cm),86.4,68.6,The American Wing,https://images.metmuseum.org/CRDImages/ad/original/ap81.16.jpg
11241,75.8,John Wesley Jarvis,Augustus Washington Clason,ca. 1820,Oil on canvas,29 15/16 x 25 in. (76 x 63.5 cm),76.0,63.5001,The American Wing,https://images.metmuseum.org/CRDImages/ad/original/ap75.8.jpg
11243,64.8,John Wesley Jarvis,General Andrew Jackson,ca. 1819,Oil on canvas,48 1/2 x 36 in. (123.2 x 91.4 cm),123.2,91.4,The American Wing,https://images.metmuseum.org/CRDImages/ad/original/DT2851.jpg
11244,33.73,John Wesley Jarvis,Mr. Cook,1810,Watercolor on ivory,Sight: 2 7/8 x 2 1/4 in. (7.3 x 5.7 cm),7.3025,5.715,The American Wing,https://images.metmuseum.org/CRDImages/ad/original/DP161462.jpg
11249,69.22.2,John Wesley Jarvis,Mrs. Robert Dickey (Anne Brown),1807–10,Oil on wood,34 1/2 x 27 11/16 in. (87.6 x 70.3 cm),87.6,70.3,The American Wing,https://images.metmuseum.org/CRDImages/ad/original/DP205027.jpg
11258,1983.486,Eastman Johnson,"Christmas-Time, The Blodgett Family",1864,Oil on canvas,30 x 25in. (76.2 x 63.5cm),76.2,63.5,The American Wing,https://images.metmuseum.org/CRDImages/ad/original/DP-18073-001.jpg
11261,98.14,Eastman Johnson,The Funding Bill,1881,Oil on canvas,60 1/2 x 78 1/4 in. (153.7 x 198.8 cm),153.7,198.8,The American Wing,https://images.metmuseum.org/CRDImages/ad/original/ap98.14.jpg
11263,26.97,Eastman Johnson,The Hatch Family,1870–71,Oil on canvas,48 x 73 3/8 in. (121.9 x 186.4 cm),121.9,186.4,The American Wing,https://images.metmuseum.org/CRDImages/ad/original/DT85.jpg
11265,25.110.11,Eastman Johnson,The New Bonnet,1876,Oil on academy board,20 3/4 x 27 in. (52.7 x 68.6 cm),52.7,68.6,The American Wing,https://images.metmuseum.org/CRDImages/ad/original/DT2783.jpg
11269,65.254.3,Joshua Johnson,Edward and Sarah Rutter,ca. 1805,Oil on canvas,36 x 32 in. (91.4 x 81.3 cm),91.4,81.3,The American Wing,https://images.metmuseum.org/CRDImages/ad/original/DT5512.jpg
11273,64.114.1,William Johnston,Jacob Hurd,ca. 1762,Oil on canvas,30 x 25 in. (76.2 x 63.5 cm),76.2,63.5,The American Wing,https://images.metmuseum.org/CRDImages/ad/original/APS218.jpg
11274,64.114.2,William Johnston,Mrs. Jacob Hurd and Child,ca. 1762,Oil on canvas,30 x 25 in. (76.2 x 63.5 cm),76.2,63.5,The American Wing,https://images.metmuseum.org/CRDImages/ad/original/DP124011.jpg
11275,1970.283.3,William Johnston,Mrs. Samuel Gardiner,1763,Oil on canvas,36 x 29 in. (91.4 x 73.6 cm),91.4,73.7,The American Wing,https://images.metmuseum.org/CRDImages/ad/original/ap1970.283.3.jpg
11276,1970.283.2,William Johnston,Samuel Gardiner,1763,Oil on canvas,36 x 29 in. (91.4 x 73.6 cm),91.4,73.7,The American Wing,https://images.metmuseum.org/CRDImages/ad/original/APS171.jpg
11284,95.23,Matthew Harris Jouett,John Grimes,ca. 1824,Oil on wood,28 1/4 x 21 3/4 in. (71.8 x 55.2 cm),71.8,55.2,The American Wing,https://images.metmuseum.org/CRDImages/ad/original/ap95.23.jpg
11287,1982.443.3,Theodor Kaufmann,On to Liberty,1867,Oil on canvas,36 x 56 in. (91.4 x 142.2 cm),91.4,142.2,The American Wing,https://images.metmuseum.org/CRDImages/ad/original/DT2100.jpg
11301,62.256.7,Frederick Kemmelmeyer,The American Star (George Washington),ca. 1803,Oil and gold leaf on paper,22 x 17 3/4 in. (55.9 x 45.1 cm),55.9,45.1,The American Wing,https://images.metmuseum.org/CRDImages/ad/original/DT231040.jpg
11302,63.201.2,Frederick Kemmelmeyer,"Washington Reviewing the Western Army at Fort Cumberland, Maryland",after 1795,Oil on canvas,22 3/4 x 37 1/4 in. (57.8 x 94.6 cm),57.8,94.6,The American Wing,https://images.metmuseum.org/CRDImages/ad/original/DT2045.jpg
11334,68.222.26,Samuel King,The Reverend Dr. Ezra Stiles,1770,Watercolor on ivory,1 3/4 x 1 1/4 in. (4.4 x 3.1 cm),4.4,3.1,The American Wing,https://images.metmuseum.org/CRDImages/ad/original/DP161478.jpg
11369,67.55.173,John La Farge,A Bacchante,1897,"Gouache, watercolor, and graphite on off-white wove paper",11 5/8 x 10 1/2 in. (29.5 x 26.7 cm),29.5276,26.7,The American Wing,https://images.metmuseum.org/CRDImages/ad/original/DP-17231-002.jpg
11372,67.155.5,John La Farge,"Portrait of Faase, the Taupo, or Official Virgin, of Fagaloa Bay, and Her Duenna, Samoa",1891 (?),Watercolor and gouache and graphite on off-white Japan-type paper,23 1/16 x 17 5/16 in. (58.6 x 44 cm),58.6,43.9738,The American Wing,https://images.metmuseum.org/CRDImages/ad/original/DT12061.jpg
11374,1970.120,John La Farge,"Girls Carrying a Canoe, Vaiala in Samoa",1891,"Watercolor, gouache, and graphite on off-white wove paper",17 15/16 x 21 7/8 in. (45.6 x 55.6 cm),45.6,55.5626,The American Wing,https://images.metmuseum.org/CRDImages/ad/original/DT11162.jpg
11375,66.143,John La Farge,"The Great Statue of Amida Buddha at Kamakura, Known as the Daibutsu, from the Priest's Garden",1887,Watercolor and gouache on off-white wove paper,19 1/4 x 12 1/2 in. (48.9 x 31.8 cm),48.8951,31.8,The American Wing,https://images.metmuseum.org/CRDImages/ad/original/DT93.jpg
11379,09.176,John La Farge,The Muse of Painting,1870,Oil on canvas,49 1/2 x 38 1/4 in. (125.7 x 97.2 cm),125.7,97.2,The American Wing,https://images.metmuseum.org/CRDImages/ad/original/ap09.176.jpg
11383,34.134,John La Farge,Portrait of the Painter,1859,Oil on wood panel,16 1/16 x 11 1/2 in. (40.8 x 29.2 cm),40.8,29.2,The American Wing,https://images.metmuseum.org/CRDImages/ad/original/DT80.jpg
11397,77.3.4,Louis Lang,The Basket Maker,1853,Oil on canvas,27 1/4 x 34 1/4 in. (69.2 x 87 cm),69.2,87.0,The American Wing,https://images.metmuseum.org/CRDImages/ad/original/ap77.3.4.jpg
11406,93.19.1,Jacob Hart Lazarus,Henry Inman,ca. 1837–40,Oil on canvas,10 5/8 x 8 5/8 in. (27 x 21.9 cm),27.0,21.9,The American Wing,https://images.metmuseum.org/CRDImages/ad/original/ap93.19.1.jpg
11407,96.23,Jacob Hart Lazarus,Joseph W. Drexel,1877,Oil on canvas,30 1/8 x 25 1/2 in. (76.5 x 64.8 cm),76.5,64.8,The American Wing,https://images.metmuseum.org/CRDImages/ad/original/ap96.23.jpg
11408,08.18,Jacob Hart Lazarus,Self-portrait,1870–80,Oil on canvas,27 1/8 x 22 in. (68.9 x 55.9 cm),68.9,55.9,The American Wing,https://images.metmuseum.org/CRDImages/ad/original/DP-15885-001.jpg
11409,64.220.3,Thomas Le Clear,Amory Sibley Carhart,ca. 1860–65,Oil on canvas,63 3/4 x 43 7/8 in. (161.9 x 111.4 cm),161.9,111.4,The American Wing,https://images.metmuseum.org/CRDImages/ad/original/ap64.220.3.jpg
11411,06.1323,Thomas Le Clear,William Cullen Bryant,1876 (?),Oil on canvas,"27 3/8 x 22 1/4in. (69.5 x 56.5cm)
Framed: 34 7/16 x 29 5/16 x 3 1/8 in. (87.5 x 74.5 x 8 cm)",69.5,56.5,The American Wing,https://images.metmuseum.org/CRDImages/ad/original/ap06.1323.jpg
11417,97.34,Emanuel Leutze,Washington Crossing the Delaware,1851,Oil on canvas,149 x 255 in. (378.5 x 647.7 cm),378.5,647.7,The American Wing,https://images.metmuseum.org/CRDImages/ad/original/DP215410.jpg
11418,03.16,Emanuel Leutze,Worthington Whittredge,1856,Oil on canvas,50 7/8 x 40 1/2 in. (129.2 x 102.9 cm),129.2,102.9,The American Wing,https://images.metmuseum.org/CRDImages/ad/original/DP201959.jpg
11448,1992.407,Henry Augustus Loop,John Quincy Adams Ward,1863,Oil on panel,7 3/8 × 6 1/8 in. (18.7 × 15.6 cm),18.732538,15.557531,The American Wing,https://images.metmuseum.org/CRDImages/ad/original/ap1992.407.jpg
11470,12.171,Robert MacCameron,Auguste Rodin,1910,Oil on canvas,39 5/16 x 31 15/16 in. (99.8 x 81.1 cm),99.9,81.1,The American Wing,https://images.metmuseum.org/CRDImages/ad/original/DP224363.jpg
11504,63.122.2,Edward Greene Malbone,Mrs. Robert Macomb (Mary Cornell Pell ),ca. 1806,Watercolor on ivory,Sight: 3 3/4 x 3 in. (9.5 x 7.6 cm),9.525,7.62,The American Wing,https://images.metmuseum.org/CRDImages/ad/original/DP161473.jpg
11506,1985.141.7,,Portrait of a Lady,ca. 1805,Watercolor on ivory,3 5/16 x 2 9/16 in. (8.4 x 6.5 cm),8.4,6.5,The American Wing,https://images.metmuseum.org/CRDImages/ad/original/DP222175.jpg
11507,63.122.1,Edward Greene Malbone,Robert Macomb,ca. 1806,Watercolor on ivory,Sight: 3 3/4 x 3 in. (9.5 x 7.6 cm),9.525,7.62,The American Wing,https://images.metmuseum.org/CRDImages/ad/original/DP161472.jpg
11512,55.55,John Mare,Jeremiah Platt,1767,Oil on canvas,48 1/2 x 38 1/2 in. (123.2 x 97.8 cm),123.2,97.8,The American Wing,https://images.metmuseum.org/CRDImages/ad/original/DT239119.jpg
11583,87.8.3,Frank Millet,A Cosey Corner,1884,Oil on canvas,36 1/4 x 24 1/4 in. (92.1 x 61.6 cm),92.1,61.6,The American Wing,https://images.metmuseum.org/CRDImages/ad/original/DT218488.jpg
11587,09.24,Theodore Sidney Moise,Henry Clay,1843,Oil on canvas,51 1/16 x 39 1/2 in. (129.7 x 100.3 cm),129.7,100.3,The American Wing,https://images.metmuseum.org/CRDImages/ad/original/DP364319.jpg
11602,09.18,Samuel F. B. Morse,De Witt Clinton,1826,Oil on canvas,30 x 25 1/8 in. (76.2 x 63.8 cm),76.2,63.8,The American Wing,https://images.metmuseum.org/CRDImages/ad/original/DT2056.jpg
11604,30.130,Samuel F. B. Morse,Mrs. Daniel DeSaussure Bacot,ca. 1820,Oil on canvas,30 x 24 3/4 in. (76.2 x 62.9 cm),76.2,62.9,The American Wing,https://images.metmuseum.org/CRDImages/ad/original/ap30.130.jpg
11605,45.62.1,Samuel F. B. Morse,Susan Walker Morse (The Muse),ca. 1836–37,Oil on canvas,73 3/4 x 57 5/8 in. (187.3 x 146.4 cm),187.3,146.4,The American Wing,https://images.metmuseum.org/CRDImages/ad/original/DT69.jpg
11610,65.254.1,Reuben Moulthrop,Job Perit,1790,Oil on canvas,36 1/8 x 29 3/4 in. (91.8 x 75.6 cm),91.8,75.6,The American Wing,https://images.metmuseum.org/CRDImages/ad/original/ap65.254.1.jpg
11611,65.254.2,Reuben Moulthrop,Sally Sanford Perit,1790,Oil on canvas,36 1/4 x 29 3/4 in. (92.1 x 75.6 cm),92.1,75.6,The American Wing,https://images.metmuseum.org/CRDImages/ad/original/ap65.254.2.jpg
11614,1971.249,Shepard Alonzo Mount,Catherine Brooks Hall,ca. 1830,Oil on canvas,34 x 27 in. (86.4 x 68.6 cm),86.4,68.6,The American Wing,https://images.metmuseum.org/CRDImages/ad/original/ap1971.249.jpg
11619,66.126,William Sidney Mount,Cider Making,1840–41,Oil on canvas,27 x 34 1/8 in. (68.6 x 86.7 cm),68.6,86.7,The American Wing,https://images.metmuseum.org/CRDImages/ad/original/DT72.jpg
11620,49.10.1,William Sidney Mount,Gideon Tucker,1830,Oil on canvas,34 1/8 x 27 in. (86.7 x 68.6 cm),86.7,68.6,The American Wing,https://images.metmuseum.org/CRDImages/ad/original/ap49.10.1.jpg
11621,1984.192,William Sidney Mount,Great-Grand-Father's Tale of the Revolution—A Portrait of Reverend Zachariah Greene,1852,Oil on canvas,24 x 20 in. (61 x 50.8 cm),61.0,50.8,The American Wing,https://images.metmuseum.org/CRDImages/ad/original/DT7719.jpg
11626,49.10.2,William Sidney Mount,Mrs. Gideon Tucker,1830,Oil on canvas,34 1/8 x 27 in. (86.7 x 68.6 cm),86.7,68.6,The American Wing,https://images.metmuseum.org/CRDImages/ad/original/ap49.10.2.jpg
11627,97.36,William Sidney Mount,The Raffle (Raffling for the Goose),1837,Oil on mahogany,17 x 23 1/8 in. (43.2 x 58.7 cm),43.2,58.7,The American Wing,https://images.metmuseum.org/CRDImages/ad/original/DT1511.jpg
11651,38.82,John Neagle,John Haviland,1828,Oil on canvas,33 x 26 in. (83.8 x 66 cm),83.8,66.0,The American Wing,https://images.metmuseum.org/CRDImages/ad/original/DT243863.jpg
11674,25.85.2,William Page,Daughter of William Page (Possibly Anne Page),ca. 1837–38,Oil on canvas,Oval: 14 x 12 in. (35.6 x 30.5 cm),35.6,30.4801,The American Wing,https://images.metmuseum.org/CRDImages/ad/original/ap25.85.2.jpg
11675,25.85.1,William Page,Daughter of William Page (Probably Mary Page),ca. 1840,Oil on canvas,Oval: 14 x 12 in. (35.6 x 30.5 cm),35.6,30.4801,The American Wing,https://images.metmuseum.org/CRDImages/ad/original/ap25.85.1.jpg
11699,27.221,Anna Claypoole Peale,Portrait of a Gentleman,1832,Watercolor on ivory,Sight: 2 5/8 x 2 1/16 in. (6.7 x 5.2 cm),6.6675,5.2388,The American Wing,https://images.metmuseum.org/CRDImages/ad/original/DP222170.jpg
11703,67.242,Charles Willson Peale,Elie Williams,1789,Oil on canvas,36 1/4 x 27 5/16 in. (92.1 x 69.4 cm),92.1,69.4,The American Wing,https://images.metmuseum.org/CRDImages/ad/original/APS610.jpg
11705,68.222.5,Charles Willson Peale,General Henry Knox,1778,Watercolor on ivory,2 7/8 x 2 1/8 in. (7.3 x 5.2 cm),7.3,5.2,The American Wing,https://images.metmuseum.org/CRDImages/ad/original/DP-38097-001.jpg
11706,83.2.122,Charles Willson Peale,George Washington,ca. 1777,Watercolor on ivory,1 1/2 x 1 3/8 in. (3.8 x 3.5 cm),3.81,3.5,The American Wing,https://images.metmuseum.org/CRDImages/ad/original/DT2092.jpg
11707,97.33,Charles Willson Peale,George Washington,ca. 1779–81,Oil on canvas,95 x 61 3/4 in. (241.3 x 156.8 cm),241.3,156.8,The American Wing,https://images.metmuseum.org/CRDImages/ad/original/DP167126.jpg
11710,33.24,Charles Willson Peale,Margaret Strachan (Mrs. Thomas Harwood),ca. 1771,Oil on canvas,31 x 24 1/2 in. (78.7 x 62.2 cm),78.7,62.2,The American Wing,https://images.metmuseum.org/CRDImages/ad/original/DT238145.jpg
11712,22.153.2,Charles Willson Peale,Mrs. Samuel Mifflin and Her Granddaughter Rebecca Mifflin Francis,1777–80,Oil on canvas,50 1/8 x 40 1/4 in. (127 x 101.8 cm),127.3,102.2,The American Wing,https://images.metmuseum.org/CRDImages/ad/original/DT11519.jpg
11717,68.222.3,Charles Willson Peale,Mrs. Charles Willson Peale (Rachel Brewer),ca. 1790,Watercolor on ivory,2 1/4 x 1 3/4 in. (5.7 x 4.6 cm),5.7,4.6038,The American Wing,https://images.metmuseum.org/CRDImages/ad/original/DP223007.jpg
11718,22.153.1,Charles Willson Peale,Samuel Mifflin,1777–80,Oil on canvas,49 7/8 x 39 3/4 in. (126.4 x 101 cm),126.7,101.0,The American Wing,https://images.metmuseum.org/CRDImages/ad/original/DT221482.jpg
11719,66.46,Charles Willson Peale,Thomas Willing,1782,Oil on canvas,49 1/2 x 39 3/4 in. (125.7 x 101 cm),125.7,100.9652,The American Wing,https://images.metmuseum.org/CRDImages/ad/original/DP148328.jpg
11720,25.29,,Alexander Murray,1798,Watercolor on ivory,2 5/8 x 2 1/32 in. (6.7 x 5.2 cm),6.6675,5.1594,The American Wing,https://images.metmuseum.org/CRDImages/ad/original/DP216790.jpg
11721,38.146.8,James Peale,Anna Claypoole Peale,1812,Watercolor on ivory,3 x 2 5/8 in. (7.5 x 6.8 cm),7.5,6.8,The American Wing,https://images.metmuseum.org/CRDImages/ad/original/DP162108.jpg
11722,31.118,James Peale,Richard Thomas III,1796,Watercolor on ivory,Sight: 2 1/4 x 1 7/8 in. (7.3 x 5.9 cm),7.3025,5.8738,The American Wing,https://images.metmuseum.org/CRDImages/ad/original/DP105034.jpg
11723,85.1,James Peale,George Washington,ca. 1782,Oil on canvas,36 x 27 in. (91.4 x 68.6 cm),91.4,68.6,The American Wing,https://images.metmuseum.org/CRDImages/ad/original/DT220048.jpg
11732,25.117.2,James Peale,"Mrs. Jonathan Pinkney, Jr. (Elizabeth Munroe)",1798,Watercolor on ivory,Sight: 2 3/4 x 2 1/4 in. (7 x 5.7 cm),6.985,5.715,The American Wing,https://images.metmuseum.org/CRDImages/ad/original/DP216792.jpg
11735,1986.29,Raphaelle Peale,Peter Gilman Odlin,ca. 1805,Watercolor on ivory,2 3/16 x 1 25/32 in. (5.6 x 4.7 cm),5.6,4.445,The American Wing,https://images.metmuseum.org/CRDImages/ad/original/DP168965.jpg
11739,24.109.86,Rembrandt Peale,George Washington,ca. 1846,Oil on canvas,36 1/8 x 29 1/8 in. (91.76 x 73.98 cm),91.8,74.0,The American Wing,https://images.metmuseum.org/CRDImages/ad/original/ap24.109.86.jpg
11740,54.15.1,Rembrandt Peale,George Washington,ca. 1846,Oil on canvas,36 x 29 in. (91.4 x 73.7 cm),91.4,73.7,The American Wing,https://images.metmuseum.org/CRDImages/ad/original/DT2058.jpg
11742,21.19,Rembrandt Peale,The Marquis de Lafayette,1825,Oil on canvas,34 1/2 x 27 3/8 in. (87.6 x 69.5 cm),87.6,69.5,The American Wing,https://images.metmuseum.org/CRDImages/ad/original/DT2057.jpg
11743,54.15.2,Rembrandt Peale,Martha Washington,ca. 1850,Oil on canvas,36 x 29 in. (91.4 x 73.7 cm),91.4,73.7,The American Wing,https://images.metmuseum.org/CRDImages/ad/original/DT2059.jpg
11745,66.242.27,Robert Peckham,The Raymond Children,ca. 1838,Oil on canvas,55 1/4 x 39 in. (140.3 x 99 cm),140.3,99.1,The American Wing,https://images.metmuseum.org/CRDImages/ad/original/ap66.242.27.jpg
11746,25.98,Henry Pelham,Stephen Hooper,1773,Watercolor on ivory,1 7/8 x 1 1/2 in. (4.6 x 3.7 cm),4.6,3.7,The American Wing,https://images.metmuseum.org/CRDImages/ad/original/DP168943.jpg
11757,66.240,Enoch Wood Perry,A Month's Darning,1876,"Watercolor, gouache, and gum arabic on off-white wove paper",20 x 15 3/4 in. (50.8 x 40 cm),50.8001,40.0,The American Wing,https://images.metmuseum.org/CRDImages/ad/original/DT358956.jpg
11758,1980.361,Enoch Wood Perry,Talking It Over,1872,Oil on canvas,22 1/4 x 29 1/4 in. (56.5 x 74.3 cm),56.5,74.3,The American Wing,https://images.metmuseum.org/CRDImages/ad/original/DT9052.jpg
11761,55.176,John F. Peto,Office Board,1885,Oil on canvas,24 3/8 x 19 7/8 in. (61.9 x 50.5 cm),61.9,50.5,The American Wing,https://images.metmuseum.org/CRDImages/ad/original/DT2061.jpg
11763,68.205.3,John F. Peto,Old Souvenirs,ca. 1881–1901,Oil on canvas,26 3/4 x 22 in. (67.9 x 55.9 cm),67.9,55.9,The American Wing,https://images.metmuseum.org/CRDImages/ad/original/DT11456.jpg
11764,62.256.2,Ammi Phillips,Mrs. Mayer and Daughter,1835–40,Oil on canvas,37 7/8 x 34 1/4 in. (96.2 x 87 cm),96.2,87.0,The American Wing,https://images.metmuseum.org/CRDImages/ad/original/DT2063.jpg
11772,95.14.101,Joseph-Pierre Picot de Limoelan de Cloriviere,Mrs. Phineas Miller (Catherine Littlefield),1806,Watercolor on ivory,Sight: 2 1/2 x 2 1/16 in. (6.4 x 5.2 cm),6.35,5.2388,The American Wing,https://images.metmuseum.org/CRDImages/ad/original/DP169290.jpg
11775,50.155.2,Theodore E. Pine,The Daughters of Daniel T. MacFarlan,1857,Oil on canvas,56 x 44 in. (142.2 x 111.8 cm),142.2,111.8,The American Wing,https://images.metmuseum.org/CRDImages/ad/original/ap50.155.2.jpg
11777,50.155.1,Theodore E. Pine,Mr. and Mrs. Daniel T. MacFarlan,1858,Oil on canvas,56 x 44 in. (142.2 x 111.8 cm),142.2,111.8,The American Wing,https://images.metmuseum.org/CRDImages/ad/original/ap50.155.1.jpg
11778,24.109.81,Charles Peale Polk,George Washington,ca. 1790,Oil on canvas,21 3/4 x 17 7/8 in. (55.2 x 45.4 cm),55.2,45.4,The American Wing,https://images.metmuseum.org/CRDImages/ad/original/ap24.109.81.jpg
11779,1982.373,Charles Peale Polk,"Joseph Howell, Jr.",ca. 1787,Oil on canvas,23 x 19 5/8 in. (58.4 x 48.9 cm),58.4,49.8,The American Wing,https://images.metmuseum.org/CRDImages/ad/original/ap1982.373.jpg
11797,97.29.3,Matthew Pratt,The American School,1765,Oil on canvas,36 x 50 1/4 in. (91.4 x 127.6 cm),91.4,127.6,The American Wing,https://images.metmuseum.org/CRDImages/ad/original/DT56.jpg
11798,69.76,Matthew Pratt,Cadwallader Colden and His Grandson Warren De Lancey,ca. 1772,Oil on canvas,50 x 40 in. (127 x 101.6 cm),127.0,101.6,The American Wing,https://images.metmuseum.org/CRDImages/ad/original/DT2062.jpg
11839,68.222.10,William Verstille,George Henry Remsen,ca. 1790,Watercolor on ivory,1 7/8 x 1 1/2 in. (4.8 x 3.7 cm),4.8,3.7,The American Wing,https://images.metmuseum.org/CRDImages/ad/original/DP105033.jpg
11840,24.109.93,John Ramage,George Washington,ca. 1789,Watercolor on ivory,2 x 1 3/8 in. (5.2 x 3.5 cm),5.2,3.4925,The American Wing,https://images.metmuseum.org/CRDImages/ad/original/DP168941.jpg
11842,59.122,John Ramage,Governor George Clinton,ca. 1785,Watercolor on ivory,1 3/4 x 1 3/8 in. (4.4 x 3.5 cm),4.4,3.5,The American Wing,https://images.metmuseum.org/CRDImages/ad/original/DP222173.jpg
11843,26.125.1,John Ramage,Gulian Ludlow,ca. 1790,Watercolor on ivory,1 7/8 x 1 1/4 in. (4.9 x 3.2 cm),4.9213,3.2544,The American Wing,https://images.metmuseum.org/CRDImages/ad/original/DP217048.jpg
11864,62.241.3,Frederic Remington,Pitched It Sheer into the River . . . Where It Still Is Seen in the Summer,1889,Oil on canvas,20 x 28 1/4in. (50.8 x 71.8cm),50.8,71.8,The American Wing,https://images.metmuseum.org/CRDImages/ad/original/DP227348.jpg
11867,11.192,Frederic Remington,On the Southern Plains,1907,Oil on canvas,30 1/8 x 51 1/8in. (76.5 x 129.9cm),76.5,129.9,The American Wing,https://images.metmuseum.org/CRDImages/ad/original/DT379.jpg
11929,68.222.13,,Mrs. Richard Peters (Abigail Willing),ca. 1803,Watercolor on ivory,3 3/4 x 2 7/8 in. (9.5 x 7.3 cm),9.5,7.3,The American Wing,https://images.metmuseum.org/CRDImages/ad/original/DP162095.jpg
11931,28.169.2,Walter Robertson,Mrs. Gabriel Manigault (Margaret Izard),ca. 1795,Watercolor on ivory,2 7/8 x 2 3/8 in. (7.1 x 5.9 cm),7.1,5.9,The American Wing,https://images.metmuseum.org/CRDImages/ad/original/DP222406.jpg
11935,1986.279,Theodore Robinson,At the Piano,ca. 1887,Charcoal and gouache on off-white wove paper,17 1/2 x 11 1/4 in. (44.5 x 28.6 cm),44.5,28.5751,The American Wing,https://images.metmuseum.org/CRDImages/ad/original/DP170091.jpg
11943,32.68,Nathaniel Rogers,Mrs. Stephen Van Rensselaer III (Cornelia Paterson),ca. 1825,Watercolor on ivory,3 9/32 x 2 7/16 in. (8.3 x 6.2 cm),8.3,6.2,The American Wing,https://images.metmuseum.org/CRDImages/ad/original/DP168948.jpg
11957,05.35,Thomas Pritchard Rossiter,"Washington and Lafayette at Mount Vernon, 1784 (The Home of Washington after the War)",1859,Oil on canvas,87 x 146 1/2 in. (221 x 372.1 cm),221.0,372.1,The American Wing,https://images.metmuseum.org/CRDImages/ad/original/DT1552.jpg
11972,68.222.32,Moses B. Russell,Portrait of a Gentleman,ca. 1834,Watercolor on ivory,2 9/16 x 2 1/8 in. (6.5 x 5.4 cm),6.5,5.4,The American Wing,https://images.metmuseum.org/CRDImages/ad/original/DP168956.jpg
11973,68.222.33,Moses B. Russell,Portrait of a Lady,1834,Watercolor on ivory,2 5/8 x 2 1/16 in. (6.7 x 5.3 cm),6.7,5.3,The American Wing,https://images.metmuseum.org/CRDImages/ad/original/DP168958.jpg
12072,50.130.21,John Singer Sargent,Egyptian Woman,1890–91,Oil on canvas,25 1/2 x 21 in. (64.8 x 53.3 cm),64.8,53.3,The American Wing,https://images.metmuseum.org/CRDImages/ad/original/DT212007.jpg
12073,50.130.22,John Singer Sargent,Egyptian Woman with Earrings,1890–91,Oil on canvas,28 x 24 1/2 in. (53.3 x 64.1 cm),71.1,62.2,The American Wing,https://images.metmuseum.org/CRDImages/ad/original/DT212008.jpg
12090,50.130.59,John Singer Sargent,"Man and Trees, Florida",1917,"Watercolor, gouache, and graphite on white wove paper","21 x 15 5/8 in. (53.3 x 39.7 cm)
Mat: 28 × 22 in. (71.1 × 55.9 cm)
Framed (standard exhibition frame): 24 1/2 × 30 1/2 × 1 1/8 in. (62.2 × 77.5 × 2.9 cm)",53.3,39.6876,The American Wing,https://images.metmuseum.org/CRDImages/ad/original/DT355150.jpg
12108,97.43,John Singer Sargent,Henry G. Marquand,1897,Oil on canvas,52 x 41 3/4 in.  (132.1 x 106 cm),132.1,106.0,The American Wing,https://images.metmuseum.org/CRDImages/ad/original/DT1512.jpg
12110,11.31,John Singer Sargent,The Hermit (Il solitario),1908,Oil on canvas,37 3/4 x 38 in. (95.9 x 96.5 cm),95.9,96.5,The American Wing,https://images.metmuseum.org/CRDImages/ad/original/DP-34372-001.jpg
12153,11.30,John Singer Sargent,Padre Sebastiano,ca. 1904–6,Oil on canvas,22 1/4 x 28 in. (56.5 x 71.1 cm),56.5,71.1,The American Wing,https://images.metmuseum.org/CRDImages/ad/original/DT2990.jpg
12303,50.130.11,John Singer Sargent,A Spanish Madonna,1879–80,Oil on wood,13 3/4 x 10 1/4 in. (34.9 x 26 cm),34.9,26.0,The American Wing,https://images.metmuseum.org/CRDImages/ad/original/ap50.130.11.jpg
12319,50.130.83f,John Singer Sargent,"Angels, Mosaic, Palatine Chapel, Palermo",1897–1903,"Watercolor, gouache, and graphite on off-white wove paper",9 13/16 x 13 15/16 in. (24.9 x 35.4 cm),24.9238,35.4013,The American Wing,https://images.metmuseum.org/CRDImages/ad/original/DT212013.jpg
12331,50.130.79,John Singer Sargent,"Study for ""The Coming of the Americans""",1921–22,"Watercolor, gouache, and graphite on off-white laid paper",22 1/4 x 9 in. (56.5 x 22.9 cm),56.5,22.86,The American Wing,https://images.metmuseum.org/CRDImages/ad/original/50.130.79.jpg
12443,50.130.19,John Singer Sargent,Two Arab Women,1905 (?),Oil on canvas,21 x 25 1/4 in. (53.3 x 64.1 cm),53.3,64.1,The American Wing,https://images.metmuseum.org/CRDImages/ad/original/DT212006.jpg
12446,50.130.20,John Singer Sargent,Two Girls on a Lawn,ca. 1889,Oil on canvas,21 1/8 x 25 1/4 in. (53.7 x 64.1 cm),53.7,64.1,The American Wing,https://images.metmuseum.org/CRDImages/ad/original/DP161224.jpg
12447,50.130.13,John Singer Sargent,Two Girls with Parasols,1888 or 1889,Oil on canvas,29 1/2 x 25 in. (74.9 x 63.5 cm),74.9,63.5,The American Wing,https://images.metmuseum.org/CRDImages/ad/original/DP161222.jpg
12533,1985.141.8,,Joseph Griffiths,1794,Watercolor on ivory,2 7/16 x 1 15/16 in. (6.2 x 4.9 cm),6.2,4.9,The American Wing,https://images.metmuseum.org/CRDImages/ad/original/DP105031.jpg
12542,62.241.4,Charles Schreyvogel,In Hot Pursuit,After 1900,Oil on canvas,"34 1/8 x 24 3/4in. (86.7 x 62.9cm)
Framed: 39 3/8 x 29 15/16 x 2 3/4 in. (100 x 76 x 7 cm)",86.7,62.9,The American Wing,https://images.metmuseum.org/CRDImages/ad/original/DP345269.jpg
12543,12.227,Charles Schreyvogel,My Bunkie,finished 1899,Oil on canvas,"25 3/16 x 34in. (64 x 86.4cm)
Framed: 33 3/8 x 47 5/8 x 4in. (84.8 x 121 x 10.2cm)",64.0,86.4,The American Wing,https://images.metmuseum.org/CRDImages/ad/original/DT381.jpg
12545,1977.135,Schuyler Limner,Portrait of a Lady (possibly Tryntje Otten Veeder),1720–25,Oil on canvas,28 x 24 1/2 in. (71.1 x 62.2 cm),71.1,62.2,The American Wing,https://images.metmuseum.org/CRDImages/ad/original/DP227641.jpg
12551,91.32,Samuel H. Sexton,Levi Hale Willard,1857,Oil on canvas,27 x 21 1/2 in. (68.6 x 54.6 cm),68.6,54.6,The American Wing,https://images.metmuseum.org/CRDImages/ad/original/ap91.32.jpg
12552,13.143.1,James Jebusa Shannon,Jungle Tales (Contes de la Jungle),1895,Oil on canvas,34 1/4 x 44 3/4 in. (87 x 113.7 cm),87.0,113.7,The American Wing,https://images.metmuseum.org/CRDImages/ad/original/DT2067.jpg
12591,47.121,Henry Colton Shumway,Henry Peters Gray,1842,Watercolor on ivory,2 1/32 x 1 19/32 in. (5.2 x 4 cm),5.2,4.0,The American Wing,https://images.metmuseum.org/CRDImages/ad/original/DP168953.jpg
12594,66.242.13,Ruth Whittier Shute,"Miss Emeline Parker of Lowell, Massachusetts",1832,"Watercolor, gouache, gum arabic, graphite, and gold foil on heavy, white wove paper",23 5/8 x 18 5/8 in. (60 x 47.3 cm),60.0,47.3076,The American Wing,https://images.metmuseum.org/CRDImages/ad/original/APS1088.jpg
12600,62.79.1,John Smibert,Francis Brinley,1729,Oil on canvas,50 x 39 1/4 in. (127 x 99.7 cm),127.0,99.7,The American Wing,https://images.metmuseum.org/CRDImages/ad/original/DT53.jpg
12601,43.51,John Smibert,Hannah Pemberton,1734,Oil on canvas,30 x 25 in. (76.2 x 63.5 cm),76.2,63.5,The American Wing,https://images.metmuseum.org/CRDImages/ad/original/ap43.51.jpg
12602,62.79.2,John Smibert,Mrs. Francis Brinley and Her Son Francis,1729,Oil on canvas,50 x 39 1/4 in. (127 x 99.7 cm),127.0,99.7,The American Wing,https://images.metmuseum.org/CRDImages/ad/original/DT54.jpg
12613,46.192.4,John Rubens Smith,Allan Melville,1810,"Watercolor, gouache, and graphite on smooth surfaced off-white wove paper",8 7/8 x 6 3/4 in. (22.5 x 17.1 cm),22.5425,17.1,The American Wing,https://images.metmuseum.org/CRDImages/ad/original/DT11887.jpg
12631,28.198.1,Frederick R. Spencer,Mary Ann Garrits,1834,Oil on canvas,33 x 26 in. (83.8 x 66 cm),83.8,66.0,The American Wing,https://images.metmuseum.org/CRDImages/ad/original/ap28.198.1.jpg
12634,95.14.49,Richard Morrell Staigg,Washington Allston,1841,Watercolor on ivory,3 9/16 x 2 13/16 in. (9 x 7.1 cm),9.0,7.1,The American Wing,https://images.metmuseum.org/CRDImages/ad/original/DP168959.jpg
12641,61.90,Joseph Steward,Jonathan Dwight,ca. 1790,Oil on canvas,29 1/2 x 26 1/4 in. (74.9 x 66.7 cm),74.9,66.7,The American Wing,https://images.metmuseum.org/CRDImages/ad/original/ap61.90.jpg
12644,66.242.19,Joseph Whiting Stock,John and Louisa Stock,1845,Oil on canvas,50 1/4 x 40 in. (127.6 x 101.6 cm),127.6,101.6,The American Wing,https://images.metmuseum.org/CRDImages/ad/original/DP368631.jpg
12646,53.144,William Oliver Stone,Mary Cadwalader Rawle,1868,Oil on canvas,Oval: 12 x 10 1/2 in. (30.5 x 26.7 cm),30.4801,26.7,The American Wing,https://images.metmuseum.org/CRDImages/ad/original/DT2068.jpg
12658,08.90,Gilbert Stuart,Albert Gallatin,ca. 1803,Oil on canvas,29 3/8 x 24 7/8 in. (74.6 x 63.2 cm),74.6,63.2,The American Wing,https://images.metmuseum.org/CRDImages/ad/original/ap08.90.jpg
12662,81.12,Gilbert Stuart,"David Sears, Jr.",ca. 1815,Oil on canvas,27 1/4 x 23 1/2 in. (69.2 x 59.7 cm),69.2,59.7,The American Wing,https://images.metmuseum.org/CRDImages/ad/original/ap81.12.jpg
12664,88.18,Gilbert Stuart,George Washington,ca. 1803,Oil on canvas,29 1/8 x 24 1/8 in. (74 x 61.3 cm),74.0,61.3,The American Wing,https://images.metmuseum.org/CRDImages/ad/original/ap88.18.jpg
12666,97.39,Gilbert Stuart,Henry Rice,ca. 1815,Oil on wood,26 1/2 x 21 1/2 in. (67.3 x 54.6 cm),67.3,54.6,The American Wing,https://images.metmuseum.org/CRDImages/ad/original/DP208350.jpg
12667,1977.243,Gilbert Stuart,Horatio Gates,ca. 1793–94,Oil on canvas,44 1/4 x 35 7/8 in. (112.4 x 91.1 cm),112.4,91.1,The American Wing,https://images.metmuseum.org/CRDImages/ad/original/DT2041.jpg
12668,29.89,Gilbert Stuart,James Monroe,ca. 1820–22,Oil on canvas,40 1/4 x 32 in. (102.2 x 81.3 cm),102.2,81.3,The American Wing,https://images.metmuseum.org/CRDImages/ad/original/DT2039.jpg
12670,07.75,Gilbert Stuart,Josef de Jaudenes y Nebot,1794,Oil on canvas,50 3/4 x 39 3/4 in. (128.9 x 101 cm),128.9,100.9652,The American Wing,https://images.metmuseum.org/CRDImages/ad/original/DT2042.jpg
12671,05.40.1,Gilbert Stuart,Joseph Anthony Jr.,ca. 1795–98,Oil on canvas,30 x 24 1/2 in. (76.2 x 62.2 cm),76.2,62.2,The American Wing,https://images.metmuseum.org/CRDImages/ad/original/DP105036.jpg
12672,1970.262,Gilbert Stuart,"Louis-Marie, Vicomte de Noailles",1798,Oil on canvas,50 x 40 in. (127 x 101.6 cm),127.0,101.6,The American Wing,https://images.metmuseum.org/CRDImages/ad/original/DT11172.jpg
12673,50.145.37,Gilbert Stuart,Man in a Green Coat,ca. 1779–85,Oil on canvas,28 1/2 x 23 1/2 in. (72.3 x 59.7 cm),72.4,59.7,The American Wing,https://images.metmuseum.org/CRDImages/ad/original/ap50.145.37.jpg
12674,07.76,Gilbert Stuart,Matilda Stoughton de Jaudenes,1794,Oil on canvas,50 5/8 x 39 1/2 in. (128.6 x 100.3 cm),128.6,100.3,The American Wing,https://images.metmuseum.org/CRDImages/ad/original/DT2043.jpg
12675,38.61,Gilbert Stuart,Matthew Clarkson,ca. 1794,Oil on canvas,36 1/16 x 28 1/4 in. (91.6 x 71.8 cm),91.6,71.8,The American Wing,https://images.metmuseum.org/CRDImages/ad/original/ap38.61.jpg
12676,1978.380,Gilbert Stuart,Mrs. Andrew Sigourney,Ca. 1820,Oil on canvas,27 x 22 in. (68.6 x 55.9 cm),68.6,55.9,The American Wing,https://images.metmuseum.org/CRDImages/ad/original/ap1978.380.jpg
12677,05.40.2,Gilbert Stuart,Mrs. Joseph Anthony Jr. (Henrietta Hillegas),ca. 1795–98,Oil on canvas,30 x 23 3/8 in. (76.2 x 59.4 cm),76.2,59.4,The American Wing,https://images.metmuseum.org/CRDImages/ad/original/DP105035.jpg
12678,26.16,Gilbert Stuart,Portrait of the Artist,ca. 1786,Oil on canvas,10 5/8 x 8 7/8 in. (27 x 22.5 cm),27.0,22.5,The American Wing,https://images.metmuseum.org/CRDImages/ad/original/DT11749.jpg
12681,28.118,Gilbert Stuart,Washington Allston,ca. 1819–20,Oil on canvas,24 x 21 1/2 in. (61 x 54.6 cm),61.0,54.6,The American Wing,https://images.metmuseum.org/CRDImages/ad/original/DT240957.jpg
12690,94.23.2,Thomas Sully,John Finley,1821,Oil on canvas,17 x 14 in. (43.2 x 35.6 cm),43.2,35.6,The American Wing,https://images.metmuseum.org/CRDImages/ad/original/ap94.23.2.jpg
12692,24.115.1,Thomas Sully,Major John Biddle,1818,Oil on canvas,30 x 25 in. (76.2 x 63.5 cm),76.2,63.5,The American Wing,https://images.metmuseum.org/CRDImages/ad/original/DT236871.jpg
12693,14.126.5,Thomas Sully,Mother and Son,1840,Oil on canvas,57 x 45 3/8 in. (144.8 x 115.3 cm),144.8,115.3,The American Wing,https://images.metmuseum.org/CRDImages/ad/original/DT11612.jpg
12696,24.115.2,Thomas Sully,Mrs. John Biddle (Eliza Falconer Bradish),1818,Oil on canvas,30 x 24 7/8 in. (76.2 x 63.2 cm),76.2,63.2,The American Wing,https://images.metmuseum.org/CRDImages/ad/original/DT236872.jpg
12698,06.178,Thomas Sully,Mrs. Katherine Matthews,1812–13,Oil on canvas,27 1/2 x 23 in. (69.9 x 58.4 cm),69.9,58.4,The American Wing,https://images.metmuseum.org/CRDImages/ad/original/ap06.178.jpg
12701,94.23.3,Thomas Sully,Portrait of the Artist,1821,Oil on canvas,17 1/8 x 14 in. (43.5 x 35.6 cm),43.5,35.6,The American Wing,https://images.metmuseum.org/CRDImages/ad/original/ap94.23.3.jpg
12702,14.126.1,Thomas Sully,Queen Victoria,1838,Oil on canvas,36 x 28 3/8 in. (91.4 x 71.5 cm),91.4,72.1,The American Wing,https://images.metmuseum.org/CRDImages/ad/original/DT5422.jpg
12704,14.126.6,Thomas Sully,Child Asleep (The Rosebud),1841,Oil on canvas,23 7/8 x 36 1/2 in. (60.6 x 92.7 cm),60.6,92.7,The American Wing,https://images.metmuseum.org/CRDImages/ad/original/DT275484.jpg
12707,14.126.4,Thomas Sully,The Student,1839,Oil on canvas,23 1/2 x 19 1/2 in. (59.7 x 49.5 cm),59.7,49.5,The American Wing,https://images.metmuseum.org/CRDImages/ad/original/DT5420.jpg
12708,94.23.1,Thomas Sully,William Gwynn,1821,Oil on canvas,23 1/4 x 19 1/2 in. (59.1 x 49.5 cm),59.1,49.5,The American Wing,https://images.metmuseum.org/CRDImages/ad/original/ap94.23.1.jpg
12717,42.95.28,John Lewis Krimmel,"Exhibition of Indian Tribal Ceremonies at the Olympic Theater, Philadelphia",1811–ca. 1813,"Watercolor, gouache, and graphite on white laid paper",7 1/16 x 9 1/4 in. (17.9 x 23.5 cm),17.9,23.495,The American Wing,https://images.metmuseum.org/CRDImages/ad/original/DP276570.jpg
12726,42.95.29,John Lewis Krimmel,Tableau of Indian Faces,1811–ca. 1813,"Watercolor, black chalk, gum arabic, and gouache on white laid paper",9 1/4 x 7 in. (23.5 x 17.8 cm),23.5,17.78,The American Wing,https://images.metmuseum.org/CRDImages/ad/original/DP276571.jpg
12727,42.95.21,John Lewis Krimmel,Members of the City Troop and Other Philadelphia Soldiery,1811–ca. 1813,"Watercolor, gouache, and graphite on white laid paper",9 x 7 1/4 in. (22.9 x 18.4 cm),22.9,18.415,The American Wing,https://images.metmuseum.org/CRDImages/ad/original/DT1810.jpg
12753,42.95.11,Pavel Petrovich Svinin,"Travel by Stagecoach Near Trenton, New Jersey",1811–ca. 1813,"Watercolor, gouache, and pen and ink on off-white wove paper",6 7/8 x 9 13/16 in. (17.5 x 24.9 cm),17.5,24.9238,The American Wing,https://images.metmuseum.org/CRDImages/ad/original/DT1303.jpg
12787,06.1298,Abbott H. Thayer,Young Woman,ca. 1898,Oil on canvas,39 5/8 x 31 5/8 in. (100.7 x 80.3 cm),100.6,80.3,The American Wing,https://images.metmuseum.org/CRDImages/ad/original/ap06.1298.jpg
12789,06.296,Theodora W. Thayer,Parke Godwin,1900,Watercolor on ivory,4 1/2 x 3 1/4 in. (11.4 x 8.3 cm),11.4,8.3,The American Wing,https://images.metmuseum.org/CRDImages/ad/original/DP168940.jpg
12790,57.90.1,Theodora W. Thayer,Portrait of a Lady,ca. 1898,Watercolor on ivory,3 1/4 x 4 5/16 in. (8.4 x 10.1 cm),8.3,11.0,The American Wing,https://images.metmuseum.org/CRDImages/ad/original/DP222172.jpg
12791,28.126.1,Jeremiah Theus,Gabriel Manigault,1757,Oil on canvas,30 x 24 in. (76.2 x 62.2 cm),76.2,61.0,The American Wing,https://images.metmuseum.org/CRDImages/ad/original/DP239227.jpg
12792,67.268.1,Jeremiah Theus,John Dart,ca. 1772–74,Oil on canvas,30 x 25 in. (76.2 x 63.5 cm),76.2,63.5,The American Wing,https://images.metmuseum.org/CRDImages/ad/original/DP-644-01.jpg
12793,28.126.2,Jeremiah Theus,Mrs. Gabriel Manigault,1757,Oil on canvas,30 x 24 3/4 in. (76.2 x 62.9 cm),76.2,62.9,The American Wing,https://images.metmuseum.org/CRDImages/ad/original/DP239228.jpg
12794,67.268.2,Jeremiah Theus,Mrs. John Dart,ca. 1772–74,Oil on canvas,30 x 25 in. (76.2 x 63.5 cm),76.2,63.5,The American Wing,https://images.metmuseum.org/CRDImages/ad/original/DP-645-01.jpg
12797,1985.22,Cephas Thompson,Mrs. Cephas Thompson (Olivia Leonard),ca. 1810–20,Oil on canvas,48 x 31 1/2 in. (121.9 x 80 cm),121.9202,80.0102,The American Wing,https://images.metmuseum.org/CRDImages/ad/original/ap1985.22.jpg
12799,1971.244,Cephas Giovanni Thompson,Spring,1838,Oil on canvas,36 x 28 3/4 in. (91.4 x 73 cm),91.4,73.0,The American Wing,https://images.metmuseum.org/CRDImages/ad/original/APS2182.jpg
12800,69.182,Jerome B. Thompson,The Belated Party on Mansfield Mountain,1858,Oil on canvas,38 x 63 1/8 in. (96.5 x 160.3 cm),96.5,160.3,The American Wing,https://images.metmuseum.org/CRDImages/ad/original/DT2098.jpg
12811,1985.354,Jonathan K. Trego,Trappers,ca. 1855,Oil on canvas,25 x 30 in. (63.5 x 76.2 cm),63.5,76.2,The American Wing,https://images.metmuseum.org/CRDImages/ad/original/ap1985.354.jpg
12812,50.145.36,Benjamin Trott,Portrait of a Gentleman,ca. 1812,Watercolor on ivory,3 9/16 x 2 31/32 in. (9 x 7.5 cm),9.0,7.5,The American Wing,https://images.metmuseum.org/CRDImages/ad/original/DP276995.jpg
12813,56.72,Benjamin Trott,Benjamin Kintzing,ca. 1815,Watercolor on ivory,2 29/32 x 2 5/16 in. (7.4 x 5.9 cm),7.4,5.9,The American Wing,https://images.metmuseum.org/CRDImages/ad/original/DP168870.jpg
12818,33.52,Benjamin Trott,Mrs. Nathaniel Chapman (Rebekah Biddle),ca. 1815,Watercolor on ivory,3 3/16 x 2 9/16 in. (8.1 x 6.5 cm),8.1,6.5,The American Wing,https://images.metmuseum.org/CRDImages/ad/original/DP168949.jpg
12819,81.11,John Trumbull,Alexander Hamilton,1804–6,Oil on canvas,30 3/4 x 24 3/4 in. (78.1 x 62.9 cm),78.1,62.9,The American Wing,https://images.metmuseum.org/CRDImages/ad/original/DT222199.jpg
12822,24.109.88,John Trumbull,George Washington and William Lee (George Washington),1780,Oil on canvas,36 x 28 in. (91.4 x 71.1 cm),91.4,71.1,The American Wing,https://images.metmuseum.org/CRDImages/ad/original/DT2823.jpg
12823,22.45.9,John Trumbull,George Washington before the Battle of Trenton,ca. 1792–94,Oil on canvas,26 1/2 x 18 1/2 in. (67.3 x 47 cm),67.3,47.0,The American Wing,https://images.metmuseum.org/CRDImages/ad/original/DT217161.jpg
12824,36.35,John Trumbull,Giuseppe Ceracchi,ca. 1792,Oil on wood,3 7/8 x 3 3/16 in. (9.8 x 8.1 cm),9.8,8.1,The American Wing,https://images.metmuseum.org/CRDImages/ad/original/DT252032.jpg
12828,1976.332,John Trumbull,The Sortie Made by the Garrison of Gibraltar,1789,Oil on canvas,71 x 107 in. (180.3 x 271.8 cm),180.3,271.8,The American Wing,https://images.metmuseum.org/CRDImages/ad/original/DT61.jpg
12829,24.19.1,John Trumbull,Thomas Jefferson,1788,Oil on mahogany,4 1/2 x 3 1/4 in. (11.4 x 8.3 cm),11.4,8.3,The American Wing,https://images.metmuseum.org/CRDImages/ad/original/DT2069.jpg
12846,86.13,Charles Frederick Ulrich,Glass Blowers of Murano,1886,Oil on wood,26 1/8 x 21 1/8 in. (66.4 x 53.7 cm),66.4,53.7,The American Wing,https://images.metmuseum.org/CRDImages/ad/original/DP-600-001.jpg
12847,66.242.3,,The Abraham Pixler Family,ca. 1815,"Watercolor, pen and iron gall ink, and gouache on off-white laid paper",10 x 8 in. (25.4 x 20.3 cm),25.4001,20.3,The American Wing,https://images.metmuseum.org/CRDImages/ad/original/APS2276.jpg
12855,39.184.20,Lodewijk Tieling (active ca. 1695-1700),The Ark,ca. 1700,Oil on canvas,46 1/4 x 61 1/4 in. (117.5 x 155.6 cm),117.5,155.6,The American Wing,https://images.metmuseum.org/CRDImages/ad/original/DP152388.jpg
12860,69.279.1,,Boy with a Fawn,ca. 1720,Oil on canvas,39 3/8 x 27 5/8 in. (100 x 70.2 cm),100.0,70.2,The American Wing,https://images.metmuseum.org/CRDImages/ad/original/DP-35968-001.jpg
12889,1970.283.4,,Family Group of Four on Sofa,ca. 1830s,Oil on canvas,36 x 52 1/4 in. (91.4 x 132.7 cm),91.4,132.7,The American Wing,https://images.metmuseum.org/CRDImages/ad/original/ap1970.283.4.jpg
12913,1979.299,,The Hunting Party—New Jersey,ca. 1750,Oil on canvas,25 3/4 x 47 1/8 in. (65.4 x 119.7 cm),65.4,119.7,The American Wing,https://images.metmuseum.org/CRDImages/ad/original/DT9458.jpg
12917,1976.338,John Mix Stanley,The Williamson Family,ca. 1841–42,Oil on canvas,27 x 22 in. (68.6 x 55.9 cm),68.6,55.9,The American Wing,https://images.metmuseum.org/CRDImages/ad/original/DT10354.jpg
12923,08.229,John Neagle,John Walsh,ca. 1840,Oil on canvas,36 x 29 in. (91.4 x 73.7 cm),91.4,73.7,The American Wing,https://images.metmuseum.org/CRDImages/ad/original/ap08.229.jpg
12928,39.58,Chinese Painter,Liberty,ca. 1800,Oil on glass,22 3/4 x 16 1/4 in. (57.8 x 41.3 cm),57.8,41.2751,The American Wing,https://images.metmuseum.org/CRDImages/ad/original/DP-35722-001.jpg
12929,46.67.85,,Liberty,Ca. 1800,verre églomisé,20 3/4 x 15 1/2 in. (52.7 x 39.4 cm),52.7,39.3701,The American Wing,https://images.metmuseum.org/CRDImages/ad/original/DP205026.jpg
12932,1973.323.5,,Boy with Blond Hair,ca. 1840–50,Oil on canvas,34 1/2 x 29 1/2 in. (87.6 x 75 cm),87.6,74.9,The American Wing,https://images.metmuseum.org/CRDImages/ad/original/ap1973.323.5.jpg
12933,1973.323.6,,Portrait of a Little Girl Picking Grapes,1840–50,Oil on canvas,35 3/4 x 28 7/8 in. (91 x 73.3 cm),90.8,73.3,The American Wing,https://images.metmuseum.org/CRDImages/ad/original/DP221115.jpg
12940,1980.341.11,,Martha Bartlett with Kitten,ca. 1860,Oil on canvas,"30 3/4 x 24in. (78.1 x 61cm)
Framed: 34 5/8 x 27 7/8 x 2 1/8in. (87.9 x 70.8 x 5.4cm)",78.1,61.0,The American Wing,https://images.metmuseum.org/CRDImages/ad/original/DT9035.jpg
12941,95.14.119,,Martin Van Buren,ca. 1862,Watercolor on ivory,1 1/8 x 5/8 in. (2.9 x 1.6 cm) (in a ring),2.9,1.5875,The American Wing,https://images.metmuseum.org/CRDImages/ad/original/DP222174.jpg
12965,64.309.6,,Pater Patriae,ca. 1800,Oil on glass,14 1/4 x 10 1/4 in. (36.2 x 26 cm),36.2,26.0351,The American Wing,https://images.metmuseum.org/CRDImages/ad/original/10B_060R3M.jpg
12967,66.242.2,,The Picnic,ca. 1800,"Watercolor, gouache, pen and brown ink, and gum arabic on off-white wove paper",13 3/16 x 16 13/16 in. (33.5 x 42.7 cm),33.5,42.7038,The American Wing,https://images.metmuseum.org/CRDImages/ad/original/APS2274.jpg
12970,1995.483,John White Alexander,Study in Black and Green (Oil Sketch),ca. 1906,Oil on canvas,20 x 16 in. (50.8 x 40.6 cm),50.8,40.6,The American Wing,https://images.metmuseum.org/CRDImages/ad/original/DP105798.jpg
12975,1972.263.4,Pieter Vanderlyn,Portrait of a Lady (Possibly Hannah Stillman),1720–30,Oil on canvas,29 1/2 x 24 1/2 in. (74.9 x 62.2 cm),74.9,62.2,The American Wing,https://images.metmuseum.org/CRDImages/ad/original/ap1972.263.4.jpg
12978,55.73.3,Thomas Hicks,Portrait of a Man,ca. 1850,Oil on canvas,26 1/2 x 19 3/4 in. (66.5 x 49 cm),67.3,50.2,The American Wing,https://images.metmuseum.org/CRDImages/ad/original/ap55.73.3.jpg
12980,25.108,Sir Godfrey Kneller,"Portrait of a Woman, Called Maria Taylor Byrd",1700–1725,Oil on canvas,49 1/2 x 40 in. (125.7 x 101.6 cm),125.7,101.6,The American Wing,https://images.metmuseum.org/CRDImages/ad/original/DT357259.jpg
12994,64.97.4,,Portrait of a Man,1800–1850,Oil on canvas,20 1/2 x 15 1/2 in. (51.3 x 38.6 cm),52.1,39.4,The American Wing,https://images.metmuseum.org/CRDImages/ad/original/ap64.97.4.jpg
13006,64.309.7,,Still Life—Flowers and Fruit in White and Pink Bowl,1840–60,"Oil on glass, tinsel",15 7/8 x 20 in. (40.3 x 50.8 cm),40.3,50.8,The American Wing,https://images.metmuseum.org/CRDImages/ad/original/64.309.7 front.jpg
13011,1980.360.9,,Tobacco Sign,ca. 1850,"Oil on wood, iron",23 3/4 x 27 1/4 in. (60.3 x 69.2 cm),60.3,69.2,The American Wing,https://images.metmuseum.org/CRDImages/ad/original/DT9051.jpg
13040,37.54.2,Jean Francois de la Vallee,Mrs. Nathaniel Bowen (Margaret Blake),ca. 1805,Watercolor on ivory,2 17/32 x 2 1/16 in. (6.4 x 5.2 cm),6.4,5.2,The American Wing,https://images.metmuseum.org/CRDImages/ad/original/DP168951.jpg
13043,24.186,John Vanderlyn,The Calumny of Apelles,1849,Oil on canvas,22 1/2 x 28 1/2 in. (57.2 x 72.4 cm),57.2,72.4,The American Wing,https://images.metmuseum.org/CRDImages/ad/original/ap24.186.jpg
13044,17.134.1,John Vanderlyn,"Daniel Strobel, Jr.",ca. 1799,"Probably Conté crayon, black chalk, and white gouache on off-white wove paper",8 3/8 x 6 3/8 in. (21.3 x 16.2 cm),21.3,16.1925,The American Wing,https://images.metmuseum.org/CRDImages/ad/original/ap17.134.1.jpg
13045,33.120.619,John Vanderlyn,Egbert Benson,ca. 1794,Oil on canvas,29 3/4 x 23 7/8 in. (75.6 x 60.6 cm),75.6,60.6,The American Wing,https://images.metmuseum.org/CRDImages/ad/original/ap33.120.619.jpg
13047,19.18,John Vanderlyn,Francis Lucas Waddell,ca. 1837,Oil on canvas,25 1/4 x 21 in. (64.1 x 53.3 cm),64.1,53.3,The American Wing,https://images.metmuseum.org/CRDImages/ad/original/ap19.18.jpg
13049,02.25,John Vanderlyn,John A. Sidell,ca. 1830,Oil on canvas,30 x 24 in. (76.2 x 61 cm),76.2,61.0,The American Wing,https://images.metmuseum.org/CRDImages/ad/original/ap02.25.jpg
13051,17.87.2,John Vanderlyn,"Mrs. Marinus Willett and Her Son Marinus, Jr.",ca. 1802,Oil on canvas,36 7/8 x 28 1/8 in. (93.7 x 71.4 cm),93.7,71.4,The American Wing,https://images.metmuseum.org/CRDImages/ad/original/ap17.87.2.jpg
13053,18.118,John Vanderlyn,Portrait of the Artist,1800,Oil on canvas,25 1/4 x 20 7/8 in. (64.1 x 53 cm),64.1,53.0,The American Wing,https://images.metmuseum.org/CRDImages/ad/original/ap18.118.jpg
13057,62.256.1,Pieter Vanderlyn,Young Lady with a Rose,1732,Oil on canvas,32 1/2 x 27 in. (82.6 x 68.6 cm),82.6,68.6,The American Wing,https://images.metmuseum.org/CRDImages/ad/original/DT2070.jpg
13058,81.1.657,Elihu Vedder,The African Sentinel,1865,Oil on canvas,14 1/4 x 8 9/16 in. (36.2 x 21.8 cm),36.2,21.7,The American Wing,https://images.metmuseum.org/CRDImages/ad/original/DP-45165-001.jpg
13060,1976.106.2,Elihu Vedder,The Cup of Love,1887,Oil on wood,12 x 10 in. (25.4 x 30.5 cm),30.5,25.4,The American Wing,https://images.metmuseum.org/CRDImages/ad/original/DP-19084-001.jpg
13062,58.28,Elihu Vedder,Greek Girls Bathing,1872–77,Oil on canvas,18 1/4 x 58 3/4 in. (46.4 x 149.2 cm),46.4,149.2,The American Wing,https://images.metmuseum.org/CRDImages/ad/original/ap58.28.jpg
13067,21.132.1,Elihu Vedder,The Lost Mind,1864–65,Oil on canvas,39 1/8 x 23 1/4 in. (99.4 x 59.1 cm),99.4,59.1,The American Wing,https://images.metmuseum.org/CRDImages/ad/original/ADA3832.jpg
13070,10.64.13,Elihu Vedder,The Pleiades,1885,Oil on canvas,24 1/8 x 37 5/8 in. (61.3 x 95.6 cm),61.3,95.6,The American Wing,https://images.metmuseum.org/CRDImages/ad/original/DT5186.jpg
13077,39.149,William Verstille,Clarissa Storrs,ca. 1795,Watercolor on ivory,2 1/4 x1 3/4 in. (5.7 x 4.3 cm),5.7,4.3,The American Wing,https://images.metmuseum.org/CRDImages/ad/original/DP217050.jpg
13091,99.29.1,Samuel Lovett Waldo,Edward Kellogg,1831–32,Oil on wood,33 3/8 x 25 3/8 in. (84.8 x 64.5 cm),84.8,64.5,The American Wing,https://images.metmuseum.org/CRDImages/ad/original/ap99.29.1.jpg
13093,06.197,Samuel Lovett Waldo,General Andrew Jackson,1819,Oil on canvas,25 3/4 x 21 in. (64.3 x 53.3 cm),65.4,53.3,The American Wing,https://images.metmuseum.org/CRDImages/ad/original/DT233622.jpg
13094,36.114,Samuel Lovett Waldo,Henry La Tourette de Groot,1825–30,Oil on wood,33 x 25 5/8 in. (83.8 x 65.1 cm),83.8,65.1,The American Wing,https://images.metmuseum.org/CRDImages/ad/original/ap36.114.jpg
13095,59.114,Samuel Lovett Waldo,The Knapp Children,ca. 1833–34,Oil on canvas,70 x 57 1/2 in. (177.8 x 146.1 cm),177.8,146.1,The American Wing,https://images.metmuseum.org/CRDImages/ad/original/DT2071.jpg
13096,23.80.80,Samuel Lovett Waldo,Matthew Clarkson,1823,Oil on wood,33 x 25 5/8 in. (83.8 x 65.1 cm),83.8,65.1,The American Wing,https://images.metmuseum.org/CRDImages/ad/original/ap23.80.80.jpg
13097,99.29.2,Samuel Lovett Waldo,Mrs. Edward Kellogg,1831–32,Oil on wood,33 3/8 x 25 3/8 in. (84.8 x 64.5 cm),84.8,64.5,The American Wing,https://images.metmuseum.org/CRDImages/ad/original/ap99.29.2.jpg
13099,22.217.2,Samuel Lovett Waldo,Mrs. Samuel L. Waldo,ca. 1826,Oil on wood,30 1/4 x 25 5/8 in. (76.8 x 65.1 cm),76.8,65.1,The American Wing,https://images.metmuseum.org/CRDImages/ad/original/ap22.217.2.jpg
13104,29.148.1,Samuel Lovett Waldo,The Reverend John Brodhead Romeyn,ca. 1817–20,Oil on canvas,30 1/4 x 25 1/4 in. (76.8 x 64.1 cm),76.8,64.1,The American Wing,https://images.metmuseum.org/CRDImages/ad/original/ap29.148.1.jpg
13105,22.217.1,Samuel Lovett Waldo,Self-portrait,ca. 1815,Oil on wood,33 x 22 1/2 in. (83.8 x 57.2 cm),83.8,57.2,The American Wing,https://images.metmuseum.org/CRDImages/ad/original/ap22.217.1.jpg
13131,67.155.2,Charles Caleb Ward,Coming Events Cast Their Shadows Before,1871,Oil on wood,10 1/8 x 8 in. (25.7 x 20.3 cm),25.7,20.3,The American Wing,https://images.metmuseum.org/CRDImages/ad/original/DT2091.jpg
13132,00.6,Edgar Melville Ward,The Coppersmith,ca. 1898,Oil on canvas,23 7/8 x 21 in. (60.5 x 53.3 cm),60.6,53.3,The American Wing,https://images.metmuseum.org/CRDImages/ad/original/ap00.6.jpg
13176,66.193,Julian Alden Weir,Anna Dwight Weir Reading a Letter,ca. 1890,"Watercolor, gouache, black ink, and graphite on white wove paper",12 1/2 x 9 1/4 in. (31.8 x 23.5 cm),31.8,23.495,The American Wing,https://images.metmuseum.org/CRDImages/ad/original/ap66.193.jpg
13181,1980.219,Julian Alden Weir,Fruit,ca. 1888,Oil on canvas,21 1/8 x 17 3/16 in. (53.7 x 43.7 cm),53.7,43.7,The American Wing,https://images.metmuseum.org/CRDImages/ad/original/DT9010.jpg
13182,06.1302,Julian Alden Weir,The Green Bodice,by 1898,Oil on canvas,33 15/16 x 24 3/4 in. (86.2 x 62.9 cm),86.2,62.9,The American Wing,https://images.metmuseum.org/CRDImages/ad/original/ap06.1302.jpg
13183,88.7,Julian Alden Weir,Idle Hours,1888,Oil on canvas,51 1/4 x 71 1/8 in. (130.2 x 180.7 cm),130.2,180.7,The American Wing,https://images.metmuseum.org/CRDImages/ad/original/ap88.7.jpg
13187,10.54,Robert Walter Weir,General Winfield Scott,ca. 1855,Oil on canvas,33 3/4 x 26 7/8 in. (85.7 x 68.3 cm),85.7,68.3,The American Wing,https://images.metmuseum.org/CRDImages/ad/original/ap10.54.jpg
13196,24.109.82,Adolph Ulrich Wertmuller,George Washington,1795,Oil on canvas,25 3/4 x 21 1/8 in. (65.4 x 53.7 cm),65.4,53.7,The American Wing,https://images.metmuseum.org/CRDImages/ad/original/ap24.109.82.jpg
13198,95.22.5,Benjamin West,The Damsel and Orlando,ca. 1793,Oil on canvas,36 x 28 in. (91.4 x 71.1 cm),91.4,71.1,The American Wing,https://images.metmuseum.org/CRDImages/ad/original/ap95.22.5.jpg
13199,95.22.8,Benjamin West,Hagar and Ishmael,"1776, reworked 1803",Oil on canvas,76 x 54 1/2 in. (193 x 138.4 cm),193.0,138.4,The American Wing,https://images.metmuseum.org/CRDImages/ad/original/DT283577.jpg
13200,69.73,Benjamin West,Moses Shown the Promised Land,1801,Oil on wood,19 3/4 x 28 3/4 in. (50.2 x 73 cm),50.2,73.0,The American Wing,https://images.metmuseum.org/CRDImages/ad/original/ap69.73.jpg
13202,95.22.1,Benjamin West,"Omnia Vincit Amor, or The Power of Love in the Three Elements",1809,Oil on canvas,70 3/8 x 80 1/2 in. (178.8 x 204.5 cm),178.8,204.5,The American Wing,https://images.metmuseum.org/CRDImages/ad/original/DT2075.jpg
13204,64.309.2,Benjamin West,Sarah Ursula Rose,1756,Oil on canvas,29 x 23 3/8 in. (73.7 x 59.4 cm),73.7,59.4,The American Wing,https://images.metmuseum.org/CRDImages/ad/original/DP-35967-001.jpg
13209,10.86,James McNeill Whistler,"Arrangement in Black, No. 3: Sir Henry Irving as Philip II of Spain","1876, reworked 1885",Oil on canvas,84 3/4 x 42 3/4 in. (215.3 x 108.6 cm),215.3,108.6,The American Wing,https://images.metmuseum.org/CRDImages/ad/original/22V_163R4M.jpg
13211,13.20,James McNeill Whistler,Arrangement in Flesh Colour and Black: Portrait of Theodore Duret,1883,Oil on canvas,76 1/8 x 35 3/4 in. (193.4 x 90.8 cm),193.4,90.8,The American Wing,https://images.metmuseum.org/CRDImages/ad/original/DT92.jpg
13225,09.222,James McNeill Whistler,Edward Guthrie Kennedy,1893–95,Oil on wood,11 5/8 x 7 in. (29.4 x 17.8 cm),29.5,17.8,The American Wing,https://images.metmuseum.org/CRDImages/ad/original/ap09.222.jpg
13237,11.32,James McNeill Whistler,Harmony in Yellow and Gold: The Gold Girl—Connie Gilchrist,ca. 1876–77,Oil on canvas,85 3/4 x 43 1/8 in. (217.8 x 109.5 cm),217.8,109.5,The American Wing,https://images.metmuseum.org/CRDImages/ad/original/DP166780.jpg
13245,06.312,James McNeill Whistler,Lady in Gray,ca. 1883,Watercolor and gouache on dark brown wove paper,11 1/4 x 5 in. (28.6 x 12.7 cm),28.6,12.7,The American Wing,https://images.metmuseum.org/CRDImages/ad/original/DT11607.jpg
13307,77.5,Edwin White,The Antiquary,1855,Oil on canvas,22 1/4 x 27 1/4 in. (56.5 x 69.2 cm),56.5,69.2,The American Wing,https://images.metmuseum.org/CRDImages/ad/original/GRR White Ptg. 77.5 Ret.jpg
13331,65.34,William Williams,"Portrait of a Boy, Probably of the Crossfield Family",ca. 1770–75,Oil on canvas,52 1/4 x 35 3/4 in. (134.7 x 91 cm),132.7,90.8,The American Wing,https://images.metmuseum.org/CRDImages/ad/original/ap65.34.jpg
13334,22.45.6,John Wollaston,Cadwallader Colden,1749–52,Oil on canvas,30 x 25 in. (76.2 x 63.5 cm),76.2,63.5,The American Wing,https://images.metmuseum.org/CRDImages/ad/original/ap22.45.6.jpg
13335,48.129.1,John Wollaston,Joseph Reade,1749–52,Oil on canvas,30 x 25 in. (76.2 x 63.5 cm),76.2,63.5,The American Wing,https://images.metmuseum.org/CRDImages/ad/original/DT239120.jpg
13337,48.129.2,John Wollaston,Mrs. Joseph Reade,ca. 1749–52,Oil on canvas,30 x 25 in. (76.2 x 63.5 cm),76.2,63.5,The American Wing,https://images.metmuseum.org/CRDImages/ad/original/DT235190.jpg
13338,1976.23.1,John Wollaston,William Axtell,ca. 1749–52,Oil on canvas,50 x 40 in. (127 x 101.6 cm),127.0,101.6,The American Wing,https://images.metmuseum.org/CRDImages/ad/original/DT10223.jpg
13342,68.222.14,Joseph Wood,Portrait of a Gentleman,ca. 1815,Watercolor on ivory,2 15/16 x 2 3/8 in. (7.5 x 6 cm),7.5,6.0,The American Wing,https://images.metmuseum.org/CRDImages/ad/original/DP221828.jpg
13344,84.12c,Thomas Waterman Wood,A Bit of War History: The Veteran,1866,Oil on canvas,"28 1/4 x 20 1/4 in. (71.8 x 51.4 cm)
(framed with 84.12a and 84.12b)",71.8,51.4,The American Wing,https://images.metmuseum.org/CRDImages/ad/original/DT2078.jpg
13345,84.12a,Thomas Waterman Wood,A Bit of War History: The Contraband,1865,Oil on canvas,"28 1/4 x 20 1/4 in. (71.8 x 51.4 cm)
(framed with 84.12b and 84.12c)",71.8,51.4,The American Wing,https://images.metmuseum.org/CRDImages/ad/original/DT2076.jpg
13346,84.12b,Thomas Waterman Wood,A Bit of War History: The Recruit,1866,Oil on canvas,"28 1/4 x 20 1/4 in. (71.8 x 51.4 cm)
(framed with 84.12a and 84.12c)",71.8,51.4,The American Wing,https://images.metmuseum.org/CRDImages/ad/original/DT2077.jpg
13384,1989.117,Sarah Goodridge,Mrs. George Ingersoll (Martha Goldthwaite),ca. 1820,Watercolor on ivory,3 1/8 x 2 7/16 in. (7.9 x 6.1 cm),7.9,6.2,The American Wing,https://images.metmuseum.org/CRDImages/ad/original/APS6594.jpg
13385,1989.204,John Ramage,Elijah Boardman,ca. 1790,Watercolor on ivory,2 x 1 3/8 in. (5.2 x 3.5 cm),5.2,3.4925,The American Wing,https://images.metmuseum.org/CRDImages/ad/original/DT6141.jpg
13393,1990.21.1,John Henry Brown,Self-Portrait,ca. 1846,Watercolor on ivory,2 7/16 x 2 in. (6.2 x 5.1 cm),6.2,5.1,The American Wing,https://images.metmuseum.org/CRDImages/ad/original/DP168967.jpg
13395,1990.58,James Van Dyck,Self Portrait,1834–36,Watercolor on ivory,1 15/16 x 1 9/16 in. (4.9 x 4 cm),4.9,3.9688,The American Wing,https://images.metmuseum.org/CRDImages/ad/original/DP168969.jpg
13492,1990.204.1,George Harvey,Joseph Stevens Buckminster Thacher,ca. 1829,Watercolor on ivory,2 13/16 x 2 1/4 in. (7.1 x 5.7 cm),7.1,5.7,The American Wing,https://images.metmuseum.org/CRDImages/ad/original/DP169293.jpg
13494,1990.204.3,Sarah Goodridge,Edward Blake Parkman,ca. 1825,Watercolor on ivory,3 7/8 x 2 7/8 in. (9.8 x 7.3 cm),9.8,7.3,The American Wing,https://images.metmuseum.org/CRDImages/ad/original/DP222178.jpg
13499,2008.69,Henry Inman,Mrs. Charles Cummings (Rebecca Pittard),ca. 1825,Oil on canvas,30 x 25 in. (76.2 x 63.5 cm),76.2,63.5,The American Wing,https://images.metmuseum.org/CRDImages/ad/original/SFcs54d.jpg
14305,1992.270.2,Richard Morrell Staigg,Mrs. Christopher Grant Perry (Frances Sargeant),ca. 1840,Watercolor on ivory,3 1/2 x 2 3/4 in. (8.9 x 7 cm),8.9,7.0,The American Wing,https://images.metmuseum.org/CRDImages/ad/original/DP105574.jpg
14307,2006.235.22,John Carlin,Mrs. Nicholas Fish (Elizabeth Stuyvesant),1848,Watercolor on ivory,3 7/8 x 3 1/8 in. (9.8 x 8 cm),9.8,7.9,The American Wing,https://images.metmuseum.org/CRDImages/ad/original/DP-28913-001.jpg
14310,1992.270.1,Richard Morrell Staigg,Christopher Grant Perry,1840,Watercolor on ivory,3 1/2 x 2 3/4 in. (8.9 x 7 cm),8.9,7.0,The American Wing,https://images.metmuseum.org/CRDImages/ad/original/DP105573.jpg
14314,2006.235.154,John Ramage,William Few,ca. 1787,Watercolor on ivory,2 1/4 x 1 3/4 in. (5.6 x 4.6 cm),5.6,4.6,The American Wing,https://images.metmuseum.org/CRDImages/ad/original/DP169110.jpg
14315,2006.235.160,Archibald Robertson,William Loughton Smith,ca. 1795,Watercolor on ivory,2 3/16 x 1 13/16 in. (5.6 x 4.6 cm),5.6,4.6,The American Wing,https://images.metmuseum.org/CRDImages/ad/original/DP168982.jpg
14351,2006.235.44,Edward S. Dodge,John Wood Dodge,ca. 1836–37,Watercolor on ivory,3 x 2 1/2 in. (7.6 x 6.3 cm),7.6,6.4,The American Wing,https://images.metmuseum.org/CRDImages/ad/original/DP161510.jpg
14356,1990.204.2,Anthony Meucci,Mrs. Daniel Parkman (Mary George McDonough),ca. 1825,Watercolor on ivory,3 5/16 x 2 11/16 in. (8.4 x 6.8 cm),8.4,6.8263,The American Wing,https://images.metmuseum.org/CRDImages/ad/original/DP168931.jpg
14357,1991.90,John Ramage,John Maunsell,ca. 1785,Watercolor on ivory,1 5/8 x 1 1/4 in. (4.1 x 3.2 cm),4.1,3.175,The American Wing,https://images.metmuseum.org/CRDImages/ad/original/DP169097.jpg
14399,1990.20,Alfred Thomas Agate,Portrait of a Gentleman,ca. 1835,Watercolor on ivory,Diam. 2 1/2 in. (6.4 cm),6.4,,The American Wing,https://images.metmuseum.org/CRDImages/ad/original/DP168874.jpg
14414,40.176.1,,Samuel Verplanck,ca. 1760,Watercolor on ivory in gold locket,1 1/4 x 1 1/8 in. (3.2 x 2.9 cm),3.2,2.9,The American Wing,https://images.metmuseum.org/CRDImages/ad/original/DP205024.jpg
14419,1991.338,Ralph Earl,Esther Boardman,1789,Oil on canvas,42 1/2 x 32 in. (108 x 81.3 cm),108.0,81.3,The American Wing,https://images.metmuseum.org/CRDImages/ad/original/DT6731.jpg
14472,1992.128,Seymour Joseph Guy,The Contest for the Bouquet: The Family of Robert Gordon in Their New York Dining-Room,1866,Oil on canvas,24 5/8 x 29 1/2 in. (62.5 x 74.9 cm),62.5,74.9,The American Wing,https://images.metmuseum.org/CRDImages/ad/original/DT2030.jpg
14474,1992.205.1,Elihu Vedder,"The Fable of the Miller, His Son, and the Donkey No. 1",ca. 1867–68,Oil on canvas,"6 1/2 x 10 3/4in. (16.5 x 27.3cm)
Framed (Overall 3 x 3 grouping .1 - .9): 30 9/16 x 43 5/16 x 2 3/8 in. (77.7 x 110 x 6 cm)",16.5,27.3,The American Wing,https://images.metmuseum.org/CRDImages/ad/original/DP105665.jpg
14475,1992.205.2,Elihu Vedder,"The Fable of the Miller, His Son, and the Donkey No. 2",ca. 1867–68,Oil on canvas,6 1/2 x 10 3/4 in. (16.5 x 27.3 cm),16.5,27.3,The American Wing,https://images.metmuseum.org/CRDImages/ad/original/DP105666.jpg
14476,1992.205.3,Elihu Vedder,"The Fable of the Miller, His Son, and the Donkey No. 3",ca. 1867–68,Oil on canvas,6 1/2 x 10 3/4 in. (16.5 x 27.3 cm),16.5,27.3,The American Wing,https://images.metmuseum.org/CRDImages/ad/original/DP105667.jpg
14477,1992.205.4,Elihu Vedder,"The Fable of the Miller, His Son, and the Donkey No. 4",ca. 1867–68,Oil on canvas,6 1/2 x 10 3/4 in. (16.5 x 27.3 cm),16.5,27.3,The American Wing,https://images.metmuseum.org/CRDImages/ad/original/DP105668.jpg
14478,1992.205.5,Elihu Vedder,"The Fable of the Miller, His Son, and the Donkey No. 5",ca. 1867–68,Oil on canvas,6 1/2 x 10 3/4 in. (16.5 x 27.3 cm),16.5,27.3,The American Wing,https://images.metmuseum.org/CRDImages/ad/original/DP105669.jpg
14479,1992.205.6,Elihu Vedder,"The Fable of the Miller, His Son, and the Donkey No. 6",ca. 1867–68,Oil on canvas,6 1/2 x 10 3/4 in. (16.5 x 27.3 cm),16.5,27.3,The American Wing,https://images.metmuseum.org/CRDImages/ad/original/DP105670.jpg
14480,1992.205.7,Elihu Vedder,"The Fable of the Miller, His Son, and the Donkey No. 7",ca. 1867–68,Oil on canvas,6 1/2 x 10 3/4 in. (16.5 x 27.3 cm),16.5,27.3,The American Wing,https://images.metmuseum.org/CRDImages/ad/original/DP105671.jpg
14481,1992.205.8,Elihu Vedder,"The Fable of the Miller, His Son, and the Donkey No. 8",ca. 1867–68,Oil on canvas,6 1/2 x 10 3/4 in. (16.5 x 27.3 cm),16.5,27.3,The American Wing,https://images.metmuseum.org/CRDImages/ad/original/DP105672.jpg
14514,17.93,Howard Cushing,Mrs. Ethel Cushing,ca. 1912–14,Oil on canvas,84 1/2 x 42 1/3 in. (214.6 x 107.4 cm),214.6,107.5,The American Wing,https://images.metmuseum.org/CRDImages/ad/original/DT217947.jpg
14516,61.154,,Sarra de Peyster,1631,Oil on canvas,38 1/4 x 24 1/8 in. (97.2 x 61.3 cm),97.2,61.3,The American Wing,https://images.metmuseum.org/CRDImages/ad/original/DP145407.jpg
14522,2006.235.164,Nathaniel Rogers,Portrait of a Gentleman,ca. 1835,Watercolor on ivory,2 1/2 x 2 3/8 in. (7.2 x 6 cm),,,The American Wing,https://images.metmuseum.org/CRDImages/ad/original/APS6541.jpg
14826,2021.140,Thomas Sully,Queen Victoria,1838,Oil on canvas,94 x 58 in. (238.8 x 147.3 cm),238.8,147.3203,The American Wing,https://images.metmuseum.org/CRDImages/ad/original/QV full length.jpg
14931,1993.324,Thomas Anshutz,A Rose,1907,Oil on canvas,58 x 43 7/8 in. (147.3 x 111.4 cm),147.3,111.4427,The American Wing,https://images.metmuseum.org/CRDImages/ad/original/DT104.jpg
14999,2006.235.5,Ezra Atherton,Portrait of a Gentleman,1840,Watercolor on ivory,2 3/8 x 1 15/16 in. (6 x 4.9 cm),6.0,4.9,The American Wing,https://images.metmuseum.org/CRDImages/ad/original/DP-24803-001.jpg
15004,2006.235.16,William Russell Birch,Mrs. William Bingham (Anne Willing),1795,Enamel on copper,4 3/8 x 3 3/8 in. (11 x 8.5 cm),11.0,8.4,The American Wing,https://images.metmuseum.org/CRDImages/ad/original/SFsf6716.JPG
15005,2006.235.11,William Russell Birch,Portrait of a Gentleman,ca. 1795,Enamel on copper,1 1/2 x 1 1/4 in. (3.7 x 3.2 cm),3.6513,3.175,The American Wing,https://images.metmuseum.org/CRDImages/ad/original/DP217066.jpg
15009,2006.235.308,David Boudon,Portrait of a Lady,,Watercolor on ivory,2 1/2 x 2 1/2 in. (6.3 x 6.3 cm),6.4,6.4,The American Wing,https://images.metmuseum.org/CRDImages/ad/original/SFcs235308a.jpg
15013,2006.235.21,John Henry Brown,Portrait of a Young Man,1854,Watercolor on ivory,3 9/16 x 2 7/8 in. (9.1 x 7.3 cm),9.0,7.3,The American Wing,https://images.metmuseum.org/CRDImages/ad/original/DP141200.jpg
15015,2006.235.23,John Carlin,Florine Turner,1845,Watercolor on ivory,4 x 3 1/16 in. (10.1 x 7.8 cm),10.2,7.8,The American Wing,https://images.metmuseum.org/CRDImages/ad/original/DP162126.jpg
15025,2006.235.31,Louis Antoine Collas,Portrait of a Lady,1816,Watercolor on ivory,2 3/4 x 2 3/16 in. (7 x 5.5 cm),7.0,5.6,The American Wing,https://images.metmuseum.org/CRDImages/ad/original/DP161507.jpg
15026,2006.235.32,John Singleton Copley,Self-portrait,1769,Watercolor on ivory,1 3/8 x 1 1/8 in. (3.3 x 2.7 cm),3.3,2.7,The American Wing,https://images.metmuseum.org/CRDImages/ad/original/DP161508.jpg
15027,2006.235.33,Thomas Seir Cummings,Mrs. Oswald John Cammann (Catherine Navarre Macomb),ca. 1843,Watercolor on ivory,4 3/16 x 3 5/16 in. (10.5 x 8.5 cm),10.6,8.4,The American Wing,https://images.metmuseum.org/CRDImages/ad/original/SFsf6733.JPG
15028,2006.235.34,Thomas Seir Cummings,Mr. McKinley,ca. 1840,Watercolor on ivory,2 5/8 x 2 3/16 in. (6.7 x 5.6 cm),6.7,5.6,The American Wing,https://images.metmuseum.org/CRDImages/ad/original/APS6585.jpg
15031,2006.235.7,Thomas Seir Cummings,Portrait of a Gentleman,1840–45,Watercolor on ivory,2 1/4 x 1 11/16 in. (5.6 x 4.2 cm),5.7,4.3,The American Wing,https://images.metmuseum.org/CRDImages/ad/original/APS6591.jpg
15038,2006.235.302,Daniel Dickinson,Portrait of a Gentleman,1822,Watercolor on ivory in gilded copper case; hair reserve verso,2 5/8 x 2 1/16 in. (6.6 x 5.2 cm),6.7,5.2,The American Wing,https://images.metmuseum.org/CRDImages/ad/original/DP222182.jpg
15044,2006.235.51,John Wood Dodge,Edward S. Dodge,1835,Watercolor on ivory,3 3/4 x 3 1/4 in. (9.5 x 8.2 cm),9.5,8.3,The American Wing,https://images.metmuseum.org/CRDImages/ad/original/DP162128.jpg
15047,2006.235.54,John Wood Dodge,Portrait of a Gentleman,ca. 1833,Watercolor on ivory,2 5/8 x 2 1/8 in. (6.7 x 5.5 cm),6.7,5.4,The American Wing,https://images.metmuseum.org/CRDImages/ad/original/APS6587.jpg
15051,2006.235.57,Mrs. Dove,Mrs. Edward Loyd (C. Louisa Foster),ca. 1835,Watercolor on ivory,3 5/16 x 2 11/16 in. (8.5 x 6.8 cm),8.4,6.8,The American Wing,https://images.metmuseum.org/CRDImages/ad/original/DP216802.jpg
15054,2006.235.61,,Eliza Champlin,ca. 1785,Watercolor on ivory,1 7/8 x 1 1/2 in. (4.9 x 3.9 cm),4.8,3.8,The American Wing,https://images.metmuseum.org/CRDImages/ad/original/SFsf6761.JPG
15056,2006.235.313,Joseph Siffred Duplessis,Benjamin Franklin,1794,Watercolor on vellum,3 1/8 x 2 7/16 in. (8 x 6.2 cm),7.9,6.2,The American Wing,https://images.metmuseum.org/CRDImages/ad/original/DP375103.jpg
15058,2006.235.67,Robert Field,Portrait of a Lady,ca. 1800,Watercolor on ivory,3 5/16 x 2 11/16 in. (8.4 x 6.8 cm),8.4,6.8,The American Wing,https://images.metmuseum.org/CRDImages/ad/original/DP216803.jpg
15059,2006.235.310,Charles Fraser,Colonel James Elliott McPherson,1819,Watercolor on ivory,3 9/16 x 2 15/16 in. (9.1 x 7.5 cm),9.0,7.5,The American Wing,https://images.metmuseum.org/CRDImages/ad/original/DP222183.jpg
15060,2006.235.309,Charles Fraser,Isaac O'Brien L. McPherson,1823,Watercolor on ivory,3 13/16 x 3 1/8 in. (9.7 x 7.9 cm),9.7,7.9,The American Wing,https://images.metmuseum.org/CRDImages/ad/original/DP161515.jpg
15076,2006.235.318,Nathaniel Hancock,Mrs. Abijah Cheever (Elizabeth Scott),ca. 1795,Watercolor on ivory,1 15/16 x 1 1/2 in. (5 x 3.8 cm),4.9,3.8,The American Wing,https://images.metmuseum.org/CRDImages/ad/original/DP216808.jpg
15078,2006.235.81,George Harvey,Self-Portrait,1830,Watercolor on ivory,2 3/8 x 1 15/16 in. (6 x 5 cm),6.0,4.9,The American Wing,https://images.metmuseum.org/CRDImages/ad/original/DP168936.jpg
15082,2006.235.84,Pierre Henri,Gouverneur Morris,1798,Watercolor on ivory,"Ivory: 2 3/4 x 2 1/8 in. (7 x 5.4 cm)
Framed: 5 x 4 1/4 in. (12.7 x 10.8cm)",7.0,5.4,The American Wing,https://images.metmuseum.org/CRDImages/ad/original/DP162129.jpg
15087,2006.235.92,Charles Cromwell Ingham,Portrait of a Lady,ca. 1836–38,Watercolor on ivory,3 1/4 x 2 1/2 in. (8.3 x 6.5 cm),8.3,6.4,The American Wing,https://images.metmuseum.org/CRDImages/ad/original/DP162130.jpg
15090,2006.235.312,Henry Inman,John Inman,ca. 1830,Watercolor on ivory,3 1/4 x 2 5/8 in. (8.4 x 6.8 cm),8.3,6.7,The American Wing,https://images.metmuseum.org/CRDImages/ad/original/DP162131.jpg
15103,2006.235.102,Edward Greene Malbone,George Bethune,ca. 1800,Watercolor on ivory,3 1/8 x 2 7/16 in. (7.8 x 6.2 cm),7.9,6.2,The American Wing,https://images.metmuseum.org/CRDImages/ad/original/DP161513.jpg
15106,2006.235.107,Edward Dalton Marchant,Portrait of a Lady,1842,Watercolor on ivory,3 1/4 x 2 9/16 in. (8.4 x 6.5 cm),8.3,6.5,The American Wing,https://images.metmuseum.org/CRDImages/ad/original/DP217031.jpg
15113,2006.235.111,Anthony Meucci,Portrait of a Lady,,Watercolor on ivory,2 3/4 x 2 1/4 in. (6.9 x 5.7 cm),7.0,5.7,The American Wing,https://images.metmuseum.org/CRDImages/ad/original/APS6534.jpg
15115,2006.235.304a,Edward Miles,Portrait of a Gentleman,,Watercolor on ivory,2 7/16 x 2 in. (6.2 x 5.2 cm),6.2,5.1,The American Wing,https://images.metmuseum.org/CRDImages/ad/original/Sfcs235304a.jpg
15121,2006.235.322,Thomas Story Officer,Holy Eyes,1848,Watercolor on ivory,7 5/8 x 5 1/4 in. (19.4 x 13.3 cm),19.4,13.3,The American Wing,https://images.metmuseum.org/CRDImages/ad/original/DP217072.jpg
15126,2006.235.127,Charles Willson Peale,Mrs. Charles Willson Peale (Rachel Brewer) and Baby Eleanor,1790,Watercolor on ivory,2 1/2 x 2 in. (6.5 x 5.2 cm),6.5,5.2,The American Wing,https://images.metmuseum.org/CRDImages/ad/original/DP161672.jpg
15127,2006.235.128,Charles Willson Peale,Ennion Williams,1776,Watercolor on ivory,1 1/2 x 1 1/8 in. (3.8 x 3 cm),3.8,3.0,The American Wing,https://images.metmuseum.org/CRDImages/ad/original/DP169139.jpg
15128,2006.235.124,Charles Willson Peale,Joseph Donaldson,1776,Watercolor on ivory,1 3/8 x 1 1/8 in. (3.4 x 2.8 cm),3.5,2.9,The American Wing,https://images.metmuseum.org/CRDImages/ad/original/DP168976.jpg
15129,2006.235.125,Charles Willson Peale,Mrs. Joseph Donaldson (Frances Johnston),1776,Watercolor on ivory,1 1/2 x 1 1/4 in. (3.8 x 3.1 cm),3.8,3.0,The American Wing,https://images.metmuseum.org/CRDImages/ad/original/DP168978.jpg
15134,2006.235.133,James Peale,Self-portrait,1789,Watercolor on ivory,1 3/4 x 1 1/4 in. (4.4 x 3.2 cm),4.4,3.2,The American Wing,https://images.metmuseum.org/CRDImages/ad/original/DP169296.jpg
15143,2006.235.134,James Peale,Pryor Smallwood,ca. 1798,Watercolor on ivory,2 5/8 x 2 1/4 in. (7.1 x 5.2 cm),7.1,5.2,The American Wing,https://images.metmuseum.org/CRDImages/ad/original/APS6537.jpg
15145,2006.235.137,James Peale,Anthony Wayne Robinson,1811,Watercolor on ivory,2 3/4 x 2 1/4 in. (7.1 x 5.7 cm),7.1,5.7,The American Wing,https://images.metmuseum.org/CRDImages/ad/original/DP217026.jpg
15148,2006.235.147,Raphaelle Peale,Portrait of a Gentleman,ca. 1800,Watercolor on ivory,2 7/8 x 2 5/16 in. (7.3 x 5.9 cm),7.3,5.9,The American Wing,https://images.metmuseum.org/CRDImages/ad/original/APS6538.jpg
15149,2006.235.116,Raphaelle Peale,Portrait of a Gentleman,ca. 1800,Watercolor on ivory,2 5/8 x 2 1/16 in. (6.7 x 5.3 cm),6.7,5.2,The American Wing,https://images.metmuseum.org/CRDImages/ad/original/DP169138.jpg
15155,2006.235.153,Edward Crowell Potter,Portrait of a Gentleman,,Watercolor on ivory,3 1/8 x 2 1/2 in. (8 x 6.5 cm),7.9,6.4,The American Wing,https://images.metmuseum.org/CRDImages/ad/original/DP217028.jpg
15158,2006.235.303,John Ramage,Mrs. William Few (Catherine Nicholson),1787,Watercolor on ivory,1 1/2 x 1 1/4 in. (3.8 x 3.1 cm),4.0,3.2,The American Wing,https://images.metmuseum.org/CRDImages/ad/original/DP217070.jpg
15165,2006.235.166,Nathaniel Rogers,Portrait of a Gentleman,,Watercolor on ivory,2 15/16 x 2 5/16 in. (7.4 x 5.8 cm),7.5,5.9,The American Wing,https://images.metmuseum.org/CRDImages/ad/original/APS6544.jpg
15166,2006.235.171,Nathaniel Rogers,Portrait of a Lady,,Watercolor on ivory,3 x 2 3/8 in. (7.6 x 6 cm),7.6,6.0,The American Wing,https://images.metmuseum.org/CRDImages/ad/original/APS6547.jpg
15173,2006.235.175,Moses B. Russell,Portrait of a Gentleman,1834,Watercolor on ivory,2 5/8 x 2 1/16 in. (6.6 x 5.3 cm),6.7,5.2,The American Wing,https://images.metmuseum.org/CRDImages/ad/original/DP168984.jpg
15180,2006.235.115,Mrs. Moses B. Russell (Clarissa Peters),Portrait of a Baby,,Watercolor on ivory,1 15/16 x 1 1/2 in. (5 x 3.8 cm),4.9,3.8,The American Wing,https://images.metmuseum.org/CRDImages/ad/original/DP217023.jpg
15181,2006.235.191,,Portrait of a Child,ca. 1850,Watercolor on ivory,2 1/2 x 2 1/16 in. (6.5 x 5.3 cm),6.4,5.2,The American Wing,https://images.metmuseum.org/CRDImages/ad/original/DP222181.jpg
15183,2006.235.181,George Lethbridge Saunders,Mrs. Israel Thorndike (Sarah Dana),1843,Watercolor on ivory,3 11/16 x 2 15/16 in. (9.3 x 7.4 cm),9.4,7.5,The American Wing,https://images.metmuseum.org/CRDImages/ad/original/DP168985.jpg
15184,2006.235.182,,George Johnston,ca. 1790,Watercolor on ivory,1 7/8 x 1 5/16 in. (4.8 x 3.4 cm),4.8,3.3,The American Wing,https://images.metmuseum.org/CRDImages/ad/original/APS6551.jpg
15189,2006.235.288,James Passmore Smith,Portrait of a Gentleman,1829,Watercolor on ivory,2 1/2 x 2 1/16 in. (6.4 x 5.3 cm),6.4,5.2,The American Wing,https://images.metmuseum.org/CRDImages/ad/original/APS6595.jpg
15191,2006.235.316,,Portrait of a Gentleman,ca. 1810–15,Watercolor on ivory,3 3/4 x 2 3/4 in. (9.5 x 7 cm),9.5,7.0,The American Wing,https://images.metmuseum.org/CRDImages/ad/original/DP217071.jpg
15193,2006.235.194,Louisa Catherine Strobel,Jacob Gerard Koch,ca. 1830,Watercolor on ivory,2 3/4 x 2 in. (7 x 5.1 cm),7.0,5.1,The American Wing,https://images.metmuseum.org/CRDImages/ad/original/APS6553.jpg
15194,2006.235.195,Louisa Catherine Strobel,Mrs. Jacob Gerard Koch (Jane Griffith),ca. 1830,Watercolor on ivory,2 3/4 x 1 15/16 in. (7 x 4.8 cm),7.0,4.9,The American Wing,https://images.metmuseum.org/CRDImages/ad/original/APS6568.jpg
15196,2006.235.196,,Portrait of a Lady,ca. 1835,Watercolor on ivory,2 7/16 x 2 in. (6.1 x 5 cm),6.2,5.1,The American Wing,https://images.metmuseum.org/CRDImages/ad/original/DP217067.jpg
15197,2006.235.197,Lawrence Sully,Portrait of a Lady,ca. 1795,Watercolor on ivory,1 7/8 x 1 7/16 in. (4.8 x 3.7 cm),4.8,3.7,The American Wing,https://images.metmuseum.org/CRDImages/ad/original/DP216807.jpg
15199,2006.235.200,Lawrence Sully,Miss Annis,ca. 1800,Watercolor on ivory,2 7/16 x 1 15/16 in. (6.3 x 5 cm),6.2,4.9,The American Wing,https://images.metmuseum.org/CRDImages/ad/original/DP169112.jpg
15200,2006.235.201,Thomas Sully,Alfred Sully,ca. 1839,Watercolor on ivory,2 3/4 x 2 3/4 in. (7 x 7 cm),7.0,7.0,The American Wing,https://images.metmuseum.org/CRDImages/ad/original/DP168986.jpg
15216,2006.235.258,Aramenta Dianthe Vail,Mary R. Whitlock,1843,Watercolor on ivory,4 1/4 x 3 1/8 in. (10.7 x 8 cm),10.8,7.9,The American Wing,https://images.metmuseum.org/CRDImages/ad/original/SFsf67259.JPG
15219,2006.235.240,James Van Dyck,Portrait of a Gentleman,ca. 1835,Watercolor on ivory,2 3/8 x 1 7/8 in. (6 x 4.7 cm),6.0,4.8,The American Wing,https://images.metmuseum.org/CRDImages/ad/original/SFcs235240.jpg
15223,2006.235.264,William Verstille,Portrait of a Gentleman,ca. 1795,Watercolor on ivory,2 3/8 x 1 7/8 in. (5.8 x 4.6 cm),5.7,4.6,The American Wing,https://images.metmuseum.org/CRDImages/ad/original/APS6577.jpg
15225,2006.235.266,William Verstille,Mrs. Joseph White (Elizabeth Stone),ca. 1802,Watercolor on ivory,2 1/4 x 1 3/4 in. (5.6 x 4.2 cm),5.6,4.3,The American Wing,https://images.metmuseum.org/CRDImages/ad/original/APS6580.jpg
15230,2006.235.269,William A. Watkins,L. P. Church,1834,Watercolor on ivory,2 13/16 x 2 1/4 in. (7.2 x 5.7 cm),7.1,5.7,The American Wing,https://images.metmuseum.org/CRDImages/ad/original/DP168987.jpg
15232,2006.235.271,Carl Weinedel,Mrs. E. Hunt,1829,Watercolor on ivory,2 5/16 x 1 13/16 in. (5.9 x 4.6 cm),5.9,4.6,The American Wing,https://images.metmuseum.org/CRDImages/ad/original/APS6582.jpg
15233,2006.235.270,Carl Weinedel,Portrait of a Gentleman,1836,Watercolor on ivory,2 5/16 x 1 13/16 in. (6 x 4.7 cm),5.9,4.6,The American Wing,https://images.metmuseum.org/CRDImages/ad/original/DP168988.jpg
15235,2006.235.272,James Whitehorne,Nancy Kellogg,1838,Watercolor on ivory,3 1/16 x 2 9/16 in. (7.8 x 6.5 cm),7.8,6.5,The American Wing,https://images.metmuseum.org/CRDImages/ad/original/DP168989.jpg
15236,2006.235.273,James Whitehorne,Mary Kellogg,ca. 1838,Watercolor on ivory,3 1/16 x 2 1/2 in. (7.7 x 6.4 cm),7.8,6.4,The American Wing,https://images.metmuseum.org/CRDImages/ad/original/DP168991.jpg
15246,2006.235.277,Joseph Wood,James Stuart,1800–1805,Watercolor on ivory,2 1/16 x 1 11/16 in. (5.2 x 4.3 cm),5.2,4.3,The American Wing,https://images.metmuseum.org/CRDImages/ad/original/DP221832.jpg
15281,2006.235.292,,Portrait of a Boy,ca. 1820,Watercolor on ivory,2 x 1 11/16 in. (5.1 x 4.3 cm),5.1,4.2863,The American Wing,https://images.metmuseum.org/CRDImages/ad/original/APS6901.jpg
15284,2006.235.300,,Portrait of a Gentleman,ca. 1845,Watercolor on ivory,2 5/16 x 1 11/16 in. (5.9 x 4.3 cm),5.9,4.2863,The American Wing,https://images.metmuseum.org/CRDImages/ad/original/APS6910.jpg
15285,2006.235.301,,Portrait of a Gentleman,mid-19th century,Watercolor on ivory,1 11/16 x 1 7/16 in. (4.3 x 3.7 cm),4.3,3.6513,The American Wing,https://images.metmuseum.org/CRDImages/ad/original/APS6911.jpg
15304,1992.311.2,Archibald Robertson,William Udall,ca. 1800–1805,Watercolor on ivory,2 1/16 x 1 1/2 in. (5.2 x 3.8 cm),5.2,3.8,The American Wing,https://images.metmuseum.org/CRDImages/ad/original/DP105576.jpg
15307,1993.283,Joseph Wood,Self-portrait,ca. 1810,Watercolor on ivory,4 x 3 in. (10.2 x 7.6 cm),10.2,7.6,The American Wing,https://images.metmuseum.org/CRDImages/ad/original/DP105577.jpg
15481,1992.311.1,William Verstille,Portrait of a Gentleman,ca. 1785,Watercolor on ivory,1 1/2 x 1 in. (3.7 x 2.5 cm),3.7,2.5,The American Wing,https://images.metmuseum.org/CRDImages/ad/original/DP105575.jpg
15579,1996.425.1,Thomas Seir Cummings,Frederick Gore King,ca. 1827,Watercolor on ivory,3 x 2 in. (7.6 x 5.1 cm),7.6,5.1,The American Wing,https://images.metmuseum.org/CRDImages/ad/original/DP105580.jpg
15581,1996.425.2,,Portrait of a Gentleman,ca. 1845,Watercolor on ivory in hinged guilloche locket with cast foliate bezel; verso lens  contains fabric,1 3/4 x 1 in. (4.4 x 2.5 cm),4.4,2.5,The American Wing,https://images.metmuseum.org/CRDImages/ad/original/DP105581.jpg
15586,1996.562,Henry Inman,Portrait of a Lady,ca. 1825,Watercolor on ivory,3 3/8 x 2 3/8 in. (8.6 x 6 cm),6.0,8.6,The American Wing,https://images.metmuseum.org/CRDImages/ad/original/DT4115.jpg
15588,1996.563,Henry Benbridge,Portrait of a Gentleman,ca. 1770,Watercolor on ivory,1 1/4 x 1 7/8 in. (3.2 x 4.8 cm),3.2,4.8,The American Wing,https://images.metmuseum.org/CRDImages/ad/original/DT57.jpg
156269,2009.300.1542,,Fan,first quarter 18th century,"ivory, parchment, gouache",,,,Costume Institute,https://images.metmuseum.org/CRDImages/ci/original/62.184.53_front_CP4.jpg
156397,2009.300.1658,,Fan,third quarter 19th century,"ivory, paper, gouache, mother-of-pearl, metal, metallic",,,,Costume Institute,https://images.metmuseum.org/CRDImages/ci/original/17.149_front_CP4.jpg
156567,2009.300.1810,Debillemont,Fan,fourth quarter 19th century,"mother-of-pearl, paper, gouache, metal, glass",,,,Costume Institute,https://images.metmuseum.org/CRDImages/ci/original/49.22.8_front_CP4.jpg
156575,2009.300.1818,,Fan,1840–60,"ivory, paper, gouache, mother-of-pearl",,,,Costume Institute,https://images.metmuseum.org/CRDImages/ci/original/49.22.66_front_CP4.jpg
15917,2006.235.324,Thomas Badger,Portrait of Three Boys,1830s,Watercolor on ivory,4 15/16 x 3 5/8 in. (12.5 x 9.2 cm),12.5,9.2075,The American Wing,https://images.metmuseum.org/CRDImages/ad/original/SFcs324.jpg
15918,2006.235.325,,Portrait of a Gentleman,1834,Watercolor on ivory,1 5/16 x 1 in. (3.4 x 2.5 cm),3.3867,2.5,The American Wing,https://images.metmuseum.org/CRDImages/ad/original/SFcs325.jpg
15986,1997.340,Jeremiah Theus,Mrs. Jacob Motte (Rebecca Brewton),ca. 1758,Watercolor on ivory,1 3/8 x 1 1/4 in. (3.5 x 3.2 cm),3.5,3.175,The American Wing,https://images.metmuseum.org/CRDImages/ad/original/DP169101.jpg
15987,1997.520,Louis Antoine Collas,Eugenie Simon,1827,Watercolor on ivory,3 1/8 x 2 1/2 in. (7.9 x 6.3 cm),7.9,6.3,The American Wing,https://images.metmuseum.org/CRDImages/ad/original/DP161485.jpg
16038,1998.245,John Robinson,Portrait of a Lady,1822,Watercolor on ivory,3 1/4 x 2 11/16 in. (8.3 x 6.8 cm),0.8,6.8,The American Wing,https://images.metmuseum.org/CRDImages/ad/original/DP105584.jpg
16046,2006.235.326,James Peale,George Washington,1782,Watercolor on ivory,1 1/2 x 1 in. (3.8 x 2.5 cm),3.81,2.54,The American Wing,https://images.metmuseum.org/CRDImages/ad/original/DP169140.jpg
16067,2006.235.327,James Peale,Martha Washington,1782,Watercolor on ivory,"1 1/2 × 1 in., 2.2 lb. (3.8 × 2.5 cm)",3.81,2.54,The American Wing,https://images.metmuseum.org/CRDImages/ad/original/DP169141.jpg
16345,1998.413,Lilly Martin Spencer,Conversation Piece,ca. 1851–52,Oil on canvas,28 5/16 x 22 5/8 in. (71.9 x 57.5 cm),71.9,57.5,The American Wing,https://images.metmuseum.org/CRDImages/ad/original/DT4335.jpg
16450,1999.6,Mrs. Moses B. Russell (Clarissa Peters),Baby with Rattle and Dog,1842,Watercolor and gouache on ivory,4 1/2 x 3 1/2 in. (11.4 x 8.9 cm),11.4,8.9,The American Wing,https://images.metmuseum.org/CRDImages/ad/original/DT4353.jpg
16580,1999.143,Louis Lang,Art Students,ca. 1871,Oil on canvas,26 7/8 x 23 1/4 in. (68.3 x 59.1 cm),68.2626,59.0551,The American Wing,https://images.metmuseum.org/CRDImages/ad/original/DP-19092-001.jpg
16584,07.160,Gilbert Stuart,George Washington,begun 1795,Oil on canvas,30 1/4 x 25 1/4 in. (76.8 x 64.1 cm),76.8,64.1351,The American Wing,https://images.metmuseum.org/CRDImages/ad/original/DT62.jpg
16606,1999.313,,Lover's Eyes,ca. 1840,Watercolor on ivory,1 x 3/4 in. (2.5 x 1.9 cm),2.5,1.9,The American Wing,https://images.metmuseum.org/CRDImages/ad/original/DP-40087-001.jpg
16684,2000.25,Pierre Henri,The Artist's Family,ca. 1800,Watercolor on ivory,2 3/4 x 3 3/8 in. (7 x 8.6 cm),7.0,8.6,The American Wing,https://images.metmuseum.org/CRDImages/ad/original/DT4616.jpg
16687,2000.151,Rembrandt Peale,Michael Angelo and Emma Clara Peale,ca. 1826,Oil on canvas,30 x 25 in. (76.2 x 63.5 cm),76.2,63.5,The American Wing,https://images.metmuseum.org/CRDImages/ad/original/DT4656.jpg
16711,1999.491,,Portrait of Mrs. Crofts,ca. 1815–30,"Watercolor, graphite, gum arabic, shee (liquid) gold, and gouache on off-white (now oxidized) wove paper",10 x 8 in. (25.4 x 20.3 cm),25.4,20.32,The American Wing,https://images.metmuseum.org/CRDImages/ad/original/ap1999.491.jpg
16724,2000.71,Margaret Bogardus,Mr. Boardman,1837,Watercolor on ivory,3 1/8 x 3 3/4 in. (7.9 x 9.5 cm),7.9375,9.525,The American Wing,https://images.metmuseum.org/CRDImages/ad/original/DP105586.jpg
16725,2000.70,Ebenezer Mack,Jasper Ely Cropsey,ca. 1794,Watercolor on ivory,2 1/2 x 1 7/8 in. (6.4 x 4.8 cm),6.5,,The American Wing,https://images.metmuseum.org/CRDImages/ad/original/DP105585.jpg
16743,39.184.18,Angelica Kauffmann,The Temptation of Eros,1750–75,Oil on canvas,Framed: 18 7/8 x 23 11/16 x 2 7/8 in. (48 x 60.2 x 7.3 cm),48.0,60.2,The American Wing,https://images.metmuseum.org/CRDImages/ad/original/VR 39.184.18 Ptg. 1 Ret.jpg
16744,39.184.19,Angelica Kauffmann,The Victory of Eros,1750–75,Oil on canvas,Framed: 19 x 23 11/16 x 2 7/8 in. (48.3 x 60.2 x 7.3 cm),48.3,60.1664,The American Wing,https://images.metmuseum.org/CRDImages/ad/original/VR 39.184.19 Ptg. Ret.jpg
16777,2000.359,Thomas Sully,Madame Jerome Bonaparte (Elizabeth Patterson),ca. 1805–10,Watercolor on ivory,3 13/16 x 3 1/2 in. (9.7 x 8.9 cm),9.7,8.9,The American Wing,https://images.metmuseum.org/CRDImages/ad/original/DP169103.jpg
16781,2000.450,Gilbert Stuart,Captain John Gell,1785,Oil on canvas,94 1/2 x 58 1/2 in. (240 x 148.6 cm),240.0,148.6,The American Wing,https://images.metmuseum.org/CRDImages/ad/original/DT2040.jpg
16858,2000.484,Miss Leland,Portrait of a Boy,ca. 1840,Watercolor on ivory,4 1/4 x 4 in. (10.8 x 10.2 cm),10.8,10.2,The American Wing,https://images.metmuseum.org/CRDImages/ad/original/DP161491.jpg
16859,2000.452.1,Thomas Seir Cummings,Self-portrait,ca. 1825,Watercolor on ivory,3 x 2 1/2 in. (7.6 x 6.4 cm),7.6,6.35,The American Wing,https://images.metmuseum.org/CRDImages/ad/original/DP105587.jpg
16860,2000.452.2,Thomas Seir Cummings,Portrait of a Lady,ca. 1835,Watercolor on ivory,3 1/2 x 2 7/8 in. (8.9 x 7.3 cm),8.9,7.3,The American Wing,https://images.metmuseum.org/CRDImages/ad/original/DP105588.jpg
16861,2000.452.3,,Portrait of a Lady,ca. 1835,Watercolor on ivory,3 1/8 x 2 1/2 in. (7.9 x 6.4 cm),7.9,6.4,The American Wing,https://images.metmuseum.org/CRDImages/ad/original/DP105589.jpg
16892,2001.40,George Augustus Baker Sr.,Stephen Thorn,1818,Watercolor on ivory,2 11/16 in. x 2 1/8 (6.8 x 5.4 cm),6.8,,The American Wing,https://images.metmuseum.org/CRDImages/ad/original/DP169105.jpg
16893,2001.51,John Hesselius,Archibald McCall,ca. 1755–60,"Watercolor, gold leaf, and lead white on ivory",1 1/2 x 1 1/4 in. (3.8 x 3.2 cm),3.8,3.175,The American Wing,https://images.metmuseum.org/CRDImages/ad/original/DP161494.jpg
16894,2025.268,Charles Willson Peale,Nathaniel Ramsay,ca. 1793,Watercolor on ivory; gold case and red leather case,"1 3/4 x 1 3/8 in. (4.4 x 3.5 cm), (oval; with metal frame)",4.4,3.4925,The American Wing,https://images.metmuseum.org/CRDImages/ad/original/DP-43183-001.jpg
16906,2001.269,Henry Inman,Henry G. Stebbins,1838,Oil on canvas,30 x 24 in. (76.2 x 61 cm),76.2,61.0,The American Wing,https://images.metmuseum.org/CRDImages/ad/original/DT4975.jpg
16907,2001.95,Francois M. Guyol de Guiran,Portrait of a Gentleman and His Daughter,ca. 1805,Watercolor on ivory and painted paper,3 1/2 x 4 9/16 in. (8.9 x 11.6 cm),8.89,11.5888,The American Wing,https://images.metmuseum.org/CRDImages/ad/original/DP162123.jpg
16954,2001.400,Washington Blanchard,Henry Larcom Abbot,1835,Watercolor on ivory,3 5/8 x 2 3/4 in. (9.2 x 7 cm),9.2075,6.985,The American Wing,https://images.metmuseum.org/CRDImages/ad/original/DP105590.jpg
16958,2002.612,John Singleton Copley,Elizabeth Greenleaf,1753–54,Oil on canvas,21 1/2 x 17 3/4 in. (54.6 x 45.1 cm),54.6,45.1,The American Wing,https://images.metmuseum.org/CRDImages/ad/original/2002.612.jpg
16959,2002.611,John Singleton Copley,John Greenleaf,1753–54,Oil on canvas,21 1/2 x 17 3/4 in. (54.6 x 45.1 cm),54.6,45.1,The American Wing,https://images.metmuseum.org/CRDImages/ad/original/2002.611.jpg
17072,2001.666,Thomas Seir Cummings,"The Children of Homer Ramsdell, Esq.",1842,Watercolor on ivory,7 3/8 x 5 3/4 in. (18.7 x 14.6 cm),18.7,14.6,The American Wing,https://images.metmuseum.org/CRDImages/ad/original/DP162124.jpg
17447,2002.259,Lawrence Kilburn (or Kilbrunn),Portrait of a Lady,1764,Oil on canvas,30 x 25 in. (76.2 x 63.5 cm),76.2002,63.5001,The American Wing,https://images.metmuseum.org/CRDImages/ad/original/DT5410.jpg
17450,2002.292,Anna Claypoole Peale,Sarah Ann Beck,ca. 1818,Watercolor on ivory,3 x 2 1/2 in. (7.6 x 6.4 cm),7.62,6.4,The American Wing,https://images.metmuseum.org/CRDImages/ad/original/DP161496.jpg
17465,2002.444,Albertis del Orient Browere,Rip Van Winkle,1833,Oil on canvas,21 1/8 x 25 in. (53.7 x 63.5 cm),53.6576,63.5001,The American Wing,https://images.metmuseum.org/CRDImages/ad/original/DT201996.jpg
17514,2002.476.1,John Ramage,Mrs. James Bleecker (Sarah Bache),ca. 1795,Watercolor on ivory,2 1/8 x 1 3/8 in. W (5.4 x 3.5 cm),5.3975,,The American Wing,https://images.metmuseum.org/CRDImages/ad/original/DP223009.jpg
17515,2002.476.2,John Ramage,Mrs. James Bleecker (Elizabeth Garland Bache),ca. 1788,Watercolor on ivory,1 7/8 x 1 5/8 in. (4.8 x 4.1 cm),4.7625,,The American Wing,https://images.metmuseum.org/CRDImages/ad/original/DP217065.jpg
17517,2002.508,George W. Twibill Jr.,Portrait of a Lady and Child,1833,Oil on canvas,36 3/8 x 29 3/16 in. (90.2 x 72.4 cm),92.3927,74.1364,The American Wing,https://images.metmuseum.org/CRDImages/ad/original/APS3468.jpg
17544,2003.51,John Henry Brown,Ada Brown,1847,Watercolor on ivory,1 15/16 in. (4.9 cm) x 1 7/16 in. (3.61 cm),4.9213,,The American Wing,https://images.metmuseum.org/CRDImages/ad/original/DP169137.jpg
17558,2003.189,John Wesley Jarvis,Ellen Vanderpoel McCoy,ca. 1813,Oil on panel,35 x 26 3/16 in. (88.9 x 66.5 cm),88.9002,66.5164,The American Wing,https://images.metmuseum.org/CRDImages/ad/original/SFTR2642003.jpg
17564,2003.191,Adolph Ulrich Wertmuller,Portrait of a Lady,ca. 1805,Oil on tin,3 5/8 x 2 7/8 in. (9.2 x 7.3 cm),9.2075,,The American Wing,https://images.metmuseum.org/CRDImages/ad/original/DP168972.jpg
17660,2003.520,Henry Inman,Portrait of a Lady,ca. 1827,Watercolor on ivory,3 x 2 in. (7.6 x 5.1 cm),7.62,5.08,The American Wing,https://images.metmuseum.org/CRDImages/ad/original/DT11701.jpg
17783,2004.109,Philippe Abraham Peticolas,Portrait of a Gentleman,1798,Watercolor on ivory,Oval: 2 7/8 in. H  x 2 5/16 in.  W (7.3 cm x 5.86 cm),7.3025,,The American Wing,https://images.metmuseum.org/CRDImages/ad/original/DP169108.jpg
17804,"2004.117a, b",William Dunlap,Self-portrait,ca. 1825,Watercolor on ivory,3 x 2 in. (7.6 x 5.1 cm),7.62,5.08,The American Wing,https://images.metmuseum.org/CRDImages/ad/original/DP161500.jpg
17901,2005.29,John Wood Dodge,Mrs. John Wood Dodge (Mary Louise Dodge),1836,Watercolor on ivory,4 3/4 x 3 5/8 in. (12.1 x 9.2 cm),12.065,9.2075,The American Wing,https://images.metmuseum.org/CRDImages/ad/original/DP115295.jpg
18113,2004.276,Mather Brown,General George Eliott,1790,Oil on canvas,98 3/16 x 64 3/8 in. (249.4 x 163.5 cm),249.3967,163.5128,The American Wing,https://images.metmuseum.org/CRDImages/ad/original/DT5671.jpg
18588,2004.285,William M. S. Doyle,Portrait of a Gentleman,1810,Watercolor on ivory,3 x 2 3/8 in. (7.6 x 6 cm),7.62,6.0325,The American Wing,https://images.metmuseum.org/CRDImages/ad/original/DP110801.jpg
187997,"95.14.3a, b",,Box with portrait of a woman,ca. 1780,"Tortoiseshell, gold; ivory, glass",Overall: 1 × 2 1/2 in. (2.5 × 6.4 cm),2.540005,,European Sculpture and Decorative Arts,https://images.metmuseum.org/CRDImages/es/original/DP-16097-001.jpg
188001,"95.14.10a, b",Jean-Baptiste Gillet,"Box with portrait of a woman, said to be Princesse de Ligne",1768–75,"Tortoiseshell, gold, ivory",1 1/4 × 3 in. (3.2 × 7.6 cm),3.1750064,,European Sculpture and Decorative Arts,https://images.metmuseum.org/CRDImages/es/original/SF95_14_10 ab.jpg
188005,95.14.18,British Painter,Box,1832,"Gold, rhinestones, enamel","Box: 1 in. × 3 1/2 in. × 2 5/8 in. (2.5 × 8.9 × 6.7 cm);
Miniature (sight): 2 1/16 × 1 7/16 in. (5.2 × 3.7 cm)",2.540005,8.8900175,European Sculpture and Decorative Arts,https://images.metmuseum.org/CRDImages/es/original/SF95_14_18.jpg
18811,2004.567,James Reid Lambdin,Portrait of a Gentleman,1831,Watercolor on ivory,H. 2 5/16 in. x 1 7/8 in.  (5.9 cm x 4.8 cm),,,The American Wing,https://images.metmuseum.org/CRDImages/ad/original/DP115297.jpg
18830,"2005.90a, b",Daniel F. Ames,Portrait of a Lady,ca. 1845,Watercolor on ivory,Framed: 3 x 2 1/4 in. (7.6 x 5.7 cm),7.62,5.715,The American Wing,https://images.metmuseum.org/CRDImages/ad/original/DP118423.jpg
189432,07.225.155a,French Painter,Woman in a straw hat (one of a set),1770–90,Oil on canvas,"Overall (sight, oval): 26 × 19 1/2 in. (66 × 49.5 cm)",66.04013,49.530098,European Sculpture and Decorative Arts,https://images.metmuseum.org/CRDImages/es/original/DP276256.jpg
189436,"07.225.157a, b",French Painter,Allegorical subject,early 18th century,Oil on canvas; oak enframement,"Overall (enframement, confirmed): 46 5/8 × 63 × 4 3/4 in. (118.4 × 160 × 12.1 cm);
Overall (canvas, irregular confirmed): 33 3/4 × 52 1/2 in. (85.7 × 133.4 cm)",85.725174,133.35027,European Sculpture and Decorative Arts,https://images.metmuseum.org/CRDImages/es/original/DP277529.jpg
189526,07.225.255,French Painter,"Cupid as a Messenger, with Caduceus",ca. 1730,Oil on canvas,Overall (oval): 34 1/4 × 38 3/4 in. (87 × 98.4 cm),86.99517,98.42519,European Sculpture and Decorative Arts,https://images.metmuseum.org/CRDImages/es/original/DP278832.jpg
189538,07.225.269,,Cupid Seated on a Garland,1770–90,Oil on canvas,Overall: 19 × 34 3/4 in. (48.3 × 88.3 cm),48.260098,88.265175,European Sculpture and Decorative Arts,https://images.metmuseum.org/CRDImages/es/original/DP278833.jpg
189547,07.225.304,,Panel (from a sedan chair (?)),ca. 1745,Oil on walnut,Overall (confirmed): 25 3/16 × 22 3/8 × 1/4 in. (64 × 56.8 × 0.6 cm),63.97638,56.832615,European Sculpture and Decorative Arts,https://images.metmuseum.org/CRDImages/es/original/DP278834.jpg
189555,07.225.315a,Piat Joseph Sauvage,Amorini at play (one of a pair),1770–90,Oil on canvas,Overall: 21 3/4 × 33 7/8 in. (55.2 × 86 cm),55.24511,86.04267,European Sculpture and Decorative Arts,https://images.metmuseum.org/CRDImages/es/original/DP278051.jpg
189556,07.225.315b,Piat Joseph Sauvage,Amorini at play (one of a pair),1770–90,Oil on canvas,Overall: 21 3/4 × 33 7/8 in. (55.2 × 86 cm),55.2,86.0,European Sculpture and Decorative Arts,https://images.metmuseum.org/CRDImages/es/original/DP278052.jpg
18958,2005.175,Aramenta Dianthe Vail,Watson Van Benthuysen II and Thomas Van Benthuysen,ca. 1837,Watercolor on ivory,"Sight: 4 5/8 x 3 11/16 in. (11.7 x 9.4 cm)
Framed: 10 9/16 x 9 9/16 x 2 1/4 in. (26.8 x 24.3 x 5.7 cm)",26.828804,24.2888,The American Wing,https://images.metmuseum.org/CRDImages/ad/original/DP168881.jpg
189656,07.225.396,Joseph Marie Vien,Allegory of Smell,1775–81,Oil on paper,Overall: 12 1/2 × 8 3/4 in. (31.8 × 22.2 cm),31.8,22.2,European Paintings,https://images.metmuseum.org/CRDImages/ep/original/DP-44694-001.jpg
189710,07.225.457a,French Painter,Perfume-burner supported by baby tritons and garlanded with flowers,18th century,Oil on canvas,"Overall: 21 × 26 5/8 in. (53.3 × 67.6 cm);
Framed: 23 1/2 × 30 in. (59.7 × 76.2 cm)",53.340107,67.62763,European Sculpture and Decorative Arts,https://images.metmuseum.org/CRDImages/es/original/DP104646.jpg
189712,07.225.458a,Jean -Siméon Rousseau de la Rottière,"Door panel from the ""Cabinet Turc"" of Comte d'Artois at Versailles",1781,Oil on oak,"Overall (confirmed): 37 1/8 × 28 7/8 × 1 3/8 in. (94.3 × 73.3 × 3.5 cm);
Overall (painted surface): 32 × 23 1/2 in. (81.3 × 59.7 cm)",94.29769,73.34264,European Sculpture and Decorative Arts,https://images.metmuseum.org/CRDImages/es/original/DP102665.jpg
19014,2006.1,John Singleton Copley,Moses Gill,ca. 1759,Oil and gold leaf on copper,1 5/8 × 1 1/8 in. (4.1 × 2.9 cm),4.127508,2.8575058,The American Wing,https://images.metmuseum.org/CRDImages/ad/original/DP132145.jpg
19015,2006.7,Daniel Dickinson,John Neagle,1830,Watercolor on ivory,3 x 2 3/8 in. (7.6 x 6 cm),7.62,6.0325,The American Wing,https://images.metmuseum.org/CRDImages/ad/original/DP132146.jpg
19022,2006.418,Unknown Artist,Catherina Elmendorf,1752,Oil on canvas,50 x 40 in. (127 x 101.6 cm),127.0003,101.6002,The American Wing,https://images.metmuseum.org/CRDImages/ad/original/DP141202.jpg
19039,2005.399,Samuel Broadbent Jr.,Portrait of a Lady,1837,Watercolor on ivory,"2 1/4 x 1 7/8 in. (5.7 x 4.8 cm)
Case: 2 7/8 x 2 3/8 in. (7.3 x 6 cm)
Sight: 2 5/16 x 1 15/16 in. (5.9 x 4.9 cm)",5.715,4.7625,The American Wing,https://images.metmuseum.org/CRDImages/ad/original/DP124843.jpg
19056,2005.462.1,Gilbert Stuart,John Shaw,1793,Oil on canvas,36 x 28 in. (91.4 x 71.1 cm),91.4402,71.1201,The American Wing,https://images.metmuseum.org/CRDImages/ad/original/DP136861.jpg
19065,2008.573,George W. Twibill Jr.,The Family of John Q. Aymar,ca. 1833,Oil on canvas,34 3/4 x 42 in. (88.3 x 106.7 cm),88.2652,106.6802,The American Wing,https://images.metmuseum.org/CRDImages/ad/original/figure 107R1_24Z.jpg
19206,2006.276,Daniel Huntington,John Taylor Johnston,1875,Oil on canvas,43 1/2 x 33 1/2 in. (110.5 x 85.1 cm),110.4902,85.0902,The American Wing,https://images.metmuseum.org/CRDImages/ad/original/DP141217.jpg
19376,2006.444,,Portrait of a Boy,1840s,Watercolor on ivory,Sight: 3 1/8 x 2 3/8 in. (7.9 x 6 cm),12.3825,10.795,The American Wing,https://images.metmuseum.org/CRDImages/ad/original/DP146262.jpg
193806,17.190.1114,Gabriel-Raoul Morel,"Snuffbox with miniature of the Empress Marie-Louise, the King of Rome, and Napoléon I",ca. 1815,"Gold, ivory","3-1/8 x 2-1/2 in.  (7.9 x 6.4 cm);
Empress Marie-Louise, oval, 2 1/4 x 1 5/8 in. (58 x 41 mm); King of Rome, oval, 2 1/4 x 1 5/8 in. (56 x 40 mm); Napoléon I, oval, 2 x 1 1/2 in. (49 x 38 mm)",5.08001,3.8100076,European Sculpture and Decorative Arts,https://images.metmuseum.org/CRDImages/es/original/M182.jpg
193815,"17.190.1127a, b",Carl Christian Kanz,Snuffbox with portrait of a woman,ca. 1820,"Gold, enamel",3/4 × 2 3/4 in. (1.9 × 7 cm),1.9050038,,European Sculpture and Decorative Arts,https://images.metmuseum.org/CRDImages/es/original/ep17.190.1127.R.jpg
193816,17.190.1128,Jean-Joseph Barrière,"Snuffbox with portrait of a man, probably Prinz Karl von Sachsen (1733–1796)",1778–79,"Gold, enamel, ivory, glass",Box: 2 3/8 × 3 3/8 in. (6 × 8.6 cm); Miniature: 1 7/16 × 1 3/16 in. (3.7 × 3 cm),,6.0,European Sculpture and Decorative Arts,https://images.metmuseum.org/CRDImages/es/original/DP-25120-001.jpg
193819,"17.190.1134a, b",Johann Heinrich Hurter,Box with portrait of a woman,ca. 1770–75,"Gold, enamel","box: 1 1/16 × 3 1/8 in. (2.7 × 7.9 cm);
Diameter (miniature): 1 1/2 in. (3.8 cm)",2.6987555,7.9375157,European Sculpture and Decorative Arts,https://images.metmuseum.org/CRDImages/es/original/M110.jpg
193822,17.190.1138,Joseph Etienne Blerzy,Snuffbox with portrait of a woman,"1773–74, miniature ca. 1778–80","Gold, enamel, ivory, glass","Box: 3 1/4 × 2 7/16 in. (8.3 × 6.2 cm); Miniature, sight: 1 5/8 × 1 5/16 in. (4.1 × 3.3 cm)",8.3,6.2,European Sculpture and Decorative Arts,https://images.metmuseum.org/CRDImages/es/original/LC-17_190_1138.jpg
193823,"17.190.1139a, b",French Painter,Box with miniature portrait of a woman,ca. 1790,"Gold, tortoiseshell, glass, ivory",1 11/16 in. × 3 in. (4.3 × 7.6 cm); Miniature: 2 1/8 × 1 3/4 in. (5.4 × 4.4 cm),5.397511,4.4450088,European Sculpture and Decorative Arts,https://images.metmuseum.org/CRDImages/es/original/DP328665.jpg
193860,"17.190.1183a, b",Johann Wilhelm Keibel,Snuffbox with scene of harvesting fruit,ca. 1820,"Four-color gold, painting in gouache on vellum",Overall: 1 × 4 1/8 in. (2.5 × 10.5 cm); Diameter (Miniature): 2 3/4 in. (7 cm),2.540005,,European Sculpture and Decorative Arts,https://images.metmuseum.org/CRDImages/es/original/ES542.jpg
193865,17.190.1189,Joseph Etienne Blerzy,Snuffbox with miniature of a mother nursing a child,1775–76,"Gold, enamel",3 5/16 × 2 7/16 in. (8.4 × 6.2 cm),8.413767,6.1912622,European Sculpture and Decorative Arts,https://images.metmuseum.org/CRDImages/es/original/ES7798.jpg
193873,17.190.1198,Paul Robert,Snuffbox,1758–59,"Gold, enamel",Overall: 3 3/16 × 2 9/16 in. (8.1 × 6.5 cm),8.1,6.5,European Sculpture and Decorative Arts,https://images.metmuseum.org/CRDImages/es/original/LC-17_190_1198-001.jpg
193874,17.190.1199,Jean-Charles-Simphorien Dubos,Snuffbox,1759–60,"Gold, enamel",Overall: 2 13/16 × 2 3/16 in. (7.1 × 5.6 cm),7.1,5.6,European Sculpture and Decorative Arts,https://images.metmuseum.org/CRDImages/es/original/LC-17_190_1199-001.jpg
193918,17.190.1252a–c,,Souvenir,1774–80,"Gold, vernis Martin, diamonds; ivory",3 1/2 × 2 in. (8.9 × 5.1 cm),8.8900175,5.08001,European Sculpture and Decorative Arts,https://images.metmuseum.org/CRDImages/es/original/SF17_190_1252_img1.jpg
193921,17.190.1257a–c,Nadine Vallin,Souvenir,ca. 1777?–89,"Gold, lacquer; ivory","3 9/16 × 2 1/8 in. (9 × 5.4 cm);
miniature, sight: 1 3/8 × 1 1/16 in. (3.5 × 2.7 cm)",3.492507,2.6987555,European Sculpture and Decorative Arts,https://images.metmuseum.org/CRDImages/es/original/SF17_190_1257_img1.jpg
193925,17.190.1263a–c,Alexander Roslin,Souvenir with miniature portrait of François Boucher,1775–81,"Gold, enamel, ivory","3 1/2 x 2 in.  (8.9 x 5.1 cm)
Miniature:  1 1/2 x 1 3/16 in. (3.8 x 3 cm)",8.9,5.1,European Sculpture and Decorative Arts,https://images.metmuseum.org/CRDImages/es/original/LC-17_190_1263-002.jpg
193926,17.190.1265a–c,Thomas-François Merlin,Souvenir with portrait of a man,1775–76,"Ivory, gold, enamel; ivory","3 3/8 × 2 1/8 in. (8.6 × 5.4 cm);
miniature, oval: 1 1/4 × 1 1/8 in. (3.2 × 2.9 cm)",3.1750064,2.8575058,European Sculpture and Decorative Arts,https://images.metmuseum.org/CRDImages/es/original/DP169549.jpg
193951,"17.190.1306a, b",Barthélemy Pillieux,Souvenir,1780–81,"Gold, enamel, diamonds",3 9/16 × 2 5/16 in. (9 × 5.9 cm),9.048768,5.8737617,European Sculpture and Decorative Arts,https://images.metmuseum.org/CRDImages/es/original/SF17_190_1306_img1.jpg
193986,17.190.1371a–c,C. De Roy,Souvenir,1773–74,"Gold, ivory",3 3/8 × 2 in. (8.6 × 5.1 cm),8.572517,5.08001,European Sculpture and Decorative Arts,https://images.metmuseum.org/CRDImages/es/original/SF17_190_1371_img1.jpg
193993,17.190.1389a–c,Gabriel Lebidois,Souvenir with portrait of a woman,1785–86,"Gold, enamel, diamonds; ivory",3 3/8 × 2 1/4 in. (8.6 × 5.7 cm),8.572517,5.7150116,European Sculpture and Decorative Arts,https://images.metmuseum.org/CRDImages/es/original/SF17_190_1389_img1.jpg
19425,2007.26,John Neagle,Reverend Samuel Brown Wiley,1847,"Oil, pen, and ink on paper",14 1/4 x 9 in. (36.2 x 22.9 cm),36.1951,22.86,The American Wing,https://images.metmuseum.org/CRDImages/ad/original/SFcs61562006.jpg
19426,2007.61,Mary Roberts,Williams Middleton,ca. 1752–58,Watercolor on ivory,Oval: 1 1/2 x 1 in. (3.8 x 2.5 cm),3.81,2.54,The American Wing,https://images.metmuseum.org/CRDImages/ad/original/DP145440.jpg
19427,2007.62,Mary Roberts,William Middleton,ca. 1752–58,Watercolor on ivory,1 1/2 x 1 in. (3.8 x 2.5 cm),3.81,2.54,The American Wing,https://images.metmuseum.org/CRDImages/ad/original/DP145441.jpg
19428,2007.63,Mary Roberts,Thomas Middleton,ca. 1752–58,Watercolor on ivory,1 1/2 x 1 in. (3.8 x 2.5 cm),3.81,2.54,The American Wing,https://images.metmuseum.org/CRDImages/ad/original/DP145442.jpg
19429,2007.64,Mary Roberts,Hester Middleton,ca. 1752–58,Watercolor on ivory,1 1/2 x 1 in. (3.8 x 2.5 cm),3.81,2.54,The American Wing,https://images.metmuseum.org/CRDImages/ad/original/DP145443.jpg
19430,2007.65,Mary Roberts,Henrietta Middleton,ca. 1752–58,Watercolor on ivory,1 1/2 x 1 in. (3.8 x 2.5 cm),3.81,2.54,The American Wing,https://images.metmuseum.org/CRDImages/ad/original/DP145444.jpg
194838,21.116,Andrea della Robbia,Prudence,ca. 1475,Glazed terracotta,"Overall (confirmed): 64 3/4 in., 920 lb. (164.5 cm, 417.3 kg)",,,European Sculpture and Decorative Arts,https://images.metmuseum.org/CRDImages/es/original/DP-15823-001.jpg
195456,26.54,Philip Webb,The Backgammon Players,1861,"Painted pine, oil paint on leather, brass, copper",Overall: 73 × 45 × 21 in. (185.4 × 114.3 × 53.3 cm),185.42036,114.30023,European Sculpture and Decorative Arts,https://images.metmuseum.org/CRDImages/es/original/DP169654.jpg
195530,26.260.22,Antoine Watteau,The Four Seasons,second quarter 18th century,"Canvas, painted in oil, with damask backing",Overall: 55 × 88 in. (139.7 × 223.5 cm),139.7,223.5,European Sculpture and Decorative Arts,https://images.metmuseum.org/CRDImages/es/original/LC-26_260_22-001.jpg
19568,2024.227,,Lover's Eye locket,ca. 1840,"Watercolor miniature on ivory set in a gold locket with blue enamel, seed pearls, stones, and hair",2 1/2 × 1 13/16 in. (6.4 × 4.6 cm),6.35,4.6038,The American Wing,https://images.metmuseum.org/CRDImages/ad/original/DP-42536-001.jpg
195779,27.112,,Saint Jerome (one of a pair),mid-16th century,"Alabaster, painted and gilt",Overall (confirmed): H. 20 5/8 x D. 4 1/4 in. (52.4 x 10.8 cm); Diam. 21 in. (53.3 cm),,,European Sculpture and Decorative Arts,https://images.metmuseum.org/CRDImages/es/original/DP221972.jpg
196918,32.53.2,John Wootton,Classical Landscape with Roma Figures,1748,Oil on canvas,Overall: 55 1/4 × 51 3/8 in. (140.3 × 130.5 cm),140.3,130.5,European Sculpture and Decorative Arts,https://images.metmuseum.org/CRDImages/es/original/DP169632.jpg
196981,32.75.46,Nicolas Marguerit,Snuffbox with portrait of a woman,1775–76,"Gold, enamel","box: 1 × 2 3/4 × 1 5/8 in. (2.5 × 7 × 4.1 cm);
miniature (oval): 1 1/8 × 1 in. (2.9 × 2.5 cm)",2.8575058,2.540005,European Sculpture and Decorative Arts,https://images.metmuseum.org/CRDImages/es/original/SF32_75_46.jpg
196982,"32.75.47a, b",Continental Painter,Box with portraits of two sisters,ca. 1800,"Tortoiseshell, gold, ivory","Box: 1 × 3 1/2 in. (2.5 × 8.9 cm);
Miniature, oval (each): 2 × 1 1/8 in. (5.1 × 2.9 cm)",5.08001,2.8575058,European Sculpture and Decorative Arts,https://images.metmuseum.org/CRDImages/es/original/DP-16097-063.jpg
196983,32.75.48,Georg Christian Seiptius,Snuffbox with portrait of Christian VII (1749-1808),ca. 1780–1800,"Gold, enamel",Overall: 3/4 × 2 5/8 × 1 5/8 in. (1.9 × 6.7 × 4.1 cm),1.9050038,6.6675134,European Sculpture and Decorative Arts,https://images.metmuseum.org/CRDImages/es/original/DP-16097-065.jpg
19718,2007.437,Henry Colton Shumway,Catherine Augusta Wilmerding,1843,Watercolor on ivory,"6 1/4 x 5 1/2 in. (15.9 x 14 cm)
Other (watercolor on an ivory support): 3 3/4 x 4 3/4 in. (9.5 x 12.1 cm)",15.875,13.97,The American Wing,https://images.metmuseum.org/CRDImages/ad/original/DP157979.jpg
19719,"2007.362a, b",Nathaniel Hancock,"Joseph Barrell, Jr. (1765-1801)",ca. 1790,Watercolor on ivory,"Portrait: 2 15/16 x 2 3/8 in. (7.5 x 6.1 cm)
Mount (excluding hanging loop): 3 1/4 x 2 11/16 in. (8.2 x 6.9 cm)
Memorial: 2 15/16 x 2 3/8 in. (7.5 x 6.1 cm)",7.5,6.1,The American Wing,https://images.metmuseum.org/CRDImages/ad/original/DP157092.jpg
19732,2008.5,,A Family Group,ca. 1850,Oil on canvas,55 3/4 x 72 in. (141.6 x 182.9 cm),141.6053,182.8804,The American Wing,https://images.metmuseum.org/CRDImages/ad/original/DP159187.jpg
197469,34.34,Diego de Tiedra,Saint Agnes (one of a pair),mid-16th century,"Alabaster, painted and gilt","Overall (confirmed): H. 20 1/4 x W. 20 1/2 x D. 4 7/8 in. (51.4 x 52.1 x 12.4 cm);
Diameter (historic dimensions, superceded): 21 in. (53.3 cm)",51.435104,52.070103,European Sculpture and Decorative Arts,https://images.metmuseum.org/CRDImages/es/original/DP221974.jpg
19773,2008.97,Frederick R. Spencer,Portrait of a Lady,1830,Watercolor on ivory,Sight: 2 5/8 x 2 1/4 in. (6.7 x 5.7 cm),6.6675134,5.7150116,The American Wing,https://images.metmuseum.org/CRDImages/ad/original/DP162981.jpg
19815,2008.244,Matthew Pratt,Reynold Keen,ca. 1769,Oil on Canvas,Sight: 30 x 25 in. (76.2 x 63.5 cm),76.2002,63.5001,The American Wing,https://images.metmuseum.org/CRDImages/ad/original/DP165122.jpg
19816,2008.243,Matthew Pratt,Christiana Stille Keen,ca. 1769,Oil on canvas,Sight: 30 x 25 in. (76.2 x 63.5 cm),76.2002,63.5001,The American Wing,https://images.metmuseum.org/CRDImages/ad/original/DP165121.jpg
19826,2008.467,Gilbert Stuart,James DeLancey,ca. 1785,Oil on canvas,"Sight size: 30 x 24 in. (76.2 x 61 cm)
Framed: 40 x 35 x 2 3/8 in. (101.6 x 88.9 x 6 cm)",76.2002,60.9601,The American Wing,https://images.metmuseum.org/CRDImages/ad/original/DP218093.jpg
200386,48.187.427,Joseph Etienne Blerzy,"Snuffbox with portrait of Catherine II (1729–1796), Empress of Russia","1774–75, minaiture ca. 1786","Gold, enamel, diamonds","Overall: 1 3/8 × 3 × 2 3/16 in. (3.5 × 7.6 × 5.6 cm);
Miniature: 1 1/8 × 15/16 in. (2.9 × 2.4 cm)",2.8575058,2.3812547,European Sculpture and Decorative Arts,https://images.metmuseum.org/CRDImages/es/original/LC-48_187_427-001.jpg
200413,48.187.454,Joseph Etienne Blerzy,"Snuffbox with portrait of a member of the French royal family, probably a daughter of Louis XV",1783–84,"Gold, enamel, gouache on cloth, glass","Box: 1 3/16 × 3 1/4 × 2 1/2 in. (3 × 8.3 × 6.4 cm);
Miniature (oval): 1 1/2 × 1 1/8 in. (3.8 × 2.9 cm)",3.8100076,2.8575058,European Sculpture and Decorative Arts,https://images.metmuseum.org/CRDImages/es/original/ep48.187.454.R.jpg
200433,48.187.474,Barthélemy Pillieux,Snuffbox with miniature depicting the return of Theseus,1781,"Gold, enamel",1 × 2 1/2 in. (2.5 × 6.4 cm),2.540005,6.350013,European Sculpture and Decorative Arts,https://images.metmuseum.org/CRDImages/es/original/SF48_187_474.jpg
200557,49.7.62,Andrea della Robbia,Madonna and Child,ca. 1480–90,"Relief: glazed terracotta; frame: wood, polychromed and gilt","Diameter: 21 1/2 in. (54.6 cm);
Framed: 42 × 35 in. (106.7 × 88.9 cm)",,,European Sculpture and Decorative Arts,https://images.metmuseum.org/CRDImages/es/original/ES7896.jpg
200656,50.133,Anthelme François Lagrenée,"Snuffbox with portraits of Empress Maria Feodorovna, her Son Grand Duke Michael Pavlovich, and her daughter-in-law Elena Pavlovna",ca. 1823,"Gold, silver, tortoiseshell, enamel, ivory, glass","1 x 3-1/2 x 2-3/16 in.  (2.5 x 8.9 x 5.6 cm); 
Miniatures: Empress, oval, 1 1/2 x 1 1/8 in. (38 x 27 mm); Grand Duke, oval, 1 3/8 x 1 1/8 in. (36 x 26 mm); Elena Pavlovna, oval, 1 3/8 x 1 1/8 in. (36 x 26 mm)",2.5,8.9,European Sculpture and Decorative Arts,https://images.metmuseum.org/CRDImages/es/original/ep50.133.R.jpg
20114,2009.15a–c,Margaret Bogardus,Paul Joseph Revere,ca. 1840,Watercolor on ivory,3 13/16 x 3 in. (9.7 x 7.6 cm),16.8275,14.2875,The American Wing,https://images.metmuseum.org/CRDImages/ad/original/DP207859.jpg
20129,2013.604,Seymour Joseph Guy,Story of Golden Locks,ca. 1870,Oil on canvas,34 x 28 in. (86.4 x 71.1 cm),86.3602,71.1201,The American Wing,https://images.metmuseum.org/CRDImages/ad/original/DP219245.jpg
202391,60.50a,Adam Partnership,Ceremonial scene with Abundance and Piping Pan,1765–66,Oil on canvas,Overall: 60 1/4 × 68 in. (153 × 172.7 cm),153.03531,172.72035,European Sculpture and Decorative Arts,https://images.metmuseum.org/CRDImages/es/original/DP169993.jpg
203921,64.101.1426,Alvise of Padua,Triumph of Neptune,ca. 1515–25,Bronze,Diameter: 9 3/4 in. (24.8 cm),,,European Sculpture and Decorative Arts,https://images.metmuseum.org/CRDImages/es/original/DP-1357-001.jpg
20398,2009.210,Unknown Artist,M.T. Webb,ca. 1830,Watercolor on ivory,"Sight: 2 5/8 x 3 3/16 in. (6.7 x 8.1 cm)
Locket: 3 9/16 x 2 5/8 in. (9 x 6.7 cm)
Case: 4 7/16 x 3 3/8 in. (11.3 x 8.6 cm)",11.2713,8.5725,The American Wing,https://images.metmuseum.org/CRDImages/ad/original/DP214167.jpg
20412,2009.322,"Jeremiah Paul, 1775-1820",Portrait of a Gentleman,1800,Watercolor on ivory,3 1/4 x 2 11/16 in. (8.3 x 6.8 cm),8.255016,6.8262634,The American Wing,https://images.metmuseum.org/CRDImages/ad/original/DP218201.jpg
20414,2009.243,Edward Greene Malbone,Eye of Maria Miles Heyward,ca. 1802,Watercolor on ivory,3/8 in. (1 cm),0.9525019,,The American Wing,https://images.metmuseum.org/CRDImages/ad/original/DP-40088-001.jpg
20517,2010.105,Prince Demah Barnes,Portrait of William Duguid,1773,Oil on canvas,"Canvas: 20 3/4 × 15 3/4 × 1 1/8 in. (52.7 × 40 × 2.9 cm)
Framed: 22 1/2 × 17 1/2 × 1 1/2 in. (57.2 × 44.5 × 3.8 cm)",52.705105,40.00508,The American Wing,https://images.metmuseum.org/CRDImages/ad/original/DP232807.jpg
205194,1970.125.1,,Boy dummy board,ca. 1690,"Painted on softwood, varnish",Overall (with stand): 38 5/8 × 13 × 7 3/4 in. (98.1 × 33 × 19.7 cm),98.1077,33.020065,European Sculpture and Decorative Arts,https://images.metmuseum.org/CRDImages/es/original/DP-14061-073.jpg
206166,1974.356.662,Les Frères Souchay,Snuffbox with portrait of a woman,ca. 1785–95,"Gold, enamel",Overall: 3 1/8 × 1 3/16 in. (7.9 × 3 cm),7.9375157,3.016256,European Sculpture and Decorative Arts,https://images.metmuseum.org/CRDImages/es/original/SF1974_356_662_img1.jpg
206321,1975.87,"The Kremlin Armory Workshops, Moscow",Triptych with the Mandylion,1637,"Silver, partly gilt, niello, enamel, sapphires, rubies, spinels, pearls, leather, silk velvet, oil paint, gesso, linen, mica, pig-skin, woods: Tilia cordata (basswood or linden), white oak","Overall (open, confirmed): 27 × 35 3/4 × 5 in. (68.6 × 90.8 × 12.7 cm)",68.58014,90.80518,European Sculpture and Decorative Arts,https://images.metmuseum.org/CRDImages/es/original/DP-14793-001.jpg
206420,1976.155.20,Charles Le Bastier,Snuffbox,1771–72,"Gold, enamel",Overall: 1 9/16 × 3 5/16 × 2 3/8 in. (4 × 8.4 × 6 cm),3.9687579,8.413767,European Sculpture and Decorative Arts,https://images.metmuseum.org/CRDImages/es/original/LC-1976_155_20-001.jpg
206421,1976.155.21,Jean Ducrollay,Double snuffbox,1749–50,"Gold, enamel, vellum, gouache, glass",Overall: 1 3/4 × 3 3/16 × 2 1/4 in. (4.4 × 8.1 × 5.7 cm),4.4450088,8.096266,European Sculpture and Decorative Arts,https://images.metmuseum.org/CRDImages/es/original/LC-1976_155_21-001.jpg
207312,1982.315,Antonio Zucchi,Three dancing nymphs and a reclining cupid in a landscape,ca. 1772,"Oil on paper, attached to a plaster ceiling roundel","Diameter (without plaster frame): 41 3/4 in. (106 cm);
Diameter (with plaster frame): 54 in. (137.2 cm);
Depth: 6 1/2 in. (16.5 cm)",,,European Sculpture and Decorative Arts,https://images.metmuseum.org/CRDImages/es/original/DP-14762-179.jpg
20888,2016.797.19,Francis William Edmonds,Preparing for Christmas (Plucking Turkeys),1851,Oil on canvas,23 × 33 in. (58.4 × 83.8 cm),58.420116,83.82017,The American Wing,https://images.metmuseum.org/CRDImages/ad/original/DP-14639-001.jpg
20889,2016.797.21,Unknown Artist,Moving Day (in Little Old New York),ca. 1827,Oil on wood panel,17 × 23 1/2 in. (43.2 × 59.7 cm),43.180088,59.69012,The American Wing,https://images.metmuseum.org/CRDImages/ad/original/DP267686.jpg
20891,2016.797.17,Unknown Artist,The Five Points,ca. 1827,Oil on wood panel,"17 × 23 1/2 in. (43.2 × 59.7 cm)
Framed: 27 × 33 × 2 1/4 in. (68.6 × 83.8 × 5.7 cm)",43.180088,59.69012,The American Wing,https://images.metmuseum.org/CRDImages/ad/original/DP265419.jpg
209116,1998.238,Polidoro da Caravaggio,Frieze fragment,ca. 1520–35,Oil on canvas,Overall: 38 3/16 × 56 5/16 in. (97 × 143 cm),96.996445,143.03404,European Sculpture and Decorative Arts,https://images.metmuseum.org/CRDImages/es/original/SF1998_238.jpg
209241,63.77,German Painter,"Snuffbox cover with portrait of Frederick the Great (1712–1786), King of Prussia",mid-18th century,Painted enamel on copper; copper gilt,2 3/4 x 3 7/16 in. (7 x 8.7 cm),7.0,8.7,European Sculpture and Decorative Arts,https://images.metmuseum.org/CRDImages/es/original/ES1897.jpg
209257,14.114.1,Pinturicchio,Putto with garlands,ca. 1509,"Fresco, transferred to canvas and attached to wood panels",Overall: 37 × 42 1/2 in. (94 × 108 cm),93.98019,107.95022,European Sculpture and Decorative Arts,https://images.metmuseum.org/CRDImages/es/original/DP-21340-001.jpg
209261,14.114.5,Pinturicchio,Rape of Proserpine,ca. 1509,"Fresco, transferred to canvas and attached to wood panels",Overall: 31 × 31 3/4 in. (78.7 × 80.6 cm),78.74016,80.645164,European Sculpture and Decorative Arts,https://images.metmuseum.org/CRDImages/es/original/LC-14_114_5-001.jpg
209262,14.114.6,Pinturicchio,Chariot of Apollo,ca. 1509,"Fresco, transferred to canvas and attached to wood panels",Overall: 31 × 30 1/8 in. (78.7 × 76.5 cm),78.74016,76.517654,European Sculpture and Decorative Arts,https://images.metmuseum.org/CRDImages/es/original/LC-14_114_6-001.jpg
209263,14.114.7,Pinturicchio,Triumph of Mars,ca. 1509,"Fresco, transferred to canvas and attached to wood panels",Overall: 31 × 31 7/8 in. (78.7 × 81 cm),78.74016,80.96266,European Sculpture and Decorative Arts,https://images.metmuseum.org/CRDImages/es/original/LC-14_114_7-001.jpg
209264,14.114.8,Pinturicchio,The Chariot of Ceres,ca. 1509,"Fresco, transferred to canvas and attached to wood panels",Overall: 31 × 30 1/8 in. (78.7 × 76.5 cm),78.74016,76.517654,European Sculpture and Decorative Arts,https://images.metmuseum.org/CRDImages/es/original/LC-14_114_8-001.jpg
209265,14.114.9,Pinturicchio,Triumph of Cybele,ca. 1509,"Fresco, transferred to canvas and attached to wood panels",Overall: 30 × 28 in. (76.2 × 71.1 cm),76.2,71.1,European Sculpture and Decorative Arts,https://images.metmuseum.org/CRDImages/es/original/DP-39681-001.jpg
209266,14.114.10,Pinturicchio,Triumph of Alexander,ca. 1509,"Fresco, transferred to canvas and attached to wood panels",Overall: 30 1/4 × 28 1/2 in. (76.8 × 72.4 cm),76.83515,72.390144,European Sculpture and Decorative Arts,https://images.metmuseum.org/CRDImages/es/original/LC-14_114_10-001.jpg
209267,14.114.11,Pinturicchio,Triumph of Amphitrite,ca. 1509,"Fresco, transferred to canvas and attached to wood panels",Overall: 30 1/2 × 28 in. (77.5 × 71.1 cm),77.47015,71.12014,European Sculpture and Decorative Arts,https://images.metmuseum.org/CRDImages/es/original/LC-14_114_11-001.jpg
209268,14.114.12,Pinturicchio,Triumph of a Warrior,ca. 1509,"Fresco, transferred to canvas and attached to wood panels",Overall: 30 1/8 × 28 in. (76.5 × 71.1 cm),76.517654,71.12014,European Sculpture and Decorative Arts,https://images.metmuseum.org/CRDImages/es/original/LC-14_114_12-001.jpg
209269,14.114.22,Pinturicchio,Venus and Cupid,ca. 1509,"Fresco, transferred to canvas and attached to wood panels",Diameter: 19 3/8 in. (49.2 cm),,,European Sculpture and Decorative Arts,https://images.metmuseum.org/CRDImages/es/original/LC-14_114_22-001.jpg
209270,14.114.21,Pinturicchio,The Three Graces,ca. 1509,"Fresco, transferred to canvas and attached to wood panels",Diameter: 19 3/8 in. (49.2 cm),,,European Sculpture and Decorative Arts,https://images.metmuseum.org/CRDImages/es/original/LC-14_114_21-001.jpg
209271,14.114.20,Pinturicchio,Jupiter and Antiope,ca. 1509,"Fresco, transferred to canvas and attached to wood panels",Diameter: 19 3/8 in. (49.2 cm),,,European Sculpture and Decorative Arts,https://images.metmuseum.org/CRDImages/es/original/LC-14_114_20-001.jpg
209272,14.114.19,Pinturicchio,"Bacchus, Pan and Silenus",ca. 1509,"Fresco, transferred to canvas and attached to wood panels",Diameter: 19 3/8 in. (49.2 cm),,,European Sculpture and Decorative Arts,https://images.metmuseum.org/CRDImages/es/original/LC-14_114_19-001.jpg
209274,14.114.17,Pinturicchio,Hercules and Omphale,ca. 1509,"Fresco, transferred to canvas and attached to wood panels",Overall: 17 1/4 × 39 in. (43.8 × 99.1 cm),43.815086,99.060196,European Sculpture and Decorative Arts,https://images.metmuseum.org/CRDImages/es/original/LC-14_114_17-001.jpg
209275,14.114.16,Pinturicchio,Helle on a Ram,ca. 1509,"Fresco, transferred to canvas and attached to wood panels",Overall: 24 3/8 × 39 in. (61.9 × 99.1 cm),61.912624,99.060196,European Sculpture and Decorative Arts,https://images.metmuseum.org/CRDImages/es/original/LC-14_114_16-001.jpg
209276,14.114.15,Pinturicchio,Judgment of Paris,ca. 1509,"Fresco, transferred to canvas and attached to wood panels",,,,European Sculpture and Decorative Arts,https://images.metmuseum.org/CRDImages/es/original/LC-14_114_15-001.jpg
209277,14.114.13,Pinturicchio,Galatea (?),ca. 1509,"Fresco, transferred to canvas and attached to wood panels",Overall: 24 7/8 × 39 3/8 in. (63.2 × 100 cm),63.2,100.0,European Sculpture and Decorative Arts,https://images.metmuseum.org/CRDImages/es/original/LC-14_114_13-001.jpg
209278,14.114.14,Pinturicchio,Hunt of the Calydonian Boar,ca. 1509,"Fresco, transferred to canvas and attached to wood panels",Overall: 24 7/8 × 40 7/8 in. (63.2 × 103.8 cm),63.2,103.8,European Sculpture and Decorative Arts,https://images.metmuseum.org/CRDImages/es/original/LC-14_114_14-001.jpg
209287,32.72,Russian Painter,Christ Preaching,ca. 1890,"Gold, enamel, pearls; oil on wood",4 3/4 x 4 1/4 in. (12.1 x 10.8 cm),12.1,10.8,European Sculpture and Decorative Arts,https://images.metmuseum.org/CRDImages/es/original/SF32_72_img1.jpg
209336,"17.190.1137a, b",Guillaume-Denis Delamotte,Box with portrait of a woman,"1774–75, portrait ca. 1790","Gold, glass; ivory","box: 1 1/4 × 2 7/8 in. (3.2 × 7.3 cm);
miniature (oval): 2 × 1 1/2 in. (5.1 × 3.8 cm)",5.08001,3.8100076,European Sculpture and Decorative Arts,https://images.metmuseum.org/CRDImages/es/original/DP-16097-035.jpg
209617,35.80.43,,"Folding Fan with Trompe l'Oeil Representations of Fans, Scrolls, and Figure Groups",19th century,Gouache on parchment; gilded ivory,10 1/2 x 19 1/2 in.  (26.7 x 49.5 cm),26.7,49.5,European Sculpture and Decorative Arts,https://images.metmuseum.org/CRDImages/es/original/DP-12912-055.jpg
209665,42.195.4,,Fan,first half 19th century,"Gouache on paper and parchment; ivory, mother-of-pearl",11 1/8 × 20 1/2 in. (28.3 × 52.1 cm),28.257557,52.070103,European Sculpture and Decorative Arts,https://images.metmuseum.org/CRDImages/es/original/DP-41546-001.jpg
21126,2015.401,Lilly Martin Spencer,Young Husband: First Marketing,1854,Oil on canvas,29 1/2 x 24 3/4 in. (74.9 x 62.9 cm),74.9,62.9,The American Wing,https://images.metmuseum.org/CRDImages/ad/original/DP355340.jpg
211313,64.164.282,,Angel Appearing to Seated Shepherd,18th century,Gouache on paper,Height (approximate): 4 in. (10.2 cm),,,European Sculpture and Decorative Arts,https://images.metmuseum.org/CRDImages/es/original/DP-41012-024.jpg
211314,64.164.353,,Magus with Attendant,18th century,Gouache on paper,Height (approximate): 4 in. (10.2 cm),,,European Sculpture and Decorative Arts,https://images.metmuseum.org/CRDImages/es/original/DP-41012-095.jpg
211315,64.164.354,,King,18th century,Gouache on paper,Height (approximate): 4 in. (10.2 cm),,,European Sculpture and Decorative Arts,https://images.metmuseum.org/CRDImages/es/original/DP-41012-096.jpg
211316,64.164.295,,Shepherd,18th century,Gouache on paper,Height (approximate): 4 in. (10.2 cm),,,European Sculpture and Decorative Arts,https://images.metmuseum.org/CRDImages/es/original/DP-41012-037.jpg
211317,64.164.283,,Angel Appearing to Sleeping Shepherd,18th century,Gouache on paper,Height (approximate): 4 in. (10.2 cm),,,European Sculpture and Decorative Arts,https://images.metmuseum.org/CRDImages/es/original/DP-41012-025.jpg
211318,64.164.346,,Man on Elephant,18th century,Gouache on paper,Height (approximate): 4 in. (10.2 cm),,,European Sculpture and Decorative Arts,https://images.metmuseum.org/CRDImages/es/original/DP-41012-088.jpg
211319,64.164.361,,Cherub with shepherd,18th century,Gouache on paper,Height (approximate): 4 in. (10.2 cm),,,European Sculpture and Decorative Arts,https://images.metmuseum.org/CRDImages/es/original/DP-41012-103.jpg
211320,64.164.287,,Two Shepherds,18th century,Gouache on paper,Height (approximate): 4 in. (10.2 cm),,,European Sculpture and Decorative Arts,https://images.metmuseum.org/CRDImages/es/original/DP-41012-029.jpg
211321,64.164.367–.369,,Circumcision of Jesus in the Temple,18th century,Gouache on paper,Height (approximate): 4 in. (10.2 cm),,,European Sculpture and Decorative Arts,https://images.metmuseum.org/CRDImages/es/original/DP-41012-110.jpg
21209,2014.512,Unknown Artist,Self Portrait,ca. 1800–1805,Watercolor on ivory,3 1/4 × 3 1/4 in. (8.3 × 8.3 cm),8.255016,8.255016,The American Wing,https://images.metmuseum.org/CRDImages/ad/original/DP701353.jpg
21473,"2012.355a, b",John Singleton Copley,John St. Clair,1758,Oil on copper,1 3/4 x 1 3/8 in. (4.4 x 3.5 cm),4.4450088,3.492507,The American Wing,https://images.metmuseum.org/CRDImages/ad/original/DP319242.jpg
232204,2007.49.344,,Saint Lucy,18th century,Oil on canvas (relined),Overall: 15 3/4 x 12 1/2 in. (40 x 31.8 cm),40.0051,31.7501,The American Wing,https://images.metmuseum.org/CRDImages/ad/original/SF2007_49_344.jpg
232207,2007.49.349,,Virgin of the Rosary with Dominican Saints and Donor,late 18th–early 19th century,Oil on copper,Overall: 12 1/2 x 8 15/16 in. (31.8 x 22.7 cm),31.7501,22.7013,The American Wing,https://images.metmuseum.org/CRDImages/ad/original/SF2007_49_349.jpg
232209,2007.49.347,,The Virgin of Sorrows,18th century,Oil on canvas,Overall: 10 3/4 x 8 1/2 in. (27.3 x 21.6 cm),27.3051,21.59,The American Wing,https://images.metmuseum.org/CRDImages/ad/original/DP-16346-001.jpg
232211,2007.49.350,,Saint Jerome,18th century,Oil on tin (?),Overall: 13 7/8 x 9 15/16 in. (35.2 x 25.2 cm),35.2426,25.2413,The American Wing,https://images.metmuseum.org/CRDImages/ad/original/SF2007_49_350.jpg
232212,2007.49.351,,The Trinity,18th century,Oil on tin (?),Overall: 14 x 10 1/16 in. (35.6 x 25.6 cm),35.5601,25.5588,The American Wing,https://images.metmuseum.org/CRDImages/ad/original/SF2007_49_351.jpg
236111,X.301.2,Spanish Painter,Nuestra Señora de los Desamparados (Our Lady of the Forsaken),18th century,Oil on canvas (relined),50 × 42 1/2 in. (127 × 108 cm),127.00025,107.95022,The American Wing,https://images.metmuseum.org/CRDImages/ad/original/SFX_301_2_img1.jpg
237070,1970.125.2,,Girl dummy board,ca. 1690,"Painted on softwood, varnish",Overall: 38 5/8 × 13 × 7 3/4 in. (98.1 × 33 × 19.7 cm),98.1077,33.020065,European Sculpture and Decorative Arts,https://images.metmuseum.org/CRDImages/es/original/DP-14061-074.jpg
245838,92.11.8,,Wall painting fragment with Gorgon mask,ca. 14–68 CE,Fresco,L. 8 in (20.3 cm),,,Greek and Roman Art,https://images.metmuseum.org/CRDImages/gr/original/DP112917.jpg
247009,03.14.5,,Wall painting from Room H of the Villa of P. Fannius Synistor at Boscoreale,ca. 50–40 BCE,Fresco,Overall: 73 1/2 x 73 1/2in. (186.7 x 186.7cm),186.7,186.7,Greek and Roman Art,https://images.metmuseum.org/CRDImages/gr/original/DP105943.jpg
247010,03.14.6,,Wall painting from Room H of the Villa of P. Fannius Synistor at Boscoreale,ca. 50–40 BCE,Fresco,Overall: 69 x 76in. (175.3 x 193cm),175.3,193.0,Greek and Roman Art,https://images.metmuseum.org/CRDImages/gr/original/DP140600.jpg
247011,03.14.7,,Wall painting from Room H of the Villa of P. Fannius Synistor at Boscoreale,ca. 50–40 BCE,Fresco,Overall: 70 x 40 1/4in. (177.8 x 102.2cm),177.8,102.2,Greek and Roman Art,https://images.metmuseum.org/CRDImages/gr/original/DP140602.jpg
247012,03.14.8,,Wall painting fragment from the north wall of Room H of the Villa of P. Fannius Synistor at Boscoreale,ca. 50–40 BCE,Fresco,"17 1/4""x 17 1/4""",,,Greek and Roman Art,https://images.metmuseum.org/CRDImages/gr/original/DP165185.jpg
247013,03.14.9,,Wall painting fragment from the north wall of Room H of the Villa of P. Fannius Synistor at Boscoreale,ca. 50–40 BCE,Fresco,16 3/4 x 16 1/2 in.  (42.5 x 41.9 cm),42.5,41.9,Greek and Roman Art,https://images.metmuseum.org/CRDImages/gr/original/DP165187.jpg
250946,20.192.17,,"Wall painting: Polyphemus and Galatea in a landscape, from the imperial villa at Boscotrecase",last decade of the 1st century BCE,Fresco,"H. 73 3/4 in. (187.33 cm.)
width  47 in. (119.38 cm.)",187.33,119.38,Greek and Roman Art,https://images.metmuseum.org/CRDImages/gr/original/DP138763.jpg
254628,49.69.5,,Marble funerary relief,2nd–3rd century CE,Marble,"H.: 25 1/4 in. (64.1 cm)
Other: 23 in. (58.4 cm)",,58.420116,Greek and Roman Art,https://images.metmuseum.org/CRDImages/gr/original/DP337516.jpg
261366,1975.548.185,Pierre-Louis Pierson,[Reine d'Etrurie],1863–67,Albumen silver print from glass negative retouched with gouache,12.4 x 8.9 cm (4 7/8 x 3 1/2 in.),12.4,8.9,Photographs,https://images.metmuseum.org/CRDImages/ph/original/DP235232.jpg
263070,1981.1165,W. L. Germon,[Family Portrait],ca. 1855,Salted paper prints with applied media,"Image: 15 11/16 × 22 3/16 in. (39.8 × 56.3 cm)
Mount: 21 9/16 in. × 28 in. (54.7 × 71.1 cm)",39.8,56.3,Photographs,https://images.metmuseum.org/CRDImages/ph/original/DT8784.jpg
309529,68.128,,"Pendant Icon: St. George, Virgin and Child Enthroned",18th century,"Wood, pigment, metal hinge",H. 4 3/4 x W. 3 1/8in. (12.1 x 7.9cm),12.065,7.92,The Michael C. Rockefeller Wing,https://images.metmuseum.org/CRDImages/ao/original/68.128_a.JPG
317829,1997.81.1,,Double Diptych Icon Pendant,early 18th century,"Wood, tempera pigment, string","Open, mounted: H. 3 3/4 × W. 6 × D. 5 1/2 in. (9.5 × 15.2 × 14 cm)",9.525019,15.24003,The Michael C. Rockefeller Wing,https://images.metmuseum.org/CRDImages/ao/original/DP-25652-001.jpg
319116,2011.154.195,,Miniature club,ca. 1860,"Root, pigment",H. 7 1/2 x W. 3 1/8 in. (19.1 x 7.9 cm),19.050037,7.9375157,The American Wing,https://images.metmuseum.org/CRDImages/ad/original/DT263541.jpg
319625,2006.98,Northern Highlands artist,Icon triptych of Ewosṭatewos and eight of his disciples,late 17th century,"Wood, tempera, cord",On mount: H. 27 9/16 × W. 22 3/16 × D. 4 3/4 in. (70 × 56.3 × 12.1 cm),70.00889,56.303448,The Michael C. Rockefeller Wing,https://images.metmuseum.org/CRDImages/ao/original/DP124866.jpg
327830,2000.42.2,,Panel with the god Zeus/Serapis/Ohrmazd and worshiper,ca. 3rd century CE,"Terracotta, gouache","H. 56.8 cm, W. 52.3 cm, D. 5.4 cm
43 lbs",56.8,52.3,Ancient West Asian Art,https://images.metmuseum.org/CRDImages/an/original/DT918.jpg
327832,2000.42.4,,Panel fragment with the god Shiva/Oesho,ca. 3rd century CE,"Terracotta, gouache","22 1/2 × 16 3/8 × 2 1/4 in., 28 lb. (57.2 × 41.6 × 5.7 cm, 12.7 kg)",57.2,41.6,Ancient West Asian Art,https://images.metmuseum.org/CRDImages/an/original/DT917.jpg
32830,23.21.2,,Initial P with the Martyrdom of Saint Peter Martyr,second half 13th century,Tempera and ink on parchment,3 1/8 x 2 13/16 in. (7.9 x 7.1 cm),,,Medieval Art,https://images.metmuseum.org/CRDImages/md/original/DP164978.jpg
32831,23.21.3,,Initial S with Saint Peter Liberated from Prison,first half 14th century,"Tempera, gold, and ink on parchment",5 15/16 x 4 1/2 in. (15.1 x 11.5 cm),,,Medieval Art,https://images.metmuseum.org/CRDImages/md/original/DP164980.jpg
32833,23.21.5,,Manuscript Leaf Showing an Illuminated Initial A and The Resurrection,second half of 14th–early 15th century,"Parchment, tempera, ink, metal leaf",11 3/16 x 10 3/8 in. (28.4 x 26.4 cm),,,Medieval Art,https://images.metmuseum.org/CRDImages/md/original/tem2321-5.jpg
32837,23.21.9,,Manuscript Leaf from a Book of Hours Showing an Illuminated Initial D and Christ Bearing the Cross,1390–1400,"Parchment, tempera, ink, metal leaf",6 13/16 x 5 1/16 in. (17.3 x 12.8 cm); mat: 12 × 10 in. (30.5 × 25.4 cm),,,Medieval Art,https://images.metmuseum.org/CRDImages/md/original/tem2321-9.jpg
32838,23.21.10,Olivetan Master,Manuscript Leaf Cutting showing an Illuminated Initial R with St. Protasius and St. Gervasius,mid-15th century,"Tempera, gold, and ink on parchment",3 7/16 x 3 9/16 in. (8.7 x 9 cm); mat: 9 x 7 in. (22.9 x 17.8 cm),,,Medieval Art,https://images.metmuseum.org/CRDImages/md/original/DP163290.jpg
32839,23.21.11,,Manuscript Leaf Cutting from a Choir Book with an Illuminated Initial B and the Archangel Michael,second half of the 15th century,"Tempera, gold, silver, ink on parchment",3 3/8 x 3 3/4 in. (8.5 x 9.5 cm); mat: 9 x 7 in. (22.9 x 17.8 cm),,,Medieval Art,https://images.metmuseum.org/CRDImages/md/original/DP164984.jpg
32840,23.21.12,,Manuscript Leaf Cutting Probably from a Missal with an Illuminated Initial S and King David Receiving the Holy Bread from Ahimelech the Priest.,late 15th century,"Parchment, tempera, ink, metal leaf",3 1/8 x 4 7/16 in. (8 x 11.3 cm); mat: 7 x 9 in. (17.8 x 22.9 cm),,,Medieval Art,https://images.metmuseum.org/CRDImages/md/original/tem2321-12.jpg
329982,2021.37.12,,Painting of Holy Men,5th–6th century,"Linen, paint",17 5/16 × 12 13/16 in. (44 × 32.5 cm),44.0,32.5,Medieval Art,https://images.metmuseum.org/CRDImages/md/original/DP-25596-001.jpg
33284,20.151.6,British Painter,"Portrait of Walter Devereux (1539–1576), First Earl of Essex",dated 1572,Oil on wood,41 1/8 x 31 1/2 in. (104.5 x 80 cm),,,Arms and Armor,https://images.metmuseum.org/CRDImages/aa/original/DP162146.jpg
339964,64.38.5,Francesco Zugno,Nobility Presenting an Infant to Venice,1709–87,"Graphite, drawing in form of tondo",5-3/4 x 5-9/16 in.  (14.6 x 14.2 cm),14.6,14.2,Drawings and Prints,https://images.metmuseum.org/CRDImages/dp/original/DP812816.jpg
34016,29.158.743,,Saint George and Saint Sebastian,ca. 1480,Oil on wood,each panel:  29 1/4 in. x 13 1/2 in. (74.3 x 34.3 cm),,,Arms and Armor,https://images.metmuseum.org/CRDImages/aa/original/DP164812.jpg
34018,29.158.753,,"Portrait of Duke Johann Friedrich I (1503-1554), Elector of Saxony",ca. 1550,Oil on vellum,6 5/8 x 5 3/8 in. (16.8 x 13.7 cm),,,Arms and Armor,https://images.metmuseum.org/CRDImages/aa/original/LC-29_158_753-004.jpg
34025,29.158.761,,Tomb Effigy of Jacquelin de Ferrière,ca. 1275–1300,"Limestone, wood","overall, with frame: H. 73 3/4 in. (187.3 cm); W. 24 5/8 in. (62.5 cm); D. 5 in. (12.7 cm)",,,Arms and Armor,https://images.metmuseum.org/CRDImages/aa/original/DP-14864-001.jpg
35155,2009.224,,"Guidobaldo II della Rovere, Duke of Urbino (1514–1574), With his  Armor by Filippo Negroli",ca. 1580–85,Oil on copper,5 1/2 x 4 in. (14 x 10.2 cm); frame: 7 1/8 x 4 7/8 in. (18.1 x 12.5 cm),,,Arms and Armor,https://images.metmuseum.org/CRDImages/aa/original/DP229840.jpg
35649,2009.9,Stephen William Shaw,Portrait of Major-General John E. Wool,dated 1856 or 1858,Oil on canvas,42 1/4 x 351/4 in. (107.3 x 89.5 cm),,,Arms and Armor,https://images.metmuseum.org/CRDImages/aa/original/LC-2009_9-008.jpg
35654,22.150,Justus Sustermans,"Cosimo II de' Medici (1590–1621), Grand Duke of Tuscany",1597–1681,"Oil on canvas, transferred from wood",78 x 48 in. (198.1 x 121.9 cm),,,Arms and Armor,https://images.metmuseum.org/CRDImages/aa/original/DT271726.jpg
35970,13.100.22,Ding Yunpeng,Song of the Lute,1585,Hanging scroll; ink and color on paper,Image: 55 5/8 x 18 1/8 in. (141.3 x 46 cm),141.2878,46.0376,Asian Art,https://images.metmuseum.org/CRDImages/as/original/DP-16368-003.jpg
36013,13.220.15,Qiu Ying,Lady in a bamboo grove,,Hanging scroll; ink and color on silk,"Image: 49 × 17 1/2 in. (124.5 × 44.5 cm)
Overall with mounting: 9 ft. 5 1/8 in. × 25 3/8 in. (287.3 × 64.5 cm)
Overall with knobs: 9 ft. 5 1/8 in. × 29 1/2 in. (287.3 × 74.9 cm)",124.46025,44.45009,Asian Art,https://images.metmuseum.org/CRDImages/as/original/DP-16966-002.jpg
36018,"13.220.37a, b",Shitao (Zhu Ruoji),(Copy after) The Sixteen Luohans,19th–early 20th century,Handscroll; ink on paper,19 5/8 in. × 20 ft. 9 3/4 in. (49.8 × 634.4 cm),49.8,634.4,Asian Art,https://images.metmuseum.org/CRDImages/as/original/DP165864_CRD.jpg
36021,13.220.104,Guanxiu,Luohan,15th century?,Hanging scroll; ink and color on silk,"Image: 46 3/8 × 18 1/2 in. (117.8 × 47 cm)
Overall with mounting: 83 × 24 1/2 in. (210.8 × 62.2 cm)
Overall with knobs: 83 × 28 1/4 in. (210.8 × 71.8 cm)",117.79273,46.9901,Asian Art,https://images.metmuseum.org/CRDImages/as/original/13_220_104.jpg
36028,14.76.4,Unidentified,Children Playing,16th–17th century,Hanging scroll; ink and color on silk,Image: 37 1/2 x 25 1/4 in. (95.3 x 64.1 cm),95.2502,64.1351,Asian Art,https://images.metmuseum.org/CRDImages/as/original/14_76_4-003.jpg
36032,18.124.2,Unidentified artist,Immortals and Sages,,Handscroll; ink on silk,13 3/8 × 85 in. (34 × 215.9 cm),34.0,215.9,Asian Art,https://images.metmuseum.org/CRDImages/as/original/DP166564_CRD.jpg
36034,18.124.12,Unidentified artist,Portrait of a Lady,late 16th–early 17th century,Framed painting; ink and color on silk,Framed: 61 5/8 × 33 1/2 in. (156.5 × 85.1 cm),156.52782,85.09017,Asian Art,https://images.metmuseum.org/CRDImages/as/original/DP-43485-001.jpg
36057,47.18.103,Unidentified artist,"Bhadra, The Sixth Luohan",dated 1345,Hanging scroll; ink and color on silk,"Image: 50 3/8 × 24 1/2 in. (128 × 62.2 cm)
Overall with mounting: 96 5/8 × 26 1/2 in. (245.4 × 67.3 cm)
Overall with knobs: 96 5/8 × 29 5/8 in. (245.4 × 75.2 cm)",127.95276,62.230125,Asian Art,https://images.metmuseum.org/CRDImages/as/original/DP235497.jpg
36065,47.18.147,Unidentified artist,Man sleeping on a bamboo couch,late 14th–15th century,Album leaf; ink and color on silk,Image: 10 1/4 x 11 1/2 in. (26 x 29.2 cm),26.035051,29.210058,Asian Art,https://images.metmuseum.org/CRDImages/as/original/DP153530.jpg
36066,47.81.1,Unidentified artist,Portraits of Emperors of Successive Dynasties,early 20th century (?),Album of twenty-four leaves; ink and color on silk,11 1/8 x 8 3/4 in. (28.3 x 22.2 cm),28.3,22.2,Asian Art,https://images.metmuseum.org/CRDImages/as/original/DP160908.jpg
36069,53.130.1,Unidentified artist,Mahasthamaprapta Bodhisattva,late 17th–early 18th century,Hanging scroll; ink and color on silk,81 3/4 x 38 1/2 in. (207.6 x 97.8 cm),207.6,97.8,Asian Art,https://images.metmuseum.org/CRDImages/as/original/DP-41816-002.jpg
36079,57.174.2,Unidentified artist,Elegant gathering in a garden,15th–16th century,Hanging scroll; ink and color on silk,Image: 53 1/4 x 28 3/4 in. (135.3 x 73 cm),135.2553,73.0251,Asian Art,https://images.metmuseum.org/CRDImages/as/original/DP-37462-002.jpg
36081,59.49.1,Ruan Zude,Portrait of the artist’s great-granduncle Yizhai at the age of eighty-five,dated 1561 or 1621,Hanging scroll; ink and color on silk,Image: 61 3/4 x 37 7/8 in. (156.8 x 96.2 cm),156.8453,96.20269,Asian Art,https://images.metmuseum.org/CRDImages/as/original/DP-15980-001.jpg
36082,59.49.2,Ruan Zude,Portrait of the wife of Yizhai,datable to 1561 or 1620,Hanging scroll; ink and color on silk,Image: 61 3/4 x 37 7/8 in. (156.8 x 96.2 cm),156.8453,96.20269,Asian Art,https://images.metmuseum.org/CRDImages/as/original/DP-15981-001.jpg
36083,59.81,Chen Xian,The Sixteen Luohans,spurious date of 1634,Album of sixteen paintings; ink and color on paper,10 1/8 x 11 7/8 in. (25.7 x 30.2 cm),25.7,30.2,Asian Art,https://images.metmuseum.org/CRDImages/as/original/DP160986.jpg
36104,1975.268.16,,Great Wisdom Sutra (Daihannya-kyō) from the Chūsonji Temple Sutra Collection (Chūsonji-kyō),ca. 1175,Handscroll; gold and silver on indigo-dyed paper,10 1/16 in. x 24 ft. 5 13/16 in. (25.6 x 746.3 cm),25.6,746.3,Asian Art,https://images.metmuseum.org/CRDImages/as/original/DP235056_CRD.jpg
36107,1975.268.138,,Ema (Votive Painting) of Chinese Lion Led by Utenō,1627,Ink and color on wood,10 3/4 x 14 3/8 in. (27.3 x 36.5 cm),27.3,36.5,Asian Art,https://images.metmuseum.org/CRDImages/as/original/DP221397.jpg
36110,1975.268.141,,Ōtsu-e of Shōmen Kongōyasha (Vajrayaksha),probably late 16th–early 17th century,"Hanging scroll; ink, color, and gold on paper","Image: 28 3/4 x 12 15/16 in. (73 x 32.8 cm)
Overall: 57 1/8 x 20in. (145.1 x 50.8 cm)",73.0,32.8,Asian Art,https://images.metmuseum.org/CRDImages/as/original/DP298231.jpg
36143,1985.120.2,,White-robed Kannon,14th century,Hanging scroll; ink on silk,"Image: 45 3/4 × 20 3/8 in. (116.2 × 51.8 cm)
Overall with mounting: 82 3/4 × 26 1/4 in. (210.2 × 66.7 cm)
Overall with knobs: 82 3/4 × 28 5/8 in. (210.2 × 72.7 cm)",116.20523,51.7526,Asian Art,https://images.metmuseum.org/CRDImages/as/original/DP-36545-002.jpg
36146,1986.267.3,Unidentified artist,Copy of a Portrait of Zhao Mengfu,19th century,Hanging scroll; ink and color on silk,25 1/8 x 12 1/8 in. (63.8 x 30.8 cm),63.8,30.8,Asian Art,https://images.metmuseum.org/CRDImages/as/original/DP216663.jpg
36160,1986.267.26,Wang Su,Bringing the Message of Victory to Dongshan,1862,Hanging scroll; ink and color on paper,56 1/2 x 31 3/4 in. (143.5 x 80.6 cm),143.5,80.6,Asian Art,https://images.metmuseum.org/CRDImages/as/original/DT8381.jpg
36172,1986.267.56,Shu Hao,Zhou Dunyi admiring lotus flowers,late 19th century,Fan-shaped album leaf; ink and color on silk,Diam.  10 1/4 in. (26 cm),,,Asian Art,https://images.metmuseum.org/CRDImages/as/original/DP161441.jpg
36193,1986.267.87,Huang Shanshou,An Immortal Lady,dated 1882,Hanging scroll; ink and color on paper,36 7/8 x 17 1/4 in. (93.7 x 43.8 cm),93.7,43.8,Asian Art,https://images.metmuseum.org/CRDImages/as/original/DP-30343-002.jpg
36433,1987.149,Shitao (Zhu Ruoji),Portrait of Ren'an in a Landscape,dated 1684,Handscroll; ink and color on paper,22 15/18 x 53 7/8 in. (58 x 136.8 cm),58.0,136.8,Asian Art,https://images.metmuseum.org/CRDImages/as/original/sf1987.149.d01_CRD.jpg
36451,1994.207,Unidentified artist,"Illustrated manuscript of the Lotus Sutra (Miaofa lianhua jing), Volume 2",ca. 1340,Accordion-fold book; gold and silver on indigo-dyed mulberry paper,"Image: 9 x 4 1/2 in. (22.9 x 11.4 cm)
Overall: 13 x 4 1/2 x 7/8 in. (33 x 11.4 x 2.2 cm)",22.860046,11.430023,Asian Art,https://images.metmuseum.org/CRDImages/as/original/DP270185.jpg
370460,2005.330.8,Cornelis Troost,Guardroom Scene,1744,"Brush and gray and brown ink, colored gouaches",sheet: 11 1/2 x 12 3/8 in. (29.2 x 31.4 cm),29.2101,31.4326,Drawings and Prints,https://images.metmuseum.org/CRDImages/dp/original/DP800945.jpg
37393,2002.208.2,Ren Yi (Ren Bonian),Zhong Kui,dated 1883,Hanging scroll; ink and color on paper,"Image: 67 5/8 x 36 3/4 in. (171.8 x 93.3 cm)
Overall with mounting: 120 x 40 5/8 in. (304.8 x 103.2 cm)
Overall with knobs: 120 x 44 1/2 in. (304.8 x 113 cm)",171.7678,93.3452,Asian Art,https://images.metmuseum.org/CRDImages/as/original/DP-35707-002.jpg
37396,1999.521a–k,Chen Hongshou,"Figures, flowers, and landscapes",one leaf dated 1627,Album of eleven leaves; ink and color on silk,Image: 8 3/4 x 8 9/16 in. (22.2 x 21.7 cm),22.225044,21.748793,Asian Art,https://images.metmuseum.org/CRDImages/as/original/DP160529.jpg
37791,"1976.192.1, .2",,Pair of Manuscript Covers with Buddhist Deities,late 11th century,Distemper on wood,Each: 2 1/8 x 22 1/8 in. (5.4 x 56.2 cm),5.4,56.2,Asian Art,https://images.metmuseum.org/CRDImages/as/original/DP-30181-001.jpg
37794,"1984.479.1a, b",,Pair of Manuscript Covers Illustrating Sadaprarudita’s Self-Sacrifice,12th century,Distemper on wood,2 1/4 x 12 15/16 in. (5.7 x 32.9 cm),5.7,32.9,Asian Art,https://images.metmuseum.org/CRDImages/as/original/DP-30179-001.jpg
37795,"1984.480a, b",,Pair of Manuscript Covers: Prajnaparamita Flanked by Bodhisattvas (above); Vajrasattva(?) Flanked by Bodhisattvas (below),12th century,Distemper on wood,H. 2 9/16 in. (6.5 cm); W. 16 9/16 in. (42 cm),6.5,42.0,Asian Art,https://images.metmuseum.org/CRDImages/as/original/DP-30661-001.jpg
37796,1986.494.1,,Manuscript Cover with Avalokiteshvara (The Bodhisattva of Infinite Compassion),12th century,Distemper on wood,2 3/32 x 17 7/16 in. (5.3 x 44.3 cm),5.3,44.3,Asian Art,https://images.metmuseum.org/CRDImages/as/original/DP370821.jpg
37797,1986.494.2,,Manuscript Cover with Vishnu Flanked by Lakshmi and Sarasvati,14th century,Distemper on wood,Overall: 1 7/8 x 13 1/16 in. (4.7 x 33.2 cm),4.7,33.2,Asian Art,https://images.metmuseum.org/CRDImages/as/original/DP371945.jpg
37800,1985.390.3,,Sadaksari-Lokeshvara Surrounded by Manifestations and Monks,late 15th century,"Distemper, gold and ink on cloth","Image: 40 3/8 x 31 1/4 in. (102.6 x 79.4 cm)
Framed: 51 3/8 x 41 9/16 in. (130.5 x 105.6 cm)",102.552704,79.37516,Asian Art,https://images.metmuseum.org/CRDImages/as/original/DT5231.jpg
37801,1987.144,,Mahasiddha Jnanatapa,ca. 1350,Distemper on cloth,"Image: H. 27 in. (68.6 cm); W. 21 1/2 in. (54.6 cm)
Framed: H. 48 in. (121.9 cm); W. 33 in. (83.8 cm); D. 2 3/8 in. (6 cm)",68.6,54.6,Asian Art,https://images.metmuseum.org/CRDImages/as/original/DP-15583-020.jpg
37810,"1986.509.1a, b",,Illuminated Pages from a Dispersed DharanI Manuscript,14th–15th century,Inks and color on paper,"a: 25 3/8 x 5 7/8 in. (64.4 x 14.9 cm)
b: 24 1/2 x 6 in. (62.2 x 15.2 cm)",64.4,14.9,Asian Art,https://images.metmuseum.org/CRDImages/as/original/1986_509_1ab_O.JPG
37812,1989.236.2,,Krishna Is Welcomed into Mathura: Page from a Dispersed Bhagavata Purana Manuscript,ca. 1520–40,Ink and opaque watercolor on paper,6 7/16 x 9 1/8 in. (16.4 x 23.2 cm),16.35,23.18,Asian Art,https://images.metmuseum.org/CRDImages/as/original/DP156109.jpg
37813,1989.284,,"The Bodhisattva Maitreya, Buddha of the Future",11th or early 12th century,Distemper on cloth,"Overall: H. 54 1/2 in. (138.4 cm); W. 41 3/4 in. (106.1 cm)
Framed: H. 76 1/2 (194.3 cm); W. 51 3/8 in. (130.5 cm); D. 2 in. (5.1 cm)",138.4,106.1,Asian Art,https://images.metmuseum.org/CRDImages/as/original/23ar4_61B.jpg
37815,1990.23,,"Krishna and Radha, Page from a Dispersed Rasikapriya (Verses Celebrating Aspects of Love)",ca. 1660–70,"Ink, opaque watercolor, and gold on paper","Image: 12 3/8 in. × 7 in. (31.4 × 17.8 cm)
Mat: 13 1/2 × 8 7/8 in. (34.3 × 22.5 cm)",31.432564,17.780035,Asian Art,https://images.metmuseum.org/CRDImages/as/original/DP156124.jpg
37816,1971.189,,Yong Zin Khon Shogpel: Seventh Abbot of Ngor Monastary,16th century,Distemper and gold on cloth,"Image: 31 x 26 1/4 in. (78.7 x 66.7 cm)
Mount: 49 1/2 x 28 in. (125.7 x 71.1 cm)",78.74016,66.67513,Asian Art,https://images.metmuseum.org/CRDImages/as/original/DT5219.jpg
37817,1971.176,,"Portrait of Munchen Sangye Rinchen, the Eighth Abbot of Ngor Monastery",late 16th century,Distemper and gold on cloth,"Image: 30 5/8 x 26 3/16 in. (77.8 x 66.5 cm)
Mount: 49 3/16 x 26 3/16 in. (124.9 x 66.5 cm)",77.78766,66.51638,Asian Art,https://images.metmuseum.org/CRDImages/as/original/DP238089.jpg
37818,60.43.5,,Hanging Scroll of Lama,17th century,Hanging scroll; color and gold on cloth,"Image: 9 3/8 × 6 1/2 in. (23.8 × 16.5 cm)
Overall with mounting: 20 3/4 × 11 in. (52.7 × 27.9 cm)",23.812548,16.510033,Asian Art,https://images.metmuseum.org/CRDImages/as/original/DP-37465-002.jpg
37821,1971.26.2,,Thangka with Buddha,19th century,Distemper on cloth,"Image: 32 × 20 3/4 in. (81.3 × 52.7 cm)
Overall with mounting: 43 1/2 × 32 3/8 in. (110.5 × 82.2 cm)",81.28016,52.705105,Asian Art,https://images.metmuseum.org/CRDImages/as/original/1971_26_2_O1.jpg
37823,1971.25.2,,Thangka with Buddha,19th century,Distemper on cloth,"Image: 30 1/2 x 20 1/2 in. (77.5 x 52.1 cm)
Framed: 45 1/2 in. × 35 in. (115.6 × 88.9)",77.4702,52.0701,Asian Art,https://images.metmuseum.org/CRDImages/as/original/LC-1971_25_2_housing-005_crop.jpg
37826,1970.298.2,,Thanka with Buddha,19th century,Distemper on cloth,Image: 33 1/8 x 20 7/8 in. (84.1 x 53 cm),84.1377,53.0226,Asian Art,https://images.metmuseum.org/CRDImages/as/original/LC-1970_298_2_housing--003_crop.jpg
37827,1970.298.1,,Thangka,late 18th century,Distemper on cloth,"Overall: 43 5/16 x 32 1/4 in. (110 x 81.9 cm)
Sight: 31 13/16 x 20 11/16 in. (80.8 x 52.5 cm)",110.01397,81.91516,Asian Art,https://images.metmuseum.org/CRDImages/as/original/1970_298_1_O2.jpg
37833,31.128.2,,Mahasiddha Damarupa,18th century,Distemper on cloth,Overall: 25 3/8 x 15 1/4 in. (64.5 x 38.7 cm),64.45263,38.735077,Asian Art,https://images.metmuseum.org/CRDImages/as/original/31_128_2_O1.jpg
37834,31.128.3,,Vajrabhairava with His Consort Vajravetali,18th century,Distemper on cloth,"Image: 33 15/16 x 20 1/4 in. (86.2 x 51.4 cm)
Framed: 51 1/2 × 29 1/2 × 1 1/8 in. (130.8 × 74.9 × 2.9 cm)",86.20142,51.435104,Asian Art,https://images.metmuseum.org/CRDImages/as/original/LC-31_128_3_at--002.jpg
37835,1984.496.33a,,One of a Pair of Jain Manuscript Covers (Patli),early 12th century,Opaque watercolor on wood,2 3/16 x 12 3/4 in. (5.5 x 32.4 cm),5.55,32.39,Asian Art,https://images.metmuseum.org/CRDImages/as/original/DP156421.jpg
37838,18.104.1,,Mahavira in Puspottara Heaven: Folio from a Kalpasutra Manuscript,1461 (Samvat 1519),"Ink, opaque watercolor, and gold on paper",4 3/8 x 10 1/8 in. (11.1 x 25.7 cm),11.11,25.72,Asian Art,https://images.metmuseum.org/CRDImages/as/original/DP154778.jpg
37839,18.104.3,,Night Vigil for Mahavira's Birth: Folio from a Kalpasutra Manuscript,1461 (Samvat 1519),"Ink, opaque watercolor, and gold on paper",4 3/8 x 10 1/8 in. (11.1 x 25.7 cm),11.11,25.72,Asian Art,https://images.metmuseum.org/CRDImages/as/original/DP154779.jpg
37840,18.104.4,,Tonsure of Mahavira: Folio from a Kalpasutra Manuscript,1461 (Samvat 1519),"Ink, opaque watercolor, and gold on paper",4 3/8 x 10 1/8 in. (11.1 x 25.7 cm),11.11,25.72,Asian Art,https://images.metmuseum.org/CRDImages/as/original/DP154781.jpg
37841,18.104.5,,The Twenty Tirthankaras: Folio from a Kalpasutra Manuscript,1461 (Samvat 1519),"Ink, opaque watercolor, and gold on paper",4 3/8 x 10 1/8 in. (11.1 x 25.7 cm),11.11,25.72,Asian Art,https://images.metmuseum.org/CRDImages/as/original/DP154783.jpg
37842,18.104.6,,Queen Trisala and the Newborn Mahavira: Folio from a Kalpasutra Manuscript,1461 (Samvat 1519),"Ink, opaque watercolor, and gold on paper",4 3/8 x 10 1/8 in. (11.1 x 25.7 cm),11.11,25.72,Asian Art,https://images.metmuseum.org/CRDImages/as/original/DP154785.jpg
37843,18.104.7,,Mahavira Distributes Wealth: Folio from a Kalpasutra Manuscript,1461 (Samvat 1519),"Ink, opaque watercolor, and gold on paper",4 3/8 x 10 1/8 in. (11.1 x 25.7 cm),11.11,25.72,Asian Art,https://images.metmuseum.org/CRDImages/as/original/DP154787.jpg
37844,1977.440.7,,The Siege of Ujjain and the Magic She-Ass: Folio from the Kalakacarya Section of a Kalpasutra Manuscript,16th century,"Ink, opaque watercolor, and gold on paper",Overall: 4 1/2 x 11 1/4 in. (11.5 x 28.6 cm),11.48,28.58,Asian Art,https://images.metmuseum.org/CRDImages/as/original/DP155008.jpg
37845,57.185.4,,Parsvanatha's Austerities: Folio from a Kalpasutra Manuscript,15th century,"Ink, opaque watercolor, and gold on paper",Overall: 4 3/8 x 10 1/8 in. (11.1 x 25.7 cm),11.11,25.72,Asian Art,https://images.metmuseum.org/CRDImages/as/original/DP155004.jpg
37846,1972.238,Sa Nana,Krishna and the Kshatriya Maidens Proceed to Dvaraka: page from a  Bhagavata Purana series,ca. 1520–30,Ink and opaque watercolor on paper,"Image: 6 3/4 in. × 9 in. (17.1 × 22.9 cm)
Sheet: 7 in. × 9 3/8 in. (17.8 × 23.8 cm)",17.145035,22.860046,Asian Art,https://images.metmuseum.org/CRDImages/as/original/DP156110.jpg
37847,1980.530.2,,Krishna and the Cowherds: Page from a Dispersed Bhagavata Purana (Ancient Stories of Lord Vishnu),ca. 1520–30,Ink and opaque watercolor on paper,7 1/8 x 9 1/4 in. (18.1 x 23.5 cm),18.09,23.5,Asian Art,https://images.metmuseum.org/CRDImages/as/original/LC-1980_530_2_001.jpg
37848,1982.209,Master of the Dispersed Bhagavata Purana,Nanda and Vasudeva: Page from a Dispersed Bhagavata Purana (Ancient Stories of Lord Vishnu),ca. 1520–30,Ink and opaque watercolor on paper,Sheet: 7 in. × 9 3/8 in. (17.8 × 23.8 cm),17.780035,23.812548,Asian Art,https://images.metmuseum.org/CRDImages/as/original/DT7381.jpg
37850,1985.398.16,,Bhima Slays Jarasandha: Page from a Bhagavata Purana Manuscript,ca. 1540,Opaque watercolor and ink on paper,6 3/4 x 9 1/16 in. (17.1 x 23 cm),17.15,23.0,Asian Art,https://images.metmuseum.org/CRDImages/as/original/DT8233.jpg
37851,1981.464.1,,Bairadi Ragini: Folio from a ragamala series (Garland of Musical Modes),ca. 1605–6,Ink and opaque watercolor on paper,8 1/4 x 6 1/8 in. (21 x 15.6 cm),20.96,15.56,Asian Art,https://images.metmuseum.org/CRDImages/as/original/DP156174.jpg
37852,1981.460.3,,Ramkali Ragini: Folio from a ragamala series (Garland of Musical Modes),ca. 1605–06,Ink and opaque watercolor on paper,6 1/2 × 4 3/4 in. (16.5 × 12.1 cm),16.510033,12.065024,Asian Art,https://images.metmuseum.org/CRDImages/as/original/DP156175.jpg
37853,1987.424.14,,Malavakusika Raga: Page from a Dispersed Ragmala Series (Garland of Musical Modes),early 17th century,"Ink, opaque watercolor, and gold on paper",Image: 8 5/8 x 7 3/8 in. (21.9 x 18.7 cm),21.9075,18.7325,Asian Art,https://images.metmuseum.org/CRDImages/as/original/DP153178.jpg
37854,1985.398.11,,Vilaval Ragini: Folio from a ragamala series (Garland of Musical Modes),ca. 1680,Ink and opaque watercolor on paper,8 3/4 x 6 3/8 in. (22.2 x 16.2 cm),22.225,16.1925,Asian Art,https://images.metmuseum.org/CRDImages/as/original/DP259541.jpg
37855,1975.410.1,,Krishna's Parents Search for Him,ca. 1615,Ink and opaque watercolor on paper,5 1/8 x 5 1/8 in. (13 x 13 cm),13.02,13.02,Asian Art,https://images.metmuseum.org/CRDImages/as/original/DP156112.jpg
37857,58.1.1,,Bhairavi Ragini: Folio from a ragamala series (Garland of Musical Modes),ca. 1640–50,"Opaque watercolor, silver, gold and ink on paper","Page: 10 9/16 x 8 1/16 in. (26.8 x 20.5 cm)
Image: 9 x 6 1/2 in. (22.9 x 16.5 cm)",22.860046,16.510033,Asian Art,https://images.metmuseum.org/CRDImages/as/original/DP153179.jpg
37858,58.1.6,,Raga Desakar,early 18th century,"Ink, opaque watercolor, and gilt on paper",9 1/8 x 7 1/2 in. (23.2 x 19.1 cm),23.18,19.05,Asian Art,https://images.metmuseum.org/CRDImages/as/original/DP156125.jpg
37859,58.1.7,,"Vairari Ragini, Wife of Bhairav Raga: Page from a Dispersed Ragamala Series (Garland of Musical Modes)",early 18th century,"Ink, opaque watercolor, and gilt on paper",13 3/4 x 9 3/4 in. (34.9 x 24.8 cm),34.93,24.76,Asian Art,https://images.metmuseum.org/CRDImages/as/original/DP156136.jpg
37860,58.1.8,,Bangali Ragini: Folio from a ragamala series (Garland of Musical Modes),1709,"Ink, opaque watercolor, and gilt on paper",13 3/4 x 9 1/8 in. (34.9 x 23.2 cm),34.93,23.18,Asian Art,https://images.metmuseum.org/CRDImages/as/original/DP156137.jpg
37861,1978.535,,Unidentified Page from a Dispersed Bhagavata Purana (Ancient Stories of Lord Vishnu),ca. 1610,Ink and opaque watercolor on paper,6 5/8 × 9 3/4 in. (16.8 × 24.8 cm),16.827534,24.765049,Asian Art,https://images.metmuseum.org/CRDImages/as/original/DP156176.jpg
37862,1977.441,,The Brahmin Delivers Rukmini's Letter to Krishna: Page from a Dispersed Bhagavata Purana (Ancient Stories of Lord Vishnu),ca. 1610,Ink and opaque watercolor on paper,6 3/4 x 9 7/8 in. (17.1 x 25.1 cm),17.15,25.08,Asian Art,https://images.metmuseum.org/CRDImages/as/original/DP156177.jpg
37865,1975.410.3,Ibrahim,A Lady and Her Duenna: Page from a Dispersed Rasikapriya (Lover's Breviary),1685–92,Ink and opaque watercolor on paper,Overall: 9 1/2 x 5 5/8 in. (24.1 x 14.3 cm),24.1,14.29,Asian Art,https://images.metmuseum.org/CRDImages/as/original/DP156116.jpg
37866,1977.444.2,"Ustad Mohamed, son of Murad",A Lady Applying Henna to Her Raised Foot,ca. 1725,"Ink, opaque watercolor, and gold on paper",5 11/16 x 2 1/4 in. (14.4 x 5.7 cm),14.45,5.72,Asian Art,https://images.metmuseum.org/CRDImages/as/original/DP156117.jpg
37867,1977.444.3,,A Lady Walking at Night Holding an Oil Lamp,ca. 1725,Ink and opaque watercolor on paper,5 5/8 x 2 5/8 in. (14.3 x 6.7 cm),14.29,6.66,Asian Art,https://images.metmuseum.org/CRDImages/as/original/DP156118.jpg
37868,1977.444.4,,Two Court Ladies with Fireworks,ca. 1725,Ink and opaque watercolor on paper,6 11/16 x 2 7/8 in. (17 x 7.3 cm),16.99,7.3,Asian Art,https://images.metmuseum.org/CRDImages/as/original/DP156119.jpg
37871,1981.163,,Shri Raga: Folio from a ragamala series (Garland of Musical Modes),mid-17th century,Ink and opaque watercolor on paper,8 1/4 x 4 3/4 in. (20.9 x 12.1 cm),20.95,12.07,Asian Art,https://images.metmuseum.org/CRDImages/as/original/DP156126.jpg
37872,53.33,,Four Love Scenes and a Landscape: Page from a Dispersed Raskapriya,ca. 1700,Ink and opaque watercolor on paper,"Image: 11 1/4 × 7 7/8 in. (28.6 × 20 cm)
Sheet: 12 1/4 × 8 3/8 in. (31.1 × 21.3 cm)",28.575058,20.00254,Asian Art,https://images.metmuseum.org/CRDImages/as/original/DP156127.jpg
37873,58.1.9,,Lady Musician Playing a Sitar,ca. 1800,Ink and opaque watercolor on paper,6 5/16 x 3 15/16 in. (16 x 10 cm),16.03,10.0,Asian Art,https://images.metmuseum.org/CRDImages/as/original/DP156128.jpg
37874,1978.534.2,,"Chandravimba Ragaputra:  Page from a Dispersed ""Boston"" Ragamala Series (Garland of Musical Modes)",ca. 1760,"Ink, opaque watercolor, and silver on paper",7 3/8 x 4 15/16 in. (18.7 x 12.5 cm),18.73,12.54,Asian Art,https://images.metmuseum.org/CRDImages/as/original/DP156129.jpg
37876,1987.424.15,,Portrait of Thakur Utham Ram,ca. 1760,"Ink, opaque watercolor, and silver on paper",8 3/4 x 10 3/4 in. (22.2 x 27.3 cm),22.23,27.31,Asian Art,https://images.metmuseum.org/CRDImages/as/original/DP156138.jpg
37877,18.85.2,Sahib Ram,Head of Krishna: cartoon for a mural of the Raslila,ca. 1800,Ink and opaque watercolor on paper,27 1/4 × 18 1/2 in. (69.2 × 47 cm),69.22,46.99,Asian Art,https://images.metmuseum.org/CRDImages/as/original/DP153194.jpg
37880,1985.398.15,,An Encampment of Yogis,ca. 1660,Ink and opaque watercolor on paper,5 7/8 x 4 1/4 in. (14.9 x 10.8 cm),14.92,10.79,Asian Art,https://images.metmuseum.org/CRDImages/as/original/DT8232.jpg
37881,1979.505,,A Heroine Plucking a Flower:  Page from a Dispersed Nayikabheda,ca. 1660–80,Ink and opaque watercolor on paper,8 3/8 x 6 3/16 in. (21.3 x 15.7 cm),21.27,15.72,Asian Art,https://images.metmuseum.org/CRDImages/as/original/DP152278.jpg
37882,18.85.6,,Vasant Ragini: Folio from a ragamala series (Garland of Musical Modes),ca. 1630–40,Ink and opaque watercolor on paper,7 5/8 x 5 3/4 in. (19.4 x 14.6 cm),19.37,14.61,Asian Art,https://images.metmuseum.org/CRDImages/as/original/DP152279.jpg
37884,35.34,,Radha's Friend Pleads with Her to Receive Krishna:  Page from a Dispersed Rasikapriya,1634,Ink and opaque watercolor on paper,7 3/4 x 6 in. (19.7 x 15.2 cm),19.69,15.24,Asian Art,https://images.metmuseum.org/CRDImages/as/original/DP152281.jpg
37886,1973.337,,Krishna and Balarama Fight the Evil King Kamsa’s Wrestlers: Page from a Dispersed Bhagavata Purana,ca. 1650,Ink and opaque watercolor on paper,"Image: 6 1/2 × 7 3/4 in. (16.5 × 19.7 cm)
Mat: 6 3/4 × 7 3/4 in. (17.1 × 19.7 cm)",16.510033,19.68504,Asian Art,https://images.metmuseum.org/CRDImages/as/original/DP152283.jpg
37887,1974.116,,Krishna Accepts an Offering from the Hunchbacked Woman Trivakra: Page from a Bhagavata Purana Series,ca. 1650,Ink and opaque watercolor on paper,6 3/4 x 8 3/16 in. (17.1 x 20.8 cm),17.15,20.8,Asian Art,https://images.metmuseum.org/CRDImages/as/original/DP152284.jpg
37889,1991.32.1,,"Kalki Avatar, the Future Incarnation of Vishnu",ca. 1700–1710,"Opaque watercolor, gold, silver, and beetle-wing cases on paper","Image: 6 3/4 x 10 1/2 in. (17.1 x 26.7 cm)
Overall (page): 8 1/16 x 11 15/16 in. (20.5 x 30.3 cm)",17.145,26.6701,Asian Art,https://images.metmuseum.org/CRDImages/as/original/DT6629.jpg
37890,1974.275,,Ragini Des Variri:  Page from a Dispersed Ragamala Series (Garland of Musical Modes),ca. 1680,Ink and opaque watercolor on paper,7 1/4 x 6 in. (18.4 x 15.2 cm),18.42,15.24,Asian Art,https://images.metmuseum.org/CRDImages/as/original/DP152285.jpg
37891,1975.281,,A Heroine and Her Lover in a Pavilion: Page from a Dispersed Nayikabheda,ca. 1660–80,Ink and opaque watercolor on paper,8 1/2 x 6 3/16 in. (21.6 x 15.7 cm),21.59,15.72,Asian Art,https://images.metmuseum.org/CRDImages/as/original/DP259539.jpg
37892,1975.410.4,,Page from a Dispersed Rasikapriya (Lover's Breviary),ca.1650,Ink and opaque watercolor on paper,"Image: 9 in. × 7 1/8 in. (22.9 × 18.1 cm)
Mat: 9 5/8 × 7 1/2 in. (24.4 × 19.1 cm)",22.860046,18.097536,Asian Art,https://images.metmuseum.org/CRDImages/as/original/DP152287.jpg
37893,1978.542.2,,Radha and Her Confidant Sit in an Open Room: Page from a Dispersed Rasikapriya,ca. 1680–90,Ink and opaque watercolor on paper,"Image: 8 3/4 × 5 3/4 in. (22.2 × 14.6 cm)
Mat: 9 1/16 × 6 1/8 in. (23 × 15.6 cm)",22.225044,14.605029,Asian Art,https://images.metmuseum.org/CRDImages/as/original/DP152288.jpg
37895,55.121.27,,Madhumadhavai Ragini:  Page from a Dispersed Ragamala Series (Garland of Musical Modes),ca. 1640–50,Ink and opaque watercolor on paper,10 1/2 x 7 7/8 in. (26.7 x 20 cm),26.67,20.0,Asian Art,https://images.metmuseum.org/CRDImages/as/original/DP156139.jpg
37896,55.121.28,,Ladies in a Pavilion: Page from a Dispersed Ragamala Series (Garland of Musical Modes),ca. 1640–50,Ink and opaque watercolor on paper,9 3/4 x 8 in. (24.8 x 20.3 cm),24.76,20.32,Asian Art,https://images.metmuseum.org/CRDImages/as/original/DP156140.jpg
37897,55.121.29,,Malkos Raga: Page from a Dispersed Ragamala Series (Garland of Musical Modes),ca. 1640–50,Ink and opaque watercolor on paper,10 3/8 x 8 in. (26.4 x 20.3 cm),26.4,20.3,Asian Art,https://images.metmuseum.org/CRDImages/as/original/DP156141.jpg
37898,1977.440.13,,A King Seated on His Throne,1725,Ink and opaque watercolor on paper,4 5/8 x 5 in. (11.8 x 12.7 cm),11.75,12.7,Asian Art,https://images.metmuseum.org/CRDImages/as/original/DP152332.jpg
37900,"1980.530.1a, b",,Page from a Dispersed Bhagavata Purana Manuscript,ca. 1620–30,Ink and opaque watercolor on paper,7 1/16 x 14 3/4 in. (17.9 x 37.5 cm),17.93,37.47,Asian Art,https://images.metmuseum.org/CRDImages/as/original/DP156146.jpg
37901,1980.527.2a,,Page from a Dispersed Bhagavata Purana (Ancient Stories of Lord Vishnu),ca. 1630–50,Ink and opaque watercolor on paper,6 1/2 x 13 1/8 in. (16.5 x 33.3 cm),16.51,33.3,Asian Art,https://images.metmuseum.org/CRDImages/as/original/DP156150.jpg
37902,1983.507.3,,Krishna Brings the Messenger Akrura Inside Nanda’s House: Page from a Dispersed Bhagavata Purana Manuscript,ca. 1620–30,Ink and opaque watercolor on paper,6 1/2 x 13 1/4 in. (16.5 x 33.7 cm),16.5,33.66,Asian Art,https://images.metmuseum.org/CRDImages/as/original/DP156148.jpg
37903,1983.507.4,,Akrura Informs Nanda and Yashoda: Page From a Dispersed Bhagavata Purana (Ancient Stories of Lord Vishnu),ca. 1630–50,Ink and opaque watercolor on paper,6 1/2 x 13 1/4 in. (16.5 x 33.7 cm),16.5,33.66,Asian Art,https://images.metmuseum.org/CRDImages/as/original/LC-1983_507_4_001.jpg
37904,1984.476,,Krishna Steals the Gopis’ Clothing: Page from a Dispersed Bhagavata Purana Manuscript,ca. 1620–30,Ink and opaque watercolor on paper,9 1/4 x 15 7/8 in. (23.5 x 40.3 cm),23.5,40.32,Asian Art,https://images.metmuseum.org/CRDImages/as/original/1984_476_recto.jpg
37905,1982.462.4,,Dipak Raga: Folio from a Ragamala Series (Garland of Musical Modes),1630–40,Ink and opaque watercolor on paper,"Overall: 9 3/4 × 7 7/8 in. (24.8 × 20 cm)
Framed: 19 7/8 x 14 7/8 x 1 1/2 in. (50.5 x 37.8 x 3.8 cm)",24.765049,20.00254,Asian Art,https://images.metmuseum.org/CRDImages/as/original/DP156152.jpg
37906,1985.398.12,Manohar,Krishna and Radha with Their Confidantes: Page from a Dispersed Gita Govinda,ca. 1655–60,Ink and opaque watercolor on paper,"Image: 9 1/8 × 7 1/4 in. (23.2 × 18.4 cm)
Sheet: 10 1/4 × 8 3/8 in. (26 × 21.3 cm)",23.1775,18.415,Asian Art,https://images.metmuseum.org/CRDImages/as/original/DT8229.jpg
37909,1984.498.4,,Ramkali Ragini:  Page from a Dispersed Ragamala Series (Garland of Musical Modes),18th century,Ink and opaque watercolor on paper,11 13/16 x 9 in. (30 x 22.8 cm),30.0,22.8,Asian Art,https://images.metmuseum.org/CRDImages/as/original/DP156155.jpg
37912,"1975.410.2a, b","Rikhaji, son of Karam Chand","Page From a Dispersed Chandana Malayagiri Varta: (Roaming the Sandlewood Mountain) a (recto), Above, Caravan and Merchants; Below, Raja Presenting a String of Pearls to His Queen; b (verso)  A Lady Gathering Wood Beside a Stream",1749 (Samvat 1802),Ink and opaque watercolor on paper,11 3/8 x 7 7/8 in. (28.9 x 20 cm),28.89,20.0,Asian Art,https://images.metmuseum.org/CRDImages/as/original/DP156157.jpg
37913,1982.462.5,,Bishen Singh as a Young Man,ca. 1780,Ink and opaque watercolor on paper,10 1/2 x 6 5/16 in. (26.7 x 16.0 cm),26.67,16.03,Asian Art,https://images.metmuseum.org/CRDImages/as/original/DP156131.jpg
37914,1983.508,,Maharana Sangram Singh Hunting Wild Boar,ca. 1725,Ink and opaque watercolor on paper,12 1/4 x 17 13/16 in. (31.1 x 45.2 cm),31.12,45.24,Asian Art,https://images.metmuseum.org/CRDImages/as/original/DP156165.jpg
37916,1984.23,,Maharana Jagat Singh II in Procession,ca. 1745,Ink and opaque watercolor on paper,Excl. borders:  15 7/16 x 11 1/2 in. (39.2 x 29.2 cm),39.21,29.21,Asian Art,https://images.metmuseum.org/CRDImages/as/original/DP156167.jpg
37917,58.1.4,,Page from a Dispersed Shiva Mahatmya (Great Tales of Shiva),ca. 1710,Ink and opaque watercolor on paper,10 3/8 x 16 3/8 in. (26.4 x 41.6 cm),26.35,41.59,Asian Art,https://images.metmuseum.org/CRDImages/as/original/DP152291.jpg
37918,58.1.5,,Page from a Dispersed Ragamala Series (Garland of Musical Modes),ca. 1710,Ink and opaque watercolor on paper,11 1/4 x 6 7/8 in. (28.6 x 17.5 cm),28.59,17.46,Asian Art,https://images.metmuseum.org/CRDImages/as/original/DP156153.jpg
37920,1977.440.4,,A Wedding Scene,mid-18th century,Ink and opaque watercolor on paper,7 3/4 x 9 3/4 in. (19.7 x 24.8 cm),19.69,24.76,Asian Art,https://images.metmuseum.org/CRDImages/as/original/DP152298.jpg
37924,"1977.440.8a, b",,Double Sided Painting; Male with Flower/ Soldier,mid-late 19th century,Ink and opaque watercolor on paper,6 1/4 x 8 7/8 in. (15.9 x 22.5 cm),15.88,22.54,Asian Art,https://images.metmuseum.org/CRDImages/as/original/DP152300.jpg
37926,1983.557.1,,Priests before Shri Nathji,ca. 1820,"Ink, gold and opaque watercolor on paper",9 x 7 in. (22.9 x 17.8 cm),22.86,17.78,Asian Art,https://images.metmuseum.org/CRDImages/as/original/DP156132.jpg
37927,1977.440.14,,Disputations on a Chariot,1650–60,Ink and opaque watercolor on paper,2 1/2 x 5 5/16 in. (6.3 x 13.5 cm),6.35,13.49,Asian Art,https://images.metmuseum.org/CRDImages/as/original/DP152302.jpg
37929,1975.410.7,,Episodes from Krishna's Life: Folio from a Bhagavata Purana (Ancient Stories of Lord Vishnu),ca. 1700,Ink and opaque watercolor on paper,7 1/4 x 13 7/8 in. (18.4 x 35.2 cm),18.42,35.24,Asian Art,https://images.metmuseum.org/CRDImages/as/original/DP152292.jpg
37930,1978.533,,Encounters in Mathura: Page from a Dispersed Bhagavata Purana (Ancient Stories of Lord Vishnu),ca. 1700,Ink and opaque watercolor on paper,7 9/16 x 14 3/16 in. (19.2 x 36 cm),19.21,36.04,Asian Art,https://images.metmuseum.org/CRDImages/as/original/DP152293.jpg
37931,1978.542.1,,"Bakasura, the Crane Demon, Arrives in Brindavan: Page from a Dispersed Bhagavata Purana (Ancient Stories of Lord Vishnu)",ca. 1700,Ink and opaque watercolor on paper,7 5/8 x 14 in. (19.4 x 35.6 cm),19.37,35.56,Asian Art,https://images.metmuseum.org/CRDImages/as/original/DP152294.jpg
37932,1978.542.3,,"Symbols of the Chakravartin: Folio from a Digambara Manuscript, Possibly the Shalibhadra",late 17th century,Ink and opaque watercolor on paper,4 1/4 x 9 15/16 in. (10.8 x 25.2 cm),10.79,25.24,Asian Art,https://images.metmuseum.org/CRDImages/as/original/DP152321.jpg
37933,1975.410.6,,Council of Heroes:  Page from a Dispersed Mahabharata (Great Descendants of Mahabharata),ca. 1800,Ink and opaque watercolor on paper,11 x 16 1/4 in. (27.9 x 41.3 cm),27.94,41.28,Asian Art,https://images.metmuseum.org/CRDImages/as/original/DP156168.jpg
37935,1987.424.12,,"“Harishchandra and his Minister Killing a Tiger,” folio from a Harishchandra Series",1800–1850,Opaque watercolor and ink on paper,12 3/8 x 17 3/8 in. (31.4 x 44.1 cm),31.43,44.13,Asian Art,https://images.metmuseum.org/CRDImages/as/original/DP156170.jpg
37936,1974.222,,Six Gopis Seated Beneath Trees:  Page from a Dispersed Bhagavata Purana (Ancient Stories of Lord Vishnu),1600–10,Ink and opaque watercolor on paper,4 1/8 x 9 5/8 in. (10.5 x 24.5 cm),10.48,24.5,Asian Art,https://images.metmuseum.org/CRDImages/as/original/DP152322.jpg
37939,1977.450.1,,Yashoda Binds Krishna’s Hands: Page from a Dispersed Bhagavata Purana Manuscript,1640–50,Ink and opaque watercolor on paper,10 3/8 x 8 7/8 in. (26.4 x 22.5 cm),26.35,22.54,Asian Art,https://images.metmuseum.org/CRDImages/as/original/DP152325.jpg
37940,18.85.1,,"Ragini, possibly Asavari: Folio from a Ragamala Series",ca. 1700–1710,Ink and opaque watercolor on paper,"Image: 7 in. × 6 5/8 in. (17.8 × 16.8 cm)
Sheet: 8 3/8 × 8 1/8 in. (21.3 × 20.6 cm)",17.780035,16.827534,Asian Art,https://images.metmuseum.org/CRDImages/as/original/DP291167.jpg
37941,57.51.14,Devidasa of Nurpur,A Courtesan and Her Lover Estranged by a Quarrel:  Page from a Rasamanjari series,dated 1694–95,"Opaque watercolor, ink, silver, and  gold on paper","Overall: 8 5/8 x 12 3/4in. (21.9 x 32.4cm)
Painting within ruled lines: 6 3/4 x 11 1/4 in. (17.2 x 28.6 cm)",21.91,32.39,Asian Art,https://images.metmuseum.org/CRDImages/as/original/DP153147.jpg
37942,57.185.2,Devidasa of Nurpur,Shiva and Parvati Playing Chaupar: Folio from a Rasamanjari Series,dated 1694–95,"Opaque watercolor, ink, silver, and gold on paper","Image: 6 1/2 x 10 7/8 in. (16.5 x 27.6 cm)
Sheet: 8 x 12 1/4 in. (20.3 x 31.1 cm)
Framed: 15 5/8 x 20 1/2 in. (39.7 x 52.1 cm)",16.510033,27.622555,Asian Art,https://images.metmuseum.org/CRDImages/as/original/DT5245.jpg
37943,1987.424.16,,A Messenger is Dispatched:  Page from a Dispersed Manuscript,last quarter of the 17th century,Ink and opaque watercolor on paper,8 7/8 x 12 in. (22.6 x 30.5 cm),22.55,30.48,Asian Art,https://images.metmuseum.org/CRDImages/as/original/DT5830.jpg
37945,58.1.3,,Lady on a Terrace,18th century,Ink and opaque watercolor on paper,8 3/4 x 5 15/16 in. (22.2 x 15.1 cm),22.23,15.08,Asian Art,https://images.metmuseum.org/CRDImages/as/original/LC-58_1_3_001.jpg
37952,1975.412,,"Kalki Avatar, the Future Incarnation of  Vishnu:  Page from a Dispersed Manuscript",ca. 1760–70,Ink and opaque watercolor on paper,6 1/4 x 8 3/8 in. (15.9 x 21.3 cm),15.88,21.27,Asian Art,https://images.metmuseum.org/CRDImages/as/original/DP153152.jpg
37955,1976.15,,"Rama, Sita, and Lakshmana at the Hermitage of Bharadvaja: Illustrated folio from a dispersed Ramayana series",ca. 1780,Opaque watercolor and ink on paper,"Page: 9 15/16 x 14 1/16 in. (25.2 x 35.7 cm)
Image: 8 1/8 x 12 1/8 in. (20.6 x 30.8 cm)",20.63754,30.797562,Asian Art,https://images.metmuseum.org/CRDImages/as/original/DP153155.jpg
37956,1976.14,Nainsukh,Rama and Lakshmana as Boys Assist the Sage Vishvamitra: Folio from a dispersed Ramayana series,ca. 1780,Ink and opaque watercolor on paper,9 5/8 x 13 15/16 in. (24.5 x 35.4 cm),24.45,35.41,Asian Art,https://images.metmuseum.org/CRDImages/as/original/DP153156.jpg
37958,1978.540.3,,The Creation of Durga: Page from a Dispersed Markandeya Purana: (Stories of the Sage Markandeya),ca. 1810–20,Ink and opaque watercolor on paper,Within borders:  6 7/8 x 9 1/8 in. (17.5 x 23.2 cm),17.4625,23.1775,Asian Art,https://images.metmuseum.org/CRDImages/as/original/DP152306.jpg
37960,57.70.6,,Hanuman Bearing the Mountaintop with Medicinal Herbs,ca. 1800,Ink and opaque watercolor on cloth,Overall: 51 1/4 x 45 3/4 in. (130.2 x 116.2 cm),130.18,116.2,Asian Art,https://images.metmuseum.org/CRDImages/as/original/DP227587.jpg
37963,18.104.8,,Mahavira Preaching to Monks and Nuns: Folio from a Kalpasutra Manuscript,1461 (Samvat 1519),"Ink, opaque watercolor, and gold on paper",4 3/8 x 10 1/8 in. (11.1 x 25.7 cm),11.11,25.72,Asian Art,https://images.metmuseum.org/CRDImages/as/original/DP154789.jpg
37964,57.51.38.1,Bhadrabahu,Leaf from a Kalpa Sutra (Jain Book of Rituals),15th century,"Ink, opaque watercolor, and gold on paper",(Average size .1–.71): 4 1/2 x 11 3/8 in. (11.4 x 28.9 cm),11.43,28.89,Asian Art,https://images.metmuseum.org/CRDImages/as/original/DP154649.jpg
37965,"1995.569.4a, b",,Pair of Manuscript Covers with Three Deities and Three Hierarchs,ca. 12th century,Distemper and gold on wood,Overall: 4 1/8 x 14 1/8 in. (10.5 x 35.9 cm),10.5,35.9,Asian Art,https://images.metmuseum.org/CRDImages/as/original/34a DP310529r1_61C.jpg
37966,1991.74,,Buddha Amoghasiddhi with Eight Bodhisattvas,ca. 1200–50,Distemper on cloth,27 1/8 x 21 1/4 in. (68.9 x 54 cm),68.9,54.0,Asian Art,https://images.metmuseum.org/CRDImages/as/original/DT6641.jpg
37967,1990.323,,Radha Speaks to Krishna: Page from the Boston Rasikapriya (Lover's Breviary),ca. 1610,"Ink, opaque watercolor, and gold on paper",Sheet: 5 11/16 × 5 3/16 in. (14.4 × 13.2 cm),14.446279,13.176276,Asian Art,https://images.metmuseum.org/CRDImages/as/original/DP153158.jpg
37968,1991.94,,Krishna and the Gopis Take Shelter from the Rain,1760,"Ink, opaque watercolor, and gold on paper",13 3/4 x 9 3/8 in. (34.9 x 23.8 cm),34.93,23.81,Asian Art,https://images.metmuseum.org/CRDImages/as/original/DP153159.jpg
37970,1991.152,,"Portrait of a monk, possibly Chen Nga Tshultrim Bar, extending a blessing",late 11th–early 12th century,Distemper on cloth,"Overall: 18 1/4 x 14 1/4 in. (46.4 x 36.2 cm)
Framed: 31 3/4 x 21 13/16 in. (80.6 x 55.4 cm)",46.4,36.2,Asian Art,https://images.metmuseum.org/CRDImages/as/original/DT5055.jpg
37971,1991.304,,Lineage Portrait of an Abbot,ca. 1350,Distemper on cloth,Overall: 30 3/8 x 23 1/2 in. (77.2 x 59.7 cm),77.2,59.7,Asian Art,https://images.metmuseum.org/CRDImages/as/original/DT6724.jpg
37972,1991.404.2,,Krishna Kisses Radha: Page from the Boston Rasikapriya (Lover's Breviary),ca.1610,"Ink, gold and opaque watercolor on paper","Image: 3 5/8 × 5 1/4 in. (9.2 × 13.3 cm)
Sheet: 4 3/8 × 5 1/2 in. (11.1 × 14 cm)",9.207519,13.335027,Asian Art,https://images.metmuseum.org/CRDImages/as/original/DP153160.jpg
37973,1992.7.2,,Blindman's Bluff: Page From a Dispersed Bhagavata Purana (Ancient Stories of Lord Vishnu),ca. 1715–20,"Ink, opaque watercolor, and gold on paper",9 7/16 x 10 7/8 in. (24 x 27.6 cm),23.97,27.62,Asian Art,https://images.metmuseum.org/CRDImages/as/original/DT6832.jpg
37976,52.93.1,,"Buddha Giving Safety (Abhayananda) to Mariners, Leaf from a Dispersed Pancavimsatisahasrika Prajnapramita",ca. 1090,Ink and color on palm leaf,H. 2 1/4 in. (5.7 cm); L. 22 1/8 in. (56.2 cm),5.715,,Asian Art,https://images.metmuseum.org/CRDImages/as/original/DP238221.jpg
37979,1985.400.1,,"Bodhisattva Manjushri, Leaf from a dispersed Ashtasahasrika Prajnaparamita (Perfection of Wisdom) Manuscript",12th century,Ink and color on palm leaf,Image: 2 × 21 3/4 in. (5.1 × 55.2 cm),5.08001,55.24511,Asian Art,https://images.metmuseum.org/CRDImages/as/original/1985_400_1_d1.JPG
37986,1976.16,,"Hanuman before Rama and Lakshmana: Folio from the dispersed “Mankot"" Ramayana series",ca. 1710–25,Ink and opaque watercolor on paper,8 x 12 1/8 in. (20.3 x 30.8 cm),20.32004,30.797562,Asian Art,https://images.metmuseum.org/CRDImages/as/original/DP153163.jpg
37987,1986.501.1,,A Lady Gazing at Doves,ca. 1780–1800,Ink and opaque watercolor on paper,9 x 6 3/8 in. (22.9 x 16.2 cm),22.86,16.19,Asian Art,https://images.metmuseum.org/CRDImages/as/original/DP152317.jpg
37988,1987.424.13,Nainsukh,Hanuman Revives Rama and Lakshmana with Medicinal Herbs: Illustrated folio from a dispersed Ramayana series,ca. 1790,Ink and opaque watercolor on paper,9 15/16 x 13 15/16 in. (25.2 x 35.4 cm),25.24,35.4,Asian Art,https://images.metmuseum.org/CRDImages/as/original/DP152307.jpg
37989,1977.443.2,,The Churning of the Ocean of Milk,ca. 1780–90,Ink and opaque watercolor on paper,6 7/8 x 7 11/16 in. (17.5 x 19.5 cm),17.46,19.53,Asian Art,https://images.metmuseum.org/CRDImages/as/original/DP152318.jpg
37990,1977.443.1,,Krishna Spying on Radha,ca. 1780–90,Ink and opaque watercolor on paper,8 5/8 x 6 7/8 in. (21.9 x 17.5 cm),21.91,17.46,Asian Art,https://images.metmuseum.org/CRDImages/as/original/DP152319.jpg
37991,58.1.2,,The Timid Bride,ca. 1800,"Ink, opaque watercolor, and gilt on paper",7 1/4 x 5 13/16 in. (18.4 x 14.8 cm),18.42,14.76,Asian Art,https://images.metmuseum.org/CRDImages/as/original/DP152308.jpg
37992,18.134.3,,"Abhisarika Nayika, a Heroine Longing for Her Lover",ca. 1790–1800,"Ink, opaque watercolor, and gold on paper",6 x 3 3/4 in. (15.2 x 9.5 cm),15.24,9.53,Asian Art,https://images.metmuseum.org/CRDImages/as/original/DP152309.jpg
37993,18.134.2,,Lady Holding a Sparkler,ca. 1800,"Ink, opaque watercolor, silver and gold on paper",6 3/5 x 2 1/4 in. (16.8 x 5.8 cm),16.8,5.75,Asian Art,https://images.metmuseum.org/CRDImages/as/original/DP153164.jpg
37996,1974.147,,"Krishna, Balarama, and the Cowherders: Page from a Dispersed Bhagavata Purana (Ancient Stories of Lord Vishnu)",1800–1825,Ink and opaque watercolor on paper,9 5/8 x 15 1/4 in. (24.4 x 38.7 cm),24.45,38.74,Asian Art,https://images.metmuseum.org/CRDImages/as/original/DP152337.jpg
37997,1975.409.4,,"Krishna Slays Bakasura, the Crane Demon:  Page from a Dispersed Bhagavata Purana (Ancient Stories of Lord Vishnu))",1800–1825,Ink and opaque watercolor on paper,13 7/8 x 8 1/4 in. (35.2 x 21 cm),35.24,20.96,Asian Art,https://images.metmuseum.org/CRDImages/as/original/DP152338.jpg
37999,1981.461,,Krishna and Balarama by a River: Page from a Dispersed Bhagavata Purana (Ancient Stories of Lord Vishnu),1840,Ink and opaque watercolor on paper,9 3/8 x 12 5/8 in. (23.8 x 32.1 cm),23.81,32.07,Asian Art,https://images.metmuseum.org/CRDImages/as/original/DP152340.jpg
38000,1977.450.2,,Shalibhadra Performing Austerities: Folio from a Shalibhadra Manuscript,ca. 1725,Ink and opaque watercolor on paper,"Image: 7 1/8 × 4 5/8 in. (18.1 × 11.7 cm)
Sheet: 9 1/4 × 4 5/8 in. (23.5 × 11.7 cm)",18.097536,11.747523,Asian Art,https://images.metmuseum.org/CRDImages/as/original/DP152326.jpg
38004,1977.440.2,,Page from a Book of Omens,ca. 1800,Ink and washes of pink on paper,4 1/4 x 4 11/16 in. (10.8 x 11.9 cm),10.79,11.91,Asian Art,https://images.metmuseum.org/CRDImages/as/original/DP152343.jpg
38006,1993.479,,Portrait of the Indian Monk Atisha,early to mid-12th century,Distemper and gold on cloth,"Image: H. 19 1/2 in. (49.5 cm); W. 15/16 in. (35.4 cm)
Framed: H. 32 13/16 (83.3 cm); W. 21 11/16 in. (55.1 cm); D. 1 in. (2.5 cm)",49.5,35.4,Asian Art,https://images.metmuseum.org/CRDImages/as/original/DP-42256-001.jpg
38009,1994.377,Nainsukh,Raja Balwant Singh’s Vision of Krishna and Radha,ca. 1745–50,"Ink, opaque watercolor, and gold on paper",Overall: 7 3/4 x 6 1/8 in. (19.7 x 15.6 cm),19.68504,15.557531,Asian Art,https://images.metmuseum.org/CRDImages/as/original/DT3740.jpg
38010,1994.310,,King Dasaratha and His Retinue Proceed to Rama's Wedding:  Folio from the Shangri Ramayana Series (Style II),ca. 1690–1710,Opaque watercolor and ink on paper,"Page: 8 5/8 x 12 1/2 in. (21.9 x 31.8 cm)
Image: 7 3/4 x 11 5/8 in. (19.7 x 29.5 cm)",19.68504,29.52756,Asian Art,https://images.metmuseum.org/CRDImages/as/original/DT3722.jpg
38011,1994.452,,"Acala, The Buddhist Protector",equivalent to February / March 1322,Distemper and gold on cloth,"Image: 32 × 26 1/2 in. (81.3 × 67.3 cm)
Framed: 49 7/8 × 36 5/8 × 2 in. (126.7 × 93 × 5.1 cm)",81.3,67.3,Asian Art,https://images.metmuseum.org/CRDImages/as/original/DT3774.jpg
38012,1995.232,,Melancholy Courtesan,ca. 1750,"Ink, gold and opaque watercolor on paper",12 7/8 x 10 3/4 in. (32.7 x 27.3 cm),32.7,27.31,Asian Art,https://images.metmuseum.org/CRDImages/as/original/DT3878.jpg
38016,1995.39,A Master of the Mandi atelier,Maharaja Sidh Sen Receiving an Embassy,ca. 1700–10,Ink and opaque watercolor on paper,"Image: 14 1/2 × 10 1/8 in. (36.8 × 25.7 cm)
Sheet: 14 3/4 × 10 11/16 in. (37.5 × 27.1 cm)",36.830074,25.717552,Asian Art,https://images.metmuseum.org/CRDImages/as/original/DT3844.jpg
38017,1987.417.2,,Desvarati Ragini: Folio from a ragamala series (Garland of Musical Modes),1605–06,Ink and opaque watercolor on paper,"Image: 6 7/8 × 4 5/8 in. (17.5 × 11.7 cm)
Sheet: 8 5/8 in. × 6 in. (21.9 × 15.2 cm)",17.462536,12.065024,Asian Art,https://images.metmuseum.org/CRDImages/as/original/DP156114.jpg
38022,1979.12.2,,Krishna with an Ascetic,ca.1850,Ink and opaque watercolor on paper,11 1/2 x 6 7/16 in. (29.2 x 16.4 cm),29.21,16.35,Asian Art,https://images.metmuseum.org/CRDImages/as/original/DP152328.jpg
38031,1979.12.1,Sri Prathi Singh of Ratlam,Prince with Four Attendants,late 18th–early 19th century,Ink and opaque watercolor on paper,Overall: 11 9/16 x 8 9/16 in. (29.4 x 21.8cm),29.37,21.82,Asian Art,https://images.metmuseum.org/CRDImages/as/original/DP152295.jpg
38033,1975.192.3,,Lady About to Smoke a Hookah,ca.1790,Ink on paper,7 x 5 in. (17.8 x 12.7 cm),17.78,12.7,Asian Art,https://images.metmuseum.org/CRDImages/as/original/DP152312.jpg
38037,18.104.2,,Indra Reverences Mahavira's Embryo: Folio from a Kalpasutra Manuscript,1461 (Samvat 1519),"Ink, opaque watercolor, and gold on paper",4 3/8 x 10 1/8 in. (11.1 x 25.7 cm),11.11,25.72,Asian Art,https://images.metmuseum.org/CRDImages/as/original/DP155006.jpg
38038,1996.100.1,,A Lady Playing the Tanpura,ca. 1735,"Ink, opaque and transparent watercolor, and gold on paper",18 1/2 x 13 1/4 in. (47 x 33.7 cm),47.0,33.66,Asian Art,https://images.metmuseum.org/CRDImages/as/original/DT243.jpg
38041,1996.100.4,,A Prince Hunting Boars with His Retinue,late 18th–early 19th century,"Ink, opaque watercolor, and gold on paper",11 3/8 x 15 7/8 in. (28.9 x 40.3 cm),28.42,40.32,Asian Art,https://images.metmuseum.org/CRDImages/as/original/DP153172.jpg
38042,1996.100.5,Chokha,Maharana Bhim Singh and Retinue Embark on a Hunt,ca. 1805–10,"Ink, opaque watercolor, and gold on paper",Overall: 15 × 16 1/8 in. (38.1 × 41 cm),38.1,41.0,Asian Art,https://images.metmuseum.org/CRDImages/as/original/DT4006.jpg
38044,1996.100.7,Chotu,Maharaja Sardar Singh of Bikaner,ca. 1860–70,"Opaque watercolor, ink, and gold on paper",16 x 12 in. (40.6 x 30.5 cm),40.64,30.48,Asian Art,https://images.metmuseum.org/CRDImages/as/original/DT4008_CRD.jpg
38045,1996.45,Unidentified artist,Maharana Sangram Singh II Hunts Hares at Naramangra,ca. 1720–30,"Ink, opaque watercolor, and gold on paper",Overall: 18 1/2 x 33 1/16 in. (47 x 84 cm),47.0,84.0,Asian Art,https://images.metmuseum.org/CRDImages/as/original/1996_45.JPG
38046,2019.445.3,Bhavani Das,Prince Padam Singh of Bikaner with His Bard Gordhar on a Terrace at Night,ca. 1725,"Ink, gold, silver and opaque watercolor on paper","Image 8 1/8 x 11 1/8 in. (20.6 x 28.3 cm)
Page 11 5/8 x 13 7/8 in. (29.5 x 35.2 cm)",20.6375,28.2576,Asian Art,https://images.metmuseum.org/CRDImages/as/original/DP156171.jpg
38048,2019.445.2,,Shah Jahan Hunting Blackbuck with Trained Cheetahs,1710–15,"Ink, gold, and opaque watercolor on paper",10 7/8 x 16 5/8 in. (27.6 x 42.2 cm),27.6226,42.24,Asian Art,https://images.metmuseum.org/CRDImages/as/original/DP156161.jpg
38054,1971.25.1,,Thangka with Buddha Seated on Lotus Pedestal,19th century,Distemper on cloth,"43 7/8 x 32 1/4in. (111.4 x 81.9cm)
Framed: 47 1/8 × 35 3/4 in. (119.7 × 90.8 cm)",111.4,81.9,Asian Art,https://images.metmuseum.org/CRDImages/as/original/LC-1971_25_1_housing--003_crop.jpg
38055,1970.298.3,,Buddha Seated on a Lotus Pedestal,19th century,"ink, color, and gold on cloth",43 1/10 x 31 7/8 in. (109.5 x 81 cm),109.5,81.0,Asian Art,https://images.metmuseum.org/CRDImages/as/original/1970_298_3_O1.jpg
38056,1996.378,,Panchama Ragini: Page from a Ragamala Series (Garland of Musical Modes),ca. 1640,"Ink, opaque watercolor, and gold on paper",7 3/4 x 4 7/8 in. (19.7 x 12.4 cm),19.69,12.38,Asian Art,https://images.metmuseum.org/CRDImages/as/original/DP153173.jpg
38058,1996.357,,"Maharana Amar Singh II, Prince Sangram Singh and Courtiers Watch a Performance",ca. 1705–8,"Ink, opaque watercolor, and gold on paper",35 3/4 x 20 1/2 in. (90.8 x 52.1 cm),90.8,52.1,Asian Art,https://images.metmuseum.org/CRDImages/as/original/DP-23064-001.jpg
38344,1981.465,,"Mandala of Chandra, God of the Moon",late 14th–early 15th century,Distemper on cloth,Overall: 16 x 14 1/4 in. (40.6 x 36.2 cm),40.6,36.2,Asian Art,https://images.metmuseum.org/CRDImages/as/original/DT5084.jpg
38348,1983.548,,"The Buddha Shakyamuni, Five Past Buddhas, and Maitreya",ca. 15th century,"Wood with red pigment, gold, and ink",H. 7 3/4 in. (19.7 cm); W. 27 1/2 in. (69.9 cm); D. 1 1/8 in. (2.9 cm),19.68504,69.85014,Asian Art,https://images.metmuseum.org/CRDImages/as/original/DT7607.jpg
38465,18.85.4,Sahib Ram,Singer and Sarinda Player,ca. 1800,Ink on paper,26 x 18 1/4 in. (66 x 46.4 cm),66.04,46.36,Asian Art,https://images.metmuseum.org/CRDImages/as/original/DP153195.jpg
38822,12.134.13,Unidentified,Luohans,17th–18th century,Album of eighteen leaves; ink and color on bodhi tree leaves,12 1/2 x 7 1/2 in. (31.8 x 19.1 cm),31.75,19.05,Asian Art,https://images.metmuseum.org/CRDImages/as/original/DP159091.jpg
39482,1997.113,,Mandala of Wakamiya of Kasuga Shrine (Kasuga wakamiya mandara),early 14th century,"Hanging scroll; ink, color, gold, and cut gold on silk","Image: 29 3/4 in. × 15 in. (75.6 × 38.1 cm)
Overall with mounting: 62 1/2 x 20 1/2 in. (158.8 x 52.1 cm)
Overall with knobs: 62 1/2 x 22 1/2 in. (158.8 x 57.2 cm)",75.56515,38.100075,Asian Art,https://images.metmuseum.org/CRDImages/as/original/DT374578.jpg
39486,1997.152,,Panel from a Buddhist Ritual Crown Depicting Vairocana,late 13th–early 14th century,Distemper on wood,H. 11 3/4 in (29.8 cm); W. 5 1/8 in (13 cm),29.8,13.017526,Asian Art,https://images.metmuseum.org/CRDImages/as/original/DP12791-001.jpg
39490,1997.133,,"King Siddharta Listens to an Astrologer Forecast the Conception and Birth of His Son, the Jina Mahavira: Folio from a Kalpasutra Manuscript",late 14th century,Opaque watercolor on paper,3 3/8 x 13 13/16 in. (8.6 x 35.1 cm),8.6,35.1,Asian Art,https://images.metmuseum.org/CRDImages/as/original/DP153181.jpg
395123,54.573.7,Charles Howard Hodges,Lady Dashwood and Her Son,ca. 1785,Oil on paper,Sheet: 9 x 7 1/2 in. (22.9 x 19.1 cm),22.860046,19.050037,Drawings and Prints,https://images.metmuseum.org/CRDImages/dp/original/DP833609.jpg
39552,2005.494.3,Liu Jun,Remonstrating with the emperor,late 15th–early 16th century,Hanging scroll; ink and color on silk,"Image: 65 1/2 × 41 3/4 in. (166.4 × 106 cm)
Overall with mounting: 9 ft. 8 in. × 50 in. (294.6 × 127 cm)
Overall with knobs: 9 ft. 8 in. × 54 in. (294.6 × 137.2 cm)",166.3703,106.0452,Asian Art,https://images.metmuseum.org/CRDImages/as/original/DP-19328-002.jpg
39554,1996.240,Ding Yunpeng,The Eighteen Luohans,19th century?; spurious date of 1607,Handscroll; ink on paper,8 1/4 x 92 in. (21 x 233.7 cm),21.0,233.7,Asian Art,https://images.metmuseum.org/CRDImages/as/original/DP216180_CRD.jpg
39629,36.100.86,Utagawa Toyokuni I,Woman and Attendant,ca. 1795,Hanging scroll; ink and color on silk,34 3/4 x 10 1/2 in. (88.3 x 26.7 cm),88.3,26.7,Asian Art,https://images.metmuseum.org/CRDImages/as/original/DP231185.jpg
39630,36.100.70,Katsukawa Shunshō　勝川春章,Woman under a Willow Tree,18th century,Hanging scroll; ink and color on silk,"Image: 44 × 12 in. (111.8 × 30.5 cm)
Overall with mounting: 74 in. × 17 11/16 in. (188 × 44.9 cm)
Overall with knobs: 74 × 17 5/8 in. (188 × 44.8 cm)",111.7602,30.4801,Asian Art,https://images.metmuseum.org/CRDImages/as/original/DP231182.jpg
39641,1994.409,Unidentified artist,Ink Making,early 19th century,Gouache on paper,14 5/8 x 11 7/8 in. (37.1 x 30.2 cm),37.1,30.2,Asian Art,https://images.metmuseum.org/CRDImages/as/original/ASA38.jpg
39657,1977.49,Unidentified artist,Scholars of the Liuli Hall,late 13th century,Handscroll; ink and color on silk,"Image: 12 3/8 × 50 9/16 in. (31.4 × 128.4 cm)
Overall with mounting: 15 1/8 in. × 27 ft. 5 1/2 in. (38.4 × 836.9 cm)",31.4,128.429,Asian Art,https://images.metmuseum.org/CRDImages/as/original/DP-19580-001.jpg
39715,1986.267.49,Ren Yi (Ren Bonian),Scholar on a rock,ca. 1880,Folding fan mounted as an album leaf; ink and color on paper,Image: 7 1/2 x 21 3/16 in. (19.1 x 53.8 cm),19.050037,53.816357,Asian Art,https://images.metmuseum.org/CRDImages/as/original/DP161427.jpg
39725,36.100.46,Torii Kiyonaga,Three Women on a Riverbank,early 19th century,Hanging scroll; ink and color on silk,"Image: 15 3/4 × 23 1/4 in. (40 × 59.1 cm)
Overall with mounting: 51 1/8 × 28 1/4 in. (129.9 × 71.8 cm)
Overall with knobs: 51 1/8 × 30 3/8 in. (129.9 × 77.2 cm)",40.00508,59.05512,Asian Art,https://images.metmuseum.org/CRDImages/as/original/DP142183.jpg
39806,1998.75,,"Interior of a Manuscript Cover: Manjuvajra Embracing His Consort, with Attendant Lamas",late 13th century,Distemper on wood,16 3/4 x 5 5/8 in. (42.5 x 14.3 cm),42.5,14.3,Asian Art,https://images.metmuseum.org/CRDImages/as/original/DP335604.jpg
39810,1998.48,Unidentified artist,Bird peddler,late 15th–early 16th century,Hanging scroll; ink and color on silk,"Image: 63 1/4 x 38 3/4 in. (160.7 x 98.4 cm)
Overall with mounting: 9 ft. 6 5/8 in. × 46 3/8 in. (291.1 × 117.8 cm)
Overall with knobs: 9 ft. 6 5/8 in. × 50 1/2 in. (291.1 × 128.3 cm)",160.6553,98.4252,Asian Art,https://images.metmuseum.org/CRDImages/as/original/DT271148.jpg
39881,13.5,Unidentified artist,Amitabha and Kshitigarba,first half of the 14th century,Hanging scroll; ink and color on silk,"Image: 37 1/4 × 21 7/8 in. (94.6 × 55.6 cm)
Overall with mounting: 72 3/8 × 29 5/8 in. (183.8 × 75.2 cm)
Overall with knobs: 72 3/8 × 31 3/4 in. (183.8 × 80.6 cm)",94.6152,55.6,Asian Art,https://images.metmuseum.org/CRDImages/as/original/DP-13944-002.jpg
39882,30.76.298,Unidentified artist,Amitabha triad,ca. 13th century,"Hanging scroll; ink, color and gold on silk","Image: 45 1/4 x 23 1/4 in. (114.9 x 59.1 cm)
Overall with mounting: 83 1/4 x 31 1/2 in. (211.5 x 80 cm)
Overall with knobs: 83 1/4 x 34 in. (211.5 x 86.4 cm)",114.9352,59.0551,Asian Art,https://images.metmuseum.org/CRDImages/as/original/DP-15580-031.jpg
39887,21.57,Unidentified artist,Brahma with Attendants and Musicians,late 16th century,Hanging scroll; ink and color on hemp,"Image: 85 × 87 in. (215.9 × 221 cm)
Overall with mounting: 132 × 97 in. (335.3 × 246.4 cm)
Overall with knobs: 132 × 101 3/4 in. (335.3 × 258.4 cm)",215.90044,220.98044,Asian Art,https://images.metmuseum.org/CRDImages/as/original/DT5233.jpg
39889,59.19,Unidentified artist,Portrait of the Great Master Seosan,late 17th–18th century,Hanging scroll; ink and color on silk,"Image: 59 7/8 x 30 5/8 in. (152.1 x 77.8 cm)
Overall with mounting: 88 1/2 x 37 1/8 in. (224.8 x 94.3 cm)
Overall with knobs: 88 1/2 x 40 1/8 in. (224.8 x 101.9 cm)",152.08281,77.78766,Asian Art,https://images.metmuseum.org/CRDImages/as/original/DP-37468-002.jpg
39894,1998.161,Stipple Master,Maharana Amar Singh II with Ladies of the Zenana outside the Picture Hall at Rajnagar,ca. 1707–8,"Opaque watercolor, ink and gold on paper","Image: 9 1/2 × 7 5/16 in. (24.1 × 18.6 cm)
Sheet: 18 7/8 × 14 7/8 in. (47.9 × 37.8 cm)",24.130049,18.573788,Asian Art,https://images.metmuseum.org/CRDImages/as/original/DT4284.jpg
39895,1996.479a–c,Li Gonglin,The Classic of Filial Piety,ca. 1085,Handscroll; ink and color on silk,"Overall (a, painting): 8 5/8 x 187 1/4 in. (21.9 x 475.6 cm)
Overall (b, colophons): 10 3/8 x 208 5/8 in. (26.4 x 529.9 cm)
Overall (c, modern copy preserving seventeenth century silk restorations): 9 1/8 x 196 in. (23.2 x 497.8 cm)",21.9,475.6,Asian Art,https://images.metmuseum.org/CRDImages/as/original/DP151528.jpg
39906,30.32.6,,Buddha,ca. 6th century,Water-based pigment on mud plaster,11 3/4 x 8 1/2 in. (29.8 x 21.6 cm),29.8,21.6,Asian Art,https://images.metmuseum.org/CRDImages/as/original/30_32_6.jpg
39913,27.24,unidentified artist,Raising the Alms-Bowl,17th–18th century,"Handscroll; ink, color, and gold on paper",10 3/4 x 41 3/4 in. (27.3 x 106 cm),27.3,106.0,Asian Art,https://images.metmuseum.org/CRDImages/as/original/DP200464_CRD.jpg
39933,1975.268.9,,Iconographic Drawing of a Rainmaking Mandala,12th century,Hanging scroll; ink on paper,"Image: 23 3/8 × 20 3/8 in. (59.4 × 51.8 cm)
Overall with mounting: 59 3/8 × 25 3/8 in. (150.8 × 64.5 cm)
Overall with knobs: 59 3/8 × 27 3/4 in. (150.8 × 70.5 cm)",59.37262,51.7526,Asian Art,https://images.metmuseum.org/CRDImages/as/original/DP276179.jpg
39935,40.148,Unidentified artist,Palace ladies bathing children,11th century,Handscroll; ink and color on silk,"Image: 12 × 19 1/8 in. (30.5 × 48.6 cm)
Overall with mounting: 12 7/16 × 44 in. (31.6 × 111.8 cm)",30.5,48.6,Asian Art,https://images.metmuseum.org/CRDImages/as/original/DP214285_CRD.jpg
39956,29.100.520,,Freestanding Screen with Dancer,17th century,"Ink, color, and gold on gilt paper, mounted on a lacquered screen",20 x 16 15/16 in. (50.8 x 43.1 cm),50.8,43.1,Asian Art,https://images.metmuseum.org/CRDImages/as/original/29_100_520.JPG
39958,47.18.2,Unidentified artist,The Vimalakirti Sutra,"dated January 13, 1119",Handscroll; gold and silver on purple silk,11 in. × 26 ft. 7/8 in. (27.9 × 794.7 cm),,62.2301,Asian Art,https://images.metmuseum.org/CRDImages/as/original/DP212868_CRD.jpg
40004,1978.4,Unidentified artist,In the Palace,before 1140,Handscroll; ink and touches of color on silk,"Image: 10 1/4 × 57 3/4 in. (26 × 146.7 cm)
Overall with mounting: 10 11/16 in. × 29 ft. 11 7/8 in. (27.1 × 914.1 cm)",26.0,146.6853,Asian Art,https://images.metmuseum.org/CRDImages/as/original/DP204392_93_CRD.jpg
40011,14.76.59.1–.102,Katsushika Hokusai,Album of Sketches by Katsushika Hokusai and His Disciples,19th century,Album of ninety-seven leaves; ink and color on paper,Each leaf: 15 1/2 x 10 1/2 in. (39.4 x 26.7 cm),39.4,26.7,Asian Art,https://images.metmuseum.org/CRDImages/as/original/DP206812.jpg
40077,47.18.77,Unidentified artist,Egrets in Water Reeds,late 12th century,Fan mounted as an album leaf; ink and color on silk,9 15/16 x 10 5/16 in. (25.2 x 26.2 cm),25.2,26.2,Asian Art,https://images.metmuseum.org/CRDImages/as/original/DP153504.jpg
40092,47.18.137,Unidentified artist,Boating by a Willow Bank,13th century,Fan mounted as an album leaf; ink and color on silk,9 3/16 x 9 13/16 in. (23.3 x 24.9 cm); with mat: 15 1/2 x 15 1/2 in. (39.4 x 39.4 cm),23.3,24.9,Asian Art,https://images.metmuseum.org/CRDImages/as/original/DP153512.jpg
40137,1975.268.18,,Mandala of the Bodhisattva Monju (Manjushri) of the Eight Syllables,13th century,"Hanging scroll; ink, color, gold, and gold leaf on silk","52 3/4 × 42 3/8 in. (134 × 107.6 cm)
Overall with mounting: 85 1/4 × 51 1/2 in. (216.5 × 130.8 cm)
Overall with knobs: 85 1/4 × 54 in. (216.5 × 137.2 cm)",133.98528,107.63271,Asian Art,https://images.metmuseum.org/CRDImages/as/original/DP215104.jpg
40282,1980.275,Unidentified artist,Buddha Amitabha Descending from his Pure Land,13th century,Hanging scroll; ink and color on silk,"Image: 53 1/2 in. × 23 in. (135.9 × 58.4 cm)
Overall with mounting: 95 3/4 × 31 3/4 in. (243.2 × 80.6 cm)
Overall with knobs: 95 3/4 × 33 1/2 in. (243.2 × 85.1 cm)",135.9,58.4201,Asian Art,https://images.metmuseum.org/CRDImages/as/original/DP222080.jpg
40294,1990.134,Yan Geng,The Demon Queller Zhong Kui Giving His Sister Away in Marriage,,Handscroll; ink on silk,Image: 9 5/8 x 99 3/4 in. (24.4 x 253.4 cm),24.4,253.4,Asian Art,https://images.metmuseum.org/CRDImages/as/original/DP214003_04.jpg
40303,1989.363.5,Unidentified artists,Six Horses,"First half of scroll, 13th century; second half of scroll, 14th century",Handscroll; ink and color on paper,"Image: 18 3/16 × 66 1/4 in. (46.2 × 168.3 cm)
Overall with mounting: 18 9/16 in. × 21 ft. 2 3/4 in. (47.1 × 647.1 cm)",46.1963,168.2753,Asian Art,https://images.metmuseum.org/CRDImages/as/original/DP215062_CRD.jpg
40334,24.14,Unidentified artist,Man Holding Flower between Clasped Hands,10th century,Album leaf; ink and color on paper,11 x 7 in. (27.9 x 17.8 cm),27.9,17.8,Asian Art,https://images.metmuseum.org/CRDImages/as/original/DP-32357-001.jpg
40352,29.100.537,Utagawa Kuniyoshi,Three Beauties Playing Musical Instruments,19th century,Matted; ink and color on silk,16 1/2 x 23 1/2 in. (41.9 x 59.7 cm),41.9,59.7,Asian Art,https://images.metmuseum.org/CRDImages/as/original/29_100_537_O.JPG
40420,13.220.112,Unidentified artist,Lȕ Dongbin and the Spirit of the Peony,,Hanging scroll; ink and color on silk,Image: 57 in. × 33 3/4 in. (144.8 × 85.7 cm),144.78029,85.725174,Asian Art,https://images.metmuseum.org/CRDImages/as/original/13_220_112.jpg
40428,15.96.1,Unidentified artist,Examining the Hanging Picture,ca. 1650,Album leaf; ink and color on silk,17 3/8 x 11 3/4 in. (44.1 x 29.8 cm),44.1,29.8,Asian Art,https://images.metmuseum.org/CRDImages/as/original/15_96_1_O.jpg
40430,15.96.3,Unidentified artist,The Wise Men and Scrolls,19th century,Album leaf; ink and color on paper,20 7/8 x 10 15/16 in. (53 x 27.8 cm),53.0,27.8,Asian Art,https://images.metmuseum.org/CRDImages/as/original/15_96_3.JPG
40431,15.96.5,Unidentified artist,Wise Men and Children,19th century,Album leaf; ink and color on paper,20 5/8 x 11 1/2 in. (52.4 x 29.2 cm),52.4,29.2,Asian Art,https://images.metmuseum.org/CRDImages/as/original/15_96_5.JPG
40434,15.96.7,Unidentified artist,Scholars Strolling by the Waterfall,ca. 1650,Album leaf; ink and color on silk,17 3/4 x 11 3/8 in. (45.1 x 28.9 cm),45.1,28.9,Asian Art,https://images.metmuseum.org/CRDImages/as/original/15_96_7_O.jpg
40435,15.96.8,Unidentified artist,Wise Men and Children,19th century,Album leaf; ink and color on paper,21 x 11 1/4 in. (53.3 x 28.6 cm),53.3,28.6,Asian Art,https://images.metmuseum.org/CRDImages/as/original/15_96_8.JPG
40439,1987.9,Unidentified artist,Shakyamuni coming down from the mountains,late 13th–early 14th century,Hanging scroll; ink and color on silk,"Image: 38 x 19 1/4 in. (96.5 x 48.9 cm)
Overall with mounting: 78 x 24 5/8 in. (198.1 x 62.5 cm)
Overall with knobs: 78 x 26 5/8 in. (198.1 x 67.6 cm)",96.5202,48.8951,Asian Art,https://images.metmuseum.org/CRDImages/as/original/DP235490.jpg
40446,1984.226,Unidentified artist,Luohan,late 13th–early 14th century,Hanging scroll; ink and color on silk,"Image: 44 1/4 x 19 5/16 in. (112.4 x 49.1 cm)
Overall with mounting: 78 x 20 3/8 in. (198.1 x 51.8 cm)
Overall with knobs: 78 x 22 in. (198.1 x 55.9 cm)",112.3952,49.0538,Asian Art,https://images.metmuseum.org/CRDImages/as/original/DP-18090-002.jpg
40448,1987.148,,Buddha Amitabha Descending from His Pure Land,late 13th century,"Hanging scroll; ink, color, and gold on silk","Image: 41 1/8 x 21 1/8 in. (104.5 x 53.7 cm)
Overall with mounting: 71 1/2 x 28 1/4 in. (181.6 x 71.8 cm)
Overall with knobs: 71 1/2 x 30 3/8 in. (181.6 x 77.2 cm)",104.45771,53.657608,Asian Art,https://images.metmuseum.org/CRDImages/as/original/DP-15580-029.jpg
40507,1988.135,Zhao Mengfu,Grooms and horses,dated 1296 and 1359,Handscroll; ink and color on paper,"Image: 11 7/8 x 70 1/8 in. (30.2 x 178.1 cm)
Overall with mounting: 12 1/4 in. x 29 ft. 2 1/2 in. (31.1 x 890.3 cm)",30.1626,178.1179,Asian Art,https://images.metmuseum.org/CRDImages/as/original/DP213981_CRD.jpg
40511,1973.121.15a–p,Zhao Mengfu,Nine Songs,14th–15th century,Album of eleven leaves; ink on paper,10 3/8 x 6 1/4 in. (26.4 x 15.9 cm),26.4,15.9,Asian Art,https://images.metmuseum.org/CRDImages/as/original/DP375123_CRD.jpg
40513,1980.276,Wang Zhenpeng,Vimalakirti and the Doctrine of Nonduality,dated 1308,Handscroll; ink on silk,"Image: 15 7/16 x 85 15/16 in. (39.2 x 218.3 cm)
Overall with mounting: 15 13/16 in. x 29 ft. 4 5/8 in. (40.2 x 895.7 cm)",39.2113,218.2817,Asian Art,https://images.metmuseum.org/CRDImages/as/original/DP258040_CRD.jpg
40515,1982.1.2,Li Yaofu,Bodhidharma crossing the Yangzi River on a reed,before 1317,Hanging scroll; ink on paper,"Image: 33 3/4 × 13 5/16 in. (85.7 × 33.8 cm)
Overall with mounting: 61 1/4 × 14 in. (155.6 × 35.6 cm)
Overall with knobs: 61 1/4 × 15 7/8 in. (155.6 × 40.3 cm)",85.725174,33.813816,Asian Art,https://images.metmuseum.org/CRDImages/as/original/DP-15580-015.jpg
40521,42.141.6,,Imperial Portrait,19th century,Hanging scroll; ink and color on silk,"Image: 67 1/2 × 33 1/2 in. (171.5 × 85.1 cm)
Overall with mounting: 9 ft. 1 in. × 41 1/8 in. (276.9 × 104.5 cm)
Overall with knobs: 9 ft. 1 in. × 45 1/4 in. (276.9 × 114.9 cm)",171.5,85.09017,Asian Art,https://images.metmuseum.org/CRDImages/as/original/DP-44723-002.jpg
41470,1992.197,Chen Hongshou,Bodhisattva Guanyin in the Form of the Buddha Mother,dated 1620,Hanging scroll; ink on paper,"Image: 49 1/4 x 19 1/16 in. (125.1 x 48.4 cm)
Overall with mounting: 96 3/4 x 24 9/16 in. (245.7 x 62.4 cm)
Overall with knobs: 96 3/4 x 28 1/2 in. (245.7 x 72.4 cm)",125.0953,48.4188,Asian Art,https://images.metmuseum.org/CRDImages/as/original/DP317447.jpg
41474,1989.155,Unidentified artist,Marshal Wang,dated 1542,Hanging scroll; ink and color on silk,"Image: 38 3/4 x 24 5/8 in. (98.4 x 62.5 cm)
Overall with mounting: 83 x 27 in. (210.8 x 68.6 cm)
Overall with knobs: 83 x 30 5/8 in. (210.8 x 77.8 cm)",98.4252,62.5476,Asian Art,https://images.metmuseum.org/CRDImages/as/original/DP-18070-022.jpg
41478,1989.141.3,Xie Huan,Elegant Gathering in the Apricot Garden,ca. 1437,Handscroll; ink and color on silk,"Image: 14 5/8 x 95 3/4 in. (37.1 x 243.2 cm)
Overall with mounting: 14 3/4 in. x 41 ft. 11 1/4 in. (37.5 x 1278.3 cm)",37.4651,240.6655,Asian Art,https://images.metmuseum.org/CRDImages/as/original/DP273859_CRD.jpg
42343,36.100.39,Kenkō Shōkei,Zen Encounter (Niaoke Daolin and Bai Juyi),16th century,Hanging scroll; ink on paper,12 x 18 3/4 in. (30.5 x 47.6 cm),30.5,47.6,Asian Art,https://images.metmuseum.org/CRDImages/as/original/36_100_39_O1_sf.jpg
42558,52.209.3a–s,Unidentified artist,Portraits of members of a family,mid-19th century,Album of nineteen leaves; ink and color on silk,13 1/8 x 14 1/8 in. (33.3 x 35.9 cm),33.3,35.9,Asian Art,https://images.metmuseum.org/CRDImages/as/original/DP160953.jpg
42716,65.29.2,,Buddha of Medicine Bhaishajyaguru (Yaoshi fo),ca. 1319,Water-based pigment over foundation of clay mixed with straw,H. 24 ft. 8 in. (751.8 cm); W. 49 ft. 7 in. (1511.3 cm),751.8,1511.3,Asian Art,https://images.metmuseum.org/CRDImages/as/original/DT227320.jpg
42889,69.100,Unidentified artist,Twenty-one Ancestors with Spirit Tablet,,Ink and color on paper,Framed: 62 5/8 × 45 1/8 in. (159.1 × 114.6 cm),159.06783,114.61773,Asian Art,https://images.metmuseum.org/CRDImages/as/original/DT349132.jpg
435572,76.10,Miguel Alcañiz (or Miquel Alcanyís),Saint Giles with Christ Triumphant over Satan and the Mission of the Apostles,ca. 1408,"Tempera on wood, gold ground","Overall 59 5/8 x 39 1/2 in. (151.4 x 100.3 cm); upper left panel, painted surface 24 1/8 x 16 7/8 in. (61.3 x 42.9 cm); lower left panel, painted surface 24 5/8 x 16 7/8 in. (62.5 x 42.9 cm); right panel, painted surface 46 1/8 x 16 7/8 in. (117.2 x 42.9 cm)",151.4,100.3,European Paintings,https://images.metmuseum.org/CRDImages/ep/original/DP102155.jpg
435573,1985.5,Jacopo Amigoni,Flora and Zephyr,1730s,Oil on canvas,84 x 58 in. (213.4 x 147.3 cm),213.4,147.3,European Paintings,https://images.metmuseum.org/CRDImages/ep/original/DT8028.jpg
435574,12.6,Andrea di Bartolo,The Crucifixion,,"Tempera on wood, gold ground",20 3/4 x 38 1/2 in. (52.7 x 97.8 cm),52.7,97.8,European Paintings,https://images.metmuseum.org/CRDImages/ep/original/DP318238.jpg
435576,1991.27.2,Fra Angelico (Guido di Pietro),Saint Alexander,ca. 1425,"Tempera on wood, gold ground",Overall 6 1/4 x 6 1/8 in. (15.9 x 15.6 cm); diameter of roundel 5 7/8 in. (14.9 cm),15.9,15.6,European Paintings,https://images.metmuseum.org/CRDImages/ep/original/DP-19582-001.jpg
435577,14.40.628,Fra Angelico (Guido di Pietro),The Crucifixion,possibly ca. 1440,"Tempera transferred to canvas, laid down on wood, gold ground",13 3/8 x 19 3/4 in. (34 x 50.2 cm); set in panel 15 3/4 x 21 1/4 in. (40 x 54 cm),40.0,54.0,European Paintings,https://images.metmuseum.org/CRDImages/ep/original/DP-20398-001.jpg
435578,1983.490,Zanobi Strozzi,The Nativity,ca. 1433–34,Tempera and gold on wood,7 3/8 x 17 1/8 in. (18.7 x 43.5 cm),18.7,43.5,European Paintings,https://images.metmuseum.org/CRDImages/ep/original/DT5285.jpg
435579,24.22,Zanobi Strozzi,The Nativity,,Tempera and gold on wood,"Overall, with engaged frame, 15 1/4 x 11 1/2 in. (38.7 x 29.2 cm); painted surface 13 x 9 1/8 in. (33 x 23.2 cm)",38.7,29.2,European Paintings,https://images.metmuseum.org/CRDImages/ep/original/DP369867.jpg
435580,32.100.82,Antonello da Messina (Antonello di Giovanni d'Antonio),Christ Crowned with Thorns,,"Oil, possibly over tempera, on wood",16 3/4 x 12 in. (42.5 x 30.5 cm),42.5,30.5,European Paintings,https://images.metmuseum.org/CRDImages/ep/original/DT285189.jpg
435581,14.40.645,Antonello da Messina (Antonello di Giovanni d'Antonio),Portrait of a Young Man,ca. 1470,Oil on wood,10 5/8 x 8 1/8 in. (27 x 20.6 cm),27.0,20.6,European Paintings,https://images.metmuseum.org/CRDImages/ep/original/DP120669.jpg
435584,06.1214,Antoniazzo Romano (Antonio di Benedetto Aquilio),The Nativity,1480s,Tempera on wood,11 1/2 x 26 1/2 in. (29.2 x 67.3 cm),29.2,67.3,European Paintings,https://images.metmuseum.org/CRDImages/ep/original/DP207823.jpg
435585,12.115,Ulrich Apt the Elder,Portrait of a Married Couple (Lorenz Kraffter and Honesta Merz?),1512,Oil on linden,13 x 24 7/8 in. (33 x 63.2 cm),33.0,63.2,European Paintings,https://images.metmuseum.org/CRDImages/ep/original/DP296529.jpg
435590,30.95.241,Jacques d'Arthois,Family Group in a Landscape,ca. 1645,Oil on canvas,49 1/8 x 60 1/8 in. (124.8 x 152.7 cm),124.8,152.7,European Paintings,https://images.metmuseum.org/CRDImages/ep/original/DP-17626-001.jpg
435592,95.14.50,Jean-Baptiste Jacques Augustin,Portrait of a Woman with Tapestry Work,,Ivory extended by card,5 5/8 x 4 5/8 in. (140 x 117 mm),14.3,11.7,European Paintings,https://images.metmuseum.org/CRDImages/ep/original/ep95.14.50.R.jpg
435594,1982.60.11,Bachiacca (Francesco d'Ubertino Verdi),Leda and the Swan,,Oil on wood,Overall 16 7/8 x 12 1/2 in. (42.9 x 31.8 cm); painted surface 16 1/2 x 12 1/2 in. (41.9 x 31.8 cm),42.9,31.8,European Paintings,https://images.metmuseum.org/CRDImages/ep/original/DT5181.jpg
435595,1982.60.10,Bachiacca (Francesco d'Ubertino Verdi),Madonna and Child,possibly early 1520s,Oil and gold on wood,34 1/4 x 26 1/2 in. (87 x 67.3 cm),87.0,67.3,European Paintings,https://images.metmuseum.org/CRDImages/ep/original/DT8844.jpg
435596,14.40.603,Jacob Backer,Old Woman in an Armchair,,Oil on canvas,50 3/8 x 39 1/8 in. (128 x 99.4 cm),128.0,99.4,European Paintings,https://images.metmuseum.org/CRDImages/ep/original/DP146473.jpg
435597,29.100.2,Jacob Backer,Portrait of an Old Woman,,Oil on wood,28 x 24 in. (71.1 x 61 cm),71.1,61.0,European Paintings,https://images.metmuseum.org/CRDImages/ep/original/DP121324.jpg
435598,1982.60.29,David Bailly,"Portrait of a Man, Possibly a Botanist",1641,Oil on wood,33 x 24 1/2 in. (83.8 x 62.2 cm),83.8,62.2,European Paintings,https://images.metmuseum.org/CRDImages/ep/original/DP146464.jpg
435599,87.4.7,Dionisio Baixeras y Verdaguer,Boatmen of Barcelona,1886,Oil on canvas,59 x 83 in. (149.9 x 210.8 cm),149.9,210.8,European Paintings,https://images.metmuseum.org/CRDImages/ep/original/EP603.jpg
435600,1983.451,Hans Baldung (called Hans Baldung Grien),Saint John on Patmos,ca. 1511,"Oil, gold, and white metal on spruce",Overall 35 1/4 x 30 1/4 in. (89.5 x 76.8 cm); painted surface 34 3/8 x 29 3/4 in. (87.3 x 75.6 cm),89.5,76.8,European Paintings,https://images.metmuseum.org/CRDImages/ep/original/DP164867.jpg
435602,37.163.1–3,Donato de' Bardi,Madonna and Child with Saints Philip and Agnes,ca. 1425–30,"Tempera on wood, gold ground","Central panel, overall 23 1/2 x 13 1/8 in. (59.7 x 33.3 cm), painted surface 23 1/8 x 12 3/4 in. (58.7 x 32.4 cm); each wing, overall 23 5/8 x 6 in. (60 x 15.2 cm), painted surface 23 1/4 x 5 1/2 in. (59.1 x 14 cm)",59.7,33.3,European Paintings,https://images.metmuseum.org/CRDImages/ep/original/DP135400.jpg
435607,09.103,Giovanni Baronzio,Scenes from the Life of Christ,mid-1340s,"Tempera on canvas, transferred from wood, gold ground",26 1/4 x 15 in. (66.7 x 38.1 cm),66.7,38.1,European Paintings,https://images.metmuseum.org/CRDImages/ep/original/DP-20397-001.jpg
435609,30.111.1,John Barry,Portrait of a Man,ca. 1790,Ivory,"Oval, 2 1/2 x 2 1/8 in. (64 x 54 mm)",6.3,5.4,European Paintings,https://images.metmuseum.org/CRDImages/ep/original/DP-43800-001.jpg
435610,30.111.2,John Barry,Portrait of a Woman,ca. 1790,Ivory,"Oval, 2 1/2 x 2 1/8 in. (64 x 54 mm)",6.3,5.4,European Paintings,https://images.metmuseum.org/CRDImages/ep/original/DP-43801-001.jpg
435614,06.171,Fra Bartolomeo (Bartolomeo di Paolo del Fattorino),Madonna and Child with the Young Saint John the Baptist,ca. 1497,Oil and gold on wood,23 x 17 1/4 in. (58.4 x 43.8 cm),58.4,43.8,European Paintings,https://images.metmuseum.org/CRDImages/ep/original/DP-17017-001.jpg
435615,1982.60.8,Fra Bartolomeo (Bartolomeo di Paolo del Fattorino),Portrait of a Man,shortly after 1497,Oil on wood,Overall 15 5/8 x 12 1/8 in. (39.7 x 30.8 cm); painted surface 15 1/2 x 11 3/4 in. (39.4 x 29.8 cm),39.7,30.8,European Paintings,https://images.metmuseum.org/CRDImages/ep/original/DT8842.jpg
435616,22.60.59,Bartolomeo degli Erri,Saint Dominic Resuscitating Napoleone Orsini,1467–74,"Tempera on canvas, transferred from wood",14 x 17 1/2 in. (35.6 x 44.5 cm),35.6,44.5,European Paintings,https://images.metmuseum.org/CRDImages/ep/original/DP-23202-001.jpg
435617,23.140,Bartolomeo degli Erri,Saint Thomas Aquinas Aided by Saints Peter and Paul,,Tempera on wood,17 x 12 in. (43.2 x 30.5 cm),43.2,30.5,European Paintings,https://images.metmuseum.org/CRDImages/ep/original/DP-42412-001.jpg
435619,58.87.1,Bartolomeo di Tommaso,The Betrayal of Christ,ca. 1445–50,Tempera on wood,Overall 8 3/4 x 17 in. (22.2 x 43.2 cm); irregular painted surface 7 3/4 x 16 1/8 in. (19.7 x 41 cm),22.2,43.2,European Paintings,https://images.metmuseum.org/CRDImages/ep/original/DT200598.jpg
435621,89.21.1,Jules Bastien-Lepage,Joan of Arc,1879,Oil on canvas,100 x 110 in. (254 x 279.4 cm),254.0,279.4,European Paintings,https://images.metmuseum.org/CRDImages/ep/original/DP-14201-049.jpg
435622,1982.438,Pompeo Batoni,Diana and Cupid,1761,Oil on canvas,49 x 68 in. (124.5 x 172.7 cm),124.5,172.7,European Paintings,https://images.metmuseum.org/CRDImages/ep/original/DP-24221-001.jpg
435623,03.37.1,Pompeo Batoni,Portrait of a Young Man,ca. 1760–65,Oil on canvas,97 1/8 x 69 1/4 in. (246.7 x 175.9 cm),246.7,175.9,European Paintings,https://images.metmuseum.org/CRDImages/ep/original/DT4577.jpg
435624,32.75.16,David Baudringhien,Portrait of a Man,1627,Oil on copper,"Oval, 3 3/4 x 3 in. (95 x 76 mm)",9.5,7.6,European Paintings,https://images.metmuseum.org/CRDImages/ep/original/DP-43791-001.jpg
435625,32.75.15,David Baudringhien,Portrait of a Woman,,Oil on copper,"Oval, 3 3/4 x 3 in. (95 x 76 mm)",9.5,7.6,European Paintings,https://images.metmuseum.org/CRDImages/ep/original/DP-43790-001.jpg
435626,1988.221,Jean-Frédéric Bazille,Porte de la Reine at Aigues-Mortes,1867,Oil on canvas,31 3/4 x 39 1/4 in. (80.6 x 99.7 cm),80.6,99.7,European Paintings,https://images.metmuseum.org/CRDImages/ep/original/DP-17243-001.jpg
435627,46.150.2,Charles-Edouard de Beaumont,In the Sun,1875,Oil on canvas,23 1/2 x 37 3/4 in. (59.7 x 95.9 cm),59.7,95.9,European Paintings,https://images.metmuseum.org/CRDImages/ep/original/DP-23288-001.jpg
435630,1986.264.2,Sir William Beechey,Edward Miles (1752–1828),,Oil on canvas,11 7/8 x 9 7/8 in. (30.2 x 25.1 cm),30.2,25.1,European Paintings,https://images.metmuseum.org/CRDImages/ep/original/DP169387.jpg
435631,1986.264.3,Sir William Beechey,"George IV (1762–1830), When Prince of Wales",,Oil on canvas,56 1/4 x 44 1/2 in. (142.9 x 113 cm),142.9,113.0,European Paintings,https://images.metmuseum.org/CRDImages/ep/original/DP-16453-001.jpg
435632,05.32.1,Sir William Beechey,Portrait of a Woman,ca. 1805,Oil on canvas,50 x 40 1/4 in. (127 x 102.2 cm),127.0,102.2,European Paintings,https://images.metmuseum.org/CRDImages/ep/original/DP162139.jpg
435635,12.194,Barthel Beham,Chancellor Leonhard von Eck (1480–1550),1527,Oil on spruce,22 1/8 x 14 7/8 in. (56.2 x 37.8 cm),56.2,37.8,European Paintings,https://images.metmuseum.org/CRDImages/ep/original/DP280850.jpg
435636,25.106.1,Rudolphe Bel,Portrait of a Woman,1822,Paper stretched over metal,"Oval, 5 x 3 1/2 in. (126 x 88 mm)",12.7,8.9,European Paintings,https://images.metmuseum.org/CRDImages/ep/original/DP-43804-001.jpg
435637,32.100.125,Jean Bellegambe,"Charles de Saint-Radegonde, called Charles Coguin, Abbot of Anchin",ca. 1511–20,Oil on wood,"Arched top, 26 3/4 x 11 3/8 in. (67.9 x 28.9 cm)",67.9,28.9,European Paintings,https://images.metmuseum.org/CRDImages/ep/original/EP713.jpg
435638,32.100.102,Jean Bellegambe,The Cellier Altarpiece,1511–12,Oil on wood,Shaped top: central panel 40 x 24 in. (101.6 x 61 cm); left wing 37 3/4 x 10 in. (95.9 x 25.4 cm); right wing 37 1/2 x 9 1/2 in. (95.3 x 24.1 cm),101.6,61.0,European Paintings,https://images.metmuseum.org/CRDImages/ep/original/DT11782.jpg
435640,30.95.256,Giovanni Bellini,Madonna Adoring the Sleeping Child,early 1460s,Tempera on wood,28 1/2 x 18 1/4 in. (72.4 x 46.4 cm),72.4,46.4,European Paintings,https://images.metmuseum.org/CRDImages/ep/original/DT7219.jpg
435641,08.183.1,Giovanni Bellini,Madonna and Child,late 1480s,Oil on wood,35 x 28 in. (88.9 x 71.1 cm),88.9,71.1,European Paintings,https://images.metmuseum.org/CRDImages/ep/original/DT375.jpg
435642,49.7.1,Giovanni Bellini,Madonna and Child with Saints,ca. 1505–10,Tempera and oil on wood,38 1/4 x 60 1/2 in. (97.2 x 153.7 cm),97.2,153.7,European Paintings,https://images.metmuseum.org/CRDImages/ep/original/DP104372.jpg
435644,49.7.2,Giovanni Bellini,Madonna and Child,ca. 1510,Oil on wood,Overall 13 1/2 x 10 7/8 in. (34.3 x 27.6 cm); painted surface 12 3/4 x 10 1/8 in. (32.4 x 25.7 cm),34.3,27.6,European Paintings,https://images.metmuseum.org/CRDImages/ep/original/DT301874.jpg
435645,59.187,Jacopo Bellini,Madonna and Child,probably 1440s,"Tempera on wood, gold ground","Overall, with arched top, 34 1/2 x 25 in. (87.6 x 63.5 cm); painted surface 30 1/2 x 21 3/4 in. (77.5 x 55.2 cm)",87.6,63.5,European Paintings,https://images.metmuseum.org/CRDImages/ep/original/DP255395.jpg
435649,59.185,Benjamin-Constant (Jean-Joseph-Benjamin Constant),Judith,possibly ca. 1886,Oil on canvas,47 1/2 x 31 1/2 in. (120.7 x 80 cm),120.7,80.0,European Paintings,https://images.metmuseum.org/CRDImages/ep/original/DT2818.jpg
435650,53.61.4,Marie Guillemine Benoist,"Madame Philippe Panon Desbassayns de Richemont (Jeanne Eglé Mourgue, 1778–1855) and Her Son, Eugène (1800–1859)",1802,Oil on canvas,46 x 35 1/4 in. (116.8 x 89.5 cm),116.8,89.5,European Paintings,https://images.metmuseum.org/CRDImages/ep/original/DP-13442-001.jpg
435651,1982.60.23,Ambrosius Benson,The Lamentation,ca. 1520–25,"Oil on canvas, transferred from wood","Shaped top, 36 x 22 1/8 in. (91.4 x 56.2 cm)",91.4,56.2,European Paintings,https://images.metmuseum.org/CRDImages/ep/original/LC-1982_60_23.jpg
435656,27.39.1,Bergognone (Ambrogio di Stefano da Fossano),The Assumption of the Virgin,ca. 1510,Oil and gold on wood,95 3/8 x 42 1/2 in. (242.3 x 108 cm),242.3,108.0,European Paintings,https://images.metmuseum.org/CRDImages/ep/original/DT11757.jpg
435658,60.173,Berlinghiero,Madonna and Child,possibly 1230s,"Tempera on wood, gold ground",Overall 31 5/8 x 21 1/8 in. (80.3 x 53.7 cm); painted surface 30 x 19 1/2 in. (76.2 x 49.5 cm),80.3,53.7,European Paintings,https://images.metmuseum.org/CRDImages/ep/original/DP-26882-001.jpg
435659,41.100.13,Bernardino da Genoa,Madonna and Child with Angels,1515,Oil on wood,29 3/8 x 22 5/8 in. (74.6 x 57.5 cm),74.6,57.5,European Paintings,https://images.metmuseum.org/CRDImages/ep/original/DP-25352-001.jpg
435661,42.150.15,Vincent Bertrand,Portrait of a Woman,ca. 1810,Ivory,"Oval, 2 5/8 x 2 in. (58 x 48 mm)",6.7,5.1,European Paintings,https://images.metmuseum.org/CRDImages/ep/original/DP-43805-001.jpg
435662,45.110.1,Vincent Bertrand,Portrait of a Woman,ca. 1810,Ivory,4 1/4 x 4 in. (110 x 100 mm),10.8,10.2,European Paintings,https://images.metmuseum.org/CRDImages/ep/original/ep45.110.1.R.jpg
435664,32.100.68,Biagio d'Antonio,Portrait of a Young Man,probably ca. 1470,Tempera on wood,Overall 21 3/8 x 15 1/2 in. (54.3 x 39.4 cm); painted surface 20 1/4 x 14 1/4 in. (51.4 x 36.2 cm),54.29261,39.37008,European Paintings,https://images.metmuseum.org/CRDImages/ep/original/DP161258.jpg
435666,32.100.69,Biagio d'Antonio,The Story of Joseph,,Tempera on wood,27 x 59 in. (68.6 x 149.9 cm),68.6,149.9,European Paintings,https://images.metmuseum.org/CRDImages/ep/original/DT292812.jpg
435669,16.121,Bicci di Lorenzo,Saint Nicholas Resuscitating Three Youths,1433–35,Tempera and gold on wood,12 x 22 1/4 in. (30.5 x 56.5 cm),30.5,56.5,European Paintings,https://images.metmuseum.org/CRDImages/ep/original/DT273089.jpg
435670,1982.60.33,Cornelis Bisschop,A Young Woman and a Cavalier,early 1660s,Oil on canvas,38 1/2 x 34 3/4 in. (97.8 x 88.3 cm),97.8,88.3,European Paintings,https://images.metmuseum.org/CRDImages/ep/original/DP146467.jpg
435671,51.30.1,William Blake,The Angel Appearing to Zacharias,1799–1800,"Pen and black ink, tempera, and glue size on canvas",10 1/2 x 15 in. (26.7 x 38.1 cm),26.7,38.1,European Paintings,https://images.metmuseum.org/CRDImages/ep/original/DP164838.jpg
435680,1972.171,Abraham Bloemaert,Moses Striking the Rock,1596,Oil on canvas,31 3/8 x 42 1/2 in. (79.7 x 108 cm),79.7,108.0,European Paintings,https://images.metmuseum.org/CRDImages/ep/original/DP145411.jpg
435682,30.95.289,Boccaccio Boccaccino,Madonna and Child,1506–1518,Oil on wood,Overall 20 3/8 x 14 5/8 in. (51.8 x 37.1 cm); painted surface 20 x 14 in. (50.8 x 35.6 cm),51.8,37.1,European Paintings,https://images.metmuseum.org/CRDImages/ep/original/EP258.jpg
435687,1976.100.3,Louis Léopold Boilly,Portrait of a Man,,Oil on canvas,8 3/4 x 6 7/8 in. (22.2 x 17.5 cm),22.2,17.5,European Paintings,https://images.metmuseum.org/CRDImages/ep/original/DP-1420-01.jpg
435688,1976.100.2,Louis Léopold Boilly,Portrait of a Woman,,Oil on canvas,8 3/4 x 6 7/8 in. (22.2 x 17.5 cm),22.2,17.5,European Paintings,https://images.metmuseum.org/CRDImages/ep/original/DP-1419-01.jpg
435689,30.95.269,Ferdinand Bol,Portrait of a Woman,1642,Oil on canvas,34 3/8 x 28 in. (87.3 x 71.1 cm),87.3,71.1,European Paintings,https://images.metmuseum.org/CRDImages/ep/original/DP145922.jpg
435690,57.68,Ferdinand Bol,Petronella Elias (1648–1667) with a Basket of Fruit,1657,Oil on canvas,31 5/8 x 26 in. (80.3 x 66 cm),80.3,66.0,European Paintings,https://images.metmuseum.org/CRDImages/ep/original/DP143180.jpg
435691,87.15.81,Giovanni Boldini,Gossip,1873,Oil on wood,7 x 9 1/2 in. (17.8 x 24.1 cm),17.8,24.1,European Paintings,https://images.metmuseum.org/CRDImages/ep/original/DT219388.jpg
435694,08.136.12,Giovanni Boldini,The Dispatch-Bearer,?1879,Oil on wood,16 3/4 x 13 1/2 in. (42.5 x 34.3 cm),42.5,34.3,European Paintings,https://images.metmuseum.org/CRDImages/ep/original/DP223662.jpg
435697,26.168.61,Henry Bone,"George IV (1762–1830) as Prince Regent, after Lawrence",1816,Enamel,"Oval, 2 1/2 x 2 in. (64 x 49 mm)",6.3,5.1,European Paintings,https://images.metmuseum.org/CRDImages/ep/original/DT200600.jpg
435698,24.80.503,Henry Bone,"Matthew Baillie (1761–1823), F.R.S., after Hoppner",1817,Enamel,5 1/8 x 4 in. (130 x 103 mm),13.0,10.2,European Paintings,https://images.metmuseum.org/CRDImages/ep/original/EP758.jpg
435699,24.80.523,Henry Bone,"Charles X (1757–1836), King of France, after Gérard",1829,Enamel,14 1/4 x 10 1/4 in. (364 x 260 mm),36.2,26.0,European Paintings,https://images.metmuseum.org/CRDImages/ep/original/ep24.80.523.R.jpg
435700,95.14.47,Henry Bone,"Algernon Percy (1602–1668), Tenth Earl of Northumberland, after Van Dyck",1827,Enamel,7 x 5 3/8 in. (178 x 136 mm),17.8,13.7,European Paintings,https://images.metmuseum.org/CRDImages/ep/original/DP-31457-001.jpg
435702,87.25,Rosa Bonheur,The Horse Fair,1852–55,Oil on canvas,96 1/4 x 199 1/2 in. (244.5 x 506.7 cm),244.5,506.7,European Paintings,https://images.metmuseum.org/CRDImages/ep/original/DP-23550-001.jpg
435706,1995.536,Bonifacio de' Pitati (Bonifacio Veronese),Madonna and Child with Saints,,Oil on wood,32 1/2 x 50 in. (82.6 x 127 cm),82.6,127.0,European Paintings,https://images.metmuseum.org/CRDImages/ep/original/DT11627.jpg
435709,80.8,Léon Bonnat,John Taylor Johnston (1820–1893),1880,Oil on canvas,52 1/2 x 44 in. (133.4 x 111.8 cm),133.4,111.8,European Paintings,https://images.metmuseum.org/CRDImages/ep/original/DP-17011-001.jpg
435711,87.15.97,Léon Bonnat,An Egyptian Peasant Woman and Her Child,1869–70,Oil on canvas,73 1/2 x 41 1/2 in. (186.7 x 105.4 cm),186.7,105.4,European Paintings,https://images.metmuseum.org/CRDImages/ep/original/DT234058.jpg
435713,1972.261,Paulus Bor,The Disillusioned Medea,ca. 1640,Oil on canvas,61 1/4 x 44 1/4 in. (155.6 x 112.4 cm),155.6,112.4,European Paintings,https://images.metmuseum.org/CRDImages/ep/original/DP120565.jpg
435714,49.7.38,Gerard ter Borch the Younger,Curiosity,ca. 1660–62,Oil on canvas,30 x 24 1/2 in. (76.2 x 62.2 cm),76.2,62.2,European Paintings,https://images.metmuseum.org/CRDImages/ep/original/DP145405.jpg
435715,89.15.15,Gerard ter Borch the Younger,Portrait of a Seated Man,late 1650s or early 1660s,Oil on wood,14 1/8 x 12 in. (35.9 x 30.5 cm),35.9,30.5,European Paintings,https://images.metmuseum.org/CRDImages/ep/original/DP136269.jpg
435716,1982.60.30,Gerard ter Borch the Younger,The Van Moerkerken Family,ca. 1653–54,Oil on wood,16 1/4 x 14 in. (41.3 x 35.6 cm),41.3,35.6,European Paintings,https://images.metmuseum.org/CRDImages/ep/original/DP146463.jpg
435717,14.40.617,Gerard ter Borch the Younger,A Woman Playing the Theorbo-Lute and a Cavalier,ca. 1658,Oil on wood,14 1/2 x 12 3/4 in. (36.8 x 32.4 cm),36.8,32.4,European Paintings,https://images.metmuseum.org/CRDImages/ep/original/DP145907.jpg
435718,17.190.10,Gerard ter Borch the Younger,A Young Woman at Her Toilet with a Maid,ca. 1650–51,Oil on wood,18 3/4 x 13 5/8 in. (47.6 x 34.6 cm),47.6,34.6,European Paintings,https://images.metmuseum.org/CRDImages/ep/original/DP145397.jpg
435719,95.14.51,Joseph Bordes,Portrait of a Woman,1808,Ivory,"Octagonal, 4 1/8 x 3 1/8 in. (106 x 80 mm)",10.5,7.9,European Paintings,https://images.metmuseum.org/CRDImages/ep/original/DP-31473-001.jpg
435720,95.14.86,Joseph Bordes,Portrait of a Woman,1812,Ivory,"Oval, 4 x 3 1/8 in. (104 x 82 mm)",10.2,7.9,European Paintings,https://images.metmuseum.org/CRDImages/ep/original/DP-43803-001.jpg
435721,95.14.83,Joseph Bordes,Portrait of a Man,ca. 1810,Ivory set into card,"Oval, 7 1/8 x 5 7/8 in. (181 x 149 mm)",18.1,14.9,European Paintings,https://images.metmuseum.org/CRDImages/ep/original/ep95.14.83.R.jpg
435722,1973.311.1,Paris Bordon,Portrait of a Man in Armor with Two Pages,,Oil on canvas,46 x 62 in. (116.8 x 157.5 cm),116.8,157.5,European Paintings,https://images.metmuseum.org/CRDImages/ep/original/DP-17629-001.jpg
435723,32.100.12,Anthonie van Borssom,Barnyard Scene,ca. 1650–55,Oil on canvas,20 x 27 in. (50.8 x 68.6 cm),50.8,68.6,European Paintings,https://images.metmuseum.org/CRDImages/ep/original/DP143172.jpg
435724,13.26,Hieronymus Bosch,The Adoration of the Magi,ca. 1475,Oil and gold on oak,28 x 22 1/4in. (71.1 x 56.5cm),71.1,56.5,European Paintings,https://images.metmuseum.org/CRDImages/ep/original/DP372687.jpg
435727,1991.445,Giuseppe Bottani,The Departure of Saints Paula and Eustochium for the Holy Land,,Oil on canvas,38 3/4 x 22 1/2 in. (98.4 x 57.2 cm),98.4,57.2,European Paintings,https://images.metmuseum.org/CRDImages/ep/original/DP-22845-001.jpg
435728,14.40.642,Botticelli (Alessandro di Mariano Filipepi),The Last Communion of Saint Jerome,early 1490s,Tempera and gold on wood,13 1/2 x 10 in. (34.3 x 25.4 cm),34.3,25.4,European Paintings,https://images.metmuseum.org/CRDImages/ep/original/DP-24049-001.jpg
435729,11.98,Botticelli (Alessandro di Mariano Filipepi),Three Miracles of Saint Zenobius,ca. 1500,Tempera on wood,26 1/2 x 59 1/4 in. (67.3 x 150.5 cm),67.3,150.5,European Paintings,https://images.metmuseum.org/CRDImages/ep/original/DP-18875-001.jpg
435730,29.100.17,Botticelli,Madonna and Child with Two Angels,,Tempera on wood,"Oval, 39 1/4 x 28 in. (99.7 x 71.1 cm)",99.7,71.1,European Paintings,https://images.metmuseum.org/CRDImages/ep/original/EP256.jpg
435731,49.7.4,Botticelli,The Coronation of the Virgin,,"Tempera on canvas, transferred from wood",39 1/2 x 60 1/4 in. (100.3 x 153 cm),100.3,153.0,European Paintings,https://images.metmuseum.org/CRDImages/ep/original/DT350031.jpg
435733,61.235,Francesco Botticini (Francesco di Giovanni),Madonna and Child Enthroned with Saints and Angels,1493–95,Tempera on wood,"Arched top, 110 1/2 x 69 in. (280.7 x 175.3 cm)",280.7,175.3,European Paintings,https://images.metmuseum.org/CRDImages/ep/original/DT7233.jpg
435735,33.136.7,Etienne Bouchardy,Portrait of a Woman,1838,Ivory,4 7/8 x 4 1/8 in. (125 x 104 mm),12.4,10.5,European Paintings,https://images.metmuseum.org/CRDImages/ep/original/DP-40802-001.jpg
435736,25.106.4,Etienne Bouchardy,Portrait of a Woman,1832,Ivory laid on card,"Oval, 3 1/4 x 2 5/8 in. (82 x 67 mm)",8.3,6.7,European Paintings,https://images.metmuseum.org/CRDImages/ep/original/DP-43807-001.jpg
435738,49.7.46,François Boucher,The Interrupted Sleep,1750,Oil on canvas,Overall 32 1/4 x 29 5/8 in. (81.9 x 75.2 cm); painted surface (irregular oval) 31 x 27 3/4 in. (78.7 x 70.5 cm),81.9,75.2,European Paintings,https://images.metmuseum.org/CRDImages/ep/original/DP-414-001.jpg
435739,20.155.9,François Boucher,The Toilette of Venus,1751,Oil on canvas,42 5/8 x 33 1/2 in. (108.3 x 85.1 cm),108.3,85.1,European Paintings,https://images.metmuseum.org/CRDImages/ep/original/DP-411-01.jpg
435740,69.155.1,François Boucher,Allegory of Autumn,1753,Oil on canvas,"Irregular, 44 3/4 x 63 3/4 in. (113.7 x 161.9 cm)",113.7,161.9,European Paintings,https://images.metmuseum.org/CRDImages/ep/original/DP259112.jpg
435741,69.155.2,François Boucher,Allegory of Lyric Poetry,1753,Oil on canvas,"Irregular, 45 1/4 x 62 3/4 in. (114.9 x 159.4 cm)",114.9,159.4,European Paintings,https://images.metmuseum.org/CRDImages/ep/original/DP259113.jpg
435742,1982.60.46,François Boucher,Angelica and Medoro,1763,Oil on canvas,"Oval, 26 1/4 x 22 1/8 in. (66.7 x 56.2 cm)",66.7,56.2,European Paintings,https://images.metmuseum.org/CRDImages/ep/original/DP339914.jpg
435743,44.141,François Boucher,The Dispatch of the Messenger,1765,Oil on canvas,"Oval, 12 5/8 x 10 1/2 in. (32.1 x 26.7 cm)",32.1,26.7,European Paintings,https://images.metmuseum.org/CRDImages/ep/original/DP337751.jpg
435744,66.167,François Boucher,Virgin and Child with the Young Saint John the Baptist and Angels,1765,Oil on canvas,"Oval, 16 1/8 x 13 5/8 in. (41 x 34.6 cm)",41.0,34.6,European Paintings,https://images.metmuseum.org/CRDImages/ep/original/DP123935.jpg
435745,53.225.1,François Boucher,Shepherd's Idyll,1768,Oil on canvas,94 1/2 x 93 1/2 in. (240 x 237.5 cm),240.0,237.5,European Paintings,https://images.metmuseum.org/CRDImages/ep/original/DP259114.jpg
435746,53.225.2,François Boucher,Washerwomen,1768,Oil on canvas,95 x 93 in. (241.3 x 236.2 cm),241.3,236.2,European Paintings,https://images.metmuseum.org/CRDImages/ep/original/DP259119.jpg
435747,1982.60.45,François Boucher,"Jupiter, in the Guise of Diana, and Callisto",1763,Oil on canvas,"Oval, 25 1/2 x 21 5/8 in. (64.8 x 54.9 cm)",64.8,54.9,European Paintings,https://images.metmuseum.org/CRDImages/ep/original/DP339911.jpg
435748,07.225.291,François Boucher,Study for a Monument to a Princely Figure,,"Oil on paper, mounted on board",15 x 12 5/8 in. (38.1 x 32.1 cm),38.1,32.1,European Paintings,https://images.metmuseum.org/CRDImages/ep/original/DP312851.jpg
435752,1993.402,William Bouguereau,Young Mother Gazing at Her Child,1871,Oil on canvas,56 x 40 1/2 in. (142.2 x 102.9 cm),142.2,102.9,European Paintings,https://images.metmuseum.org/CRDImages/ep/original/DP-16481-001.jpg
435753,60.122,William Bouguereau,The Proposal,1872,Oil on canvas,64 3/8 x 44 in. (163.5 x 111.8 cm),163.5,111.8,European Paintings,https://images.metmuseum.org/CRDImages/ep/original/DP-23423-001.jpg
435754,87.15.32,William Bouguereau,Breton Brother and Sister,1871,Oil on canvas,50 7/8 x 35 1/8 in. (129.2 x 89.2 cm),129.2,89.2,European Paintings,https://images.metmuseum.org/CRDImages/ep/original/DT2566.jpg
435755,1974.2,Sébastien Bourdon,The Baptism of Christ,ca. 1650,Oil on canvas,Overall 59 3/4 x 46 1/2 in. (151.8 x 118.1 cm); painted surface (oval) 59 1/8 x 45 1/2 in. (150.2 x 115.6 cm),151.8,118.1,European Paintings,https://images.metmuseum.org/CRDImages/ep/original/DT10696.jpg
435756,1985.90,Sébastien Bourdon,A Classical Landscape,probably 1660s,Oil on canvas,27 1/2 x 36 1/4 in. (69.9 x 92.1 cm),69.9,92.1,European Paintings,https://images.metmuseum.org/CRDImages/ep/original/DP123839.jpg
435758,25.106.17,Joseph Marie Bouton,A Woman Playing a Harp,,Ivory,Diameter 3 1/2 in. (90 mm),8.9,8.9,European Paintings,https://images.metmuseum.org/CRDImages/ep/original/DP327724.jpg
435759,60.55.2,Aelbert Bouts,Head of Saint John the Baptist on a Charger,ca. 1500,Oil on poplar,Diameter 11 1/8 in. (28.3 cm),28.3,28.3,European Paintings,https://images.metmuseum.org/CRDImages/ep/original/DP345354.jpg
435761,14.40.644,Dieric Bouts,Portrait of a Man,ca. 1470,Oil on wood,Overall 12 x 8 1/2 in. (30.5 x 21.6 cm); painted surface 11 5/8 x 8 1/8 in. (29.5 x 20.6 cm),30.5,21.6,European Paintings,https://images.metmuseum.org/CRDImages/ep/original/DP-14975-001.jpg
435762,30.95.280,Dieric Bouts,Virgin and Child,ca. 1455–60,Oil on wood,8 1/2 x 6 1/2 in. (21.6 x 16.5 cm),21.6,16.5,European Paintings,https://images.metmuseum.org/CRDImages/ep/original/DP-20589-001.jpg
435763,71.156–57,Dieric Bouts,The Mourning Virgin; Christ Crowned with Thorns,,Oil on oak,Each 16 x 12 1/2 in. (40.6 x 31.8 cm),40.6,31.8,European Paintings,https://images.metmuseum.org/CRDImages/ep/original/DT241954.jpg
435764,22.96,Hans Traut,Virgin and Child,,"Oil, gold, and silver on linden",15 5/8 x 12 1/8 in. (39.7 x 30.8 cm),39.7,30.8,European Paintings,https://images.metmuseum.org/CRDImages/ep/original/DP164802.jpg
435765,1982.60.16,Dieric Bouts,Virgin and Child,1475–99,Oil on wood,Overall 11 1/2 x 8 1/4 in. (29.2 x 21 cm); painted surface 11 1/4 x 7 3/4 in. (28.6 x 19.7 cm),29.2,21.0,European Paintings,https://images.metmuseum.org/CRDImages/ep/original/DT7240.jpg
435766,49.7.18,Dieric Bouts,Virgin and Child,1475–99,Oil on wood,11 1/2 x 8 1/4 in. (29.2 x 21 cm),29.2,21.0,European Paintings,https://images.metmuseum.org/CRDImages/ep/original/DP-23268-001.jpg
435768,12.178.2,Bramantino (Bartolomeo Suardi),Madonna and Child,before 1508,Tempera on wood,Overall 13 1/2 x 11 1/4 in. (34.3 x 28.6 cm); painted surface 13 1/2 x 10 7/8 in. (34.3 x 27.6 cm),34.3,28.6,European Paintings,https://images.metmuseum.org/CRDImages/ep/original/DT5282.jpg
435769,11.73,Leonaert Bramer,The Judgment of Solomon,1640s,Oil on wood,31 1/8 x 40 1/2 in. (79.1 x 102.9 cm),79.1,102.9,European Paintings,https://images.metmuseum.org/CRDImages/ep/original/DP145897.jpg
435770,1991.305,Bartholomeus Breenbergh,The Preaching of John the Baptist,1634,Oil on wood,21 1/2 x 29 5/8 in. (54.6 x 75.2 cm),54.6,75.2,European Paintings,https://images.metmuseum.org/CRDImages/ep/original/DP145412.jpg
435771,71.110,Quirijn van Brekelenkam,The Spinner,1653,Oil on wood,19 x 25 1/4 in. (48.3 x 64.1 cm),48.3,64.1,European Paintings,https://images.metmuseum.org/CRDImages/ep/original/DP143193.jpg
435772,32.100.19,Quirijn van Brekelenkam,Sentimental Conversation,early 1660s,Oil on wood,16 1/4 x 13 7/8 in. (41.3 x 35.2 cm),41.3,35.2,European Paintings,https://images.metmuseum.org/CRDImages/ep/original/DP145925.jpg
435773,25.110.66,Jules Breton,The Weeders,1868,Oil on canvas,28 1/8 x 50 1/4 in. (71.4 x 127.6 cm),71.4,127.6,European Paintings,https://images.metmuseum.org/CRDImages/ep/original/DT2155.jpg
435774,87.15.21,Jules Breton,A Peasant Girl Knitting,ca. 1870,Oil on canvas,22 5/8 x 18 1/2 in. (57.5 x 47 cm),57.5,47.0,European Paintings,https://images.metmuseum.org/CRDImages/ep/original/DP-23347-001.jpg
435776,89.15.20,Jörg Breu the Younger,Joseph Interpreting the Dreams of Pharaoh,ca. 1534–47,Distemper on linen,67 5/8 x 57 1/4 in. (171.8 x 145.4 cm),171.8,145.4,European Paintings,https://images.metmuseum.org/CRDImages/ep/original/DP164851.jpg
435778,51.194.2,British Painter,Sir John Shurley of Isfield (1565–1632),,Oil on wood,35 3/4 x 29 3/8 in. (90.8 x 74.6 cm),90.8,74.6,European Paintings,https://images.metmuseum.org/CRDImages/ep/original/DP170287.jpg
435779,11.149.1,British Painter,Portrait of a Woman,ca. 1600,Oil on wood,44 1/2 x 34 3/4 in. (113 x 88.3 cm),113.0,88.3,European Paintings,https://images.metmuseum.org/CRDImages/ep/original/DP167132.jpg
435780,17.190.2,British Painter,"Mary, Queen of Scots, with Her Son, James",19th century,Oil on slate,8 7/8 x 7 3/4 in. (22.5 x 19.7 cm),22.5,19.7,European Paintings,https://images.metmuseum.org/CRDImages/ep/original/DP169630.jpg
435788,95.14.96,British Painter,A Man with the Initials RH,,Card,"Oval, 2 x 1 3/8 in. (51 x 36 mm)",5.1,3.5,European Paintings,https://images.metmuseum.org/CRDImages/ep/original/ep95.14.96.R.jpg
435802,29.100.16,Bronzino (Agnolo di Cosimo di Mariano),Portrait of a Young Man,1530s,Oil on wood,37 5/8 x 29 1/2 in. (95.6 x 74.9 cm),95.6,74.9,European Paintings,https://images.metmuseum.org/CRDImages/ep/original/DP-14286-011.jpg
435803,08.262,Bronzino,Cosimo I de' Medici (1519–1574),,Oil on wood,37 3/4 x 27 3/4 in. (95.9 x 70.5 cm),95.9,70.5,European Paintings,https://images.metmuseum.org/CRDImages/ep/original/DP104985.jpg
435804,1982.60.38,Hans Brosamer,Katharina Merian,,"Oil, gold, and white metal on linden",Overall 18 1/4 x 13 1/8 in. (46.4 x 33.3 cm); painted surface 17 5/8 x 13 1/8 in. (44.8 x 33.3 cm),46.4,33.3,European Paintings,https://images.metmuseum.org/CRDImages/ep/original/DP164865.jpg
435807,32.100.21,Adriaen Brouwer,The Smokers,ca. 1636,Oil on wood,18 1/4 × 14 1/2 in. (46.4 × 36.8 cm),46.4,36.8,European Paintings,https://images.metmuseum.org/CRDImages/ep/original/DP-15904-001.jpg
435809,19.164,Pieter Bruegel the Elder,The Harvesters,1565,Oil on wood,"Overall, including added strips at top, bottom, and right, 46 7/8 x 63 3/4 in. (119 x 162 cm); original painted surface 45 7/8 x 62 7/8 in. (116.5 x 159.5 cm)",119.1,161.9,European Paintings,https://images.metmuseum.org/CRDImages/ep/original/DP119115.jpg
435810,1974.293,Jan Brueghel the Elder,A Woodland Road with Travelers,1607,Oil on wood,18 1/8 x 32 3/4 in. (46 x 83.2 cm),46.0,83.2,European Paintings,https://images.metmuseum.org/CRDImages/ep/original/DP-19631-001.jpg
435813,1991.444,Jan Brueghel the Younger,Aeneas and the Sibyl in the Underworld,1630s,Oil on copper,10 1/2 x 14 1/8 in. (26.7 x 35.9 cm),26.7,35.9,European Paintings,https://images.metmuseum.org/CRDImages/ep/original/DP234687.jpg
435817,56.228,Hendrick ter Brugghen,The Crucifixion with the Virgin and Saint John,ca. 1624–25,Oil on canvas,61 in. × 40 1/4 in. (154.9 × 102.2 cm),154.9,102.2,European Paintings,https://images.metmuseum.org/CRDImages/ep/original/DP146490.jpg
435818,62.267.1,Barthel Bruyn the Elder,Portrait of a Man,1533,Oil on oak,"Overall, with arched top, 12 x 8 7/8 in. (30.5 x 22.5 cm); painted surface 11 3/4 x 8 1/8 in. (29.8 x 20.6 cm)",30.5,22.5,European Paintings,https://images.metmuseum.org/CRDImages/ep/original/DP280346.jpg
435819,62.267.2,Barthel Bruyn the Elder,Portrait of a Woman,1533,Oil on oak,"Overall, with arched top, 12 x 8 7/8 in. (30.5 x 22.5 cm); painted surface 11 3/4 x 8 1/8 in. (29.8 x 20.6 cm)",30.5,22.5,European Paintings,https://images.metmuseum.org/CRDImages/ep/original/DP280348.jpg
435820,32.100.50,Barthel Bruyn the Younger,Portrait of a Woman of the Slosgin Family of Cologne,1557,Oil on oak,"Shaped top, 17 3/4 x 14 1/8 in. (45.1 x 35.9 cm)",45.1,35.9,European Paintings,https://images.metmuseum.org/CRDImages/ep/original/DP-29328-001.jpg
435821,95.14.81,Adam Buck,"Portrait of a Woman, Said to Be Emma (1765–1815), Lady Hamilton",1804,Ivory,Diameter 1 1/4 in. (32 mm),3.2,3.2,European Paintings,https://images.metmuseum.org/CRDImages/ep/original/DT345086.jpg
435822,58.145.1,Budapest Master,The Annunciation,,"Oil and gold on canvas, transferred from wood",32 x 20 1/4 in. (81.3 x 51.4 cm),81.3,51.4,European Paintings,https://images.metmuseum.org/CRDImages/ep/original/DP-22846-001.jpg
435823,1971.115.3ab,Giuliano di Piero di Simone Bugiardini,Adam; Eve,ca. 1520,Oil on canvas,Each 26 3/8 x 61 3/4 in. (67 x 156.8 cm),67.0,156.8,European Paintings,https://images.metmuseum.org/CRDImages/ep/original/DP246969.jpg
435824,30.83,Giuliano di Piero di Simone Bugiardini,Madonna and Child Enthroned with Saints Mary Magdalen and John the Baptist,ca. 1523,Oil on wood,76 1/4 x 65 1/4 in. (193.7 x 165.7 cm),193.7,165.7,European Paintings,https://images.metmuseum.org/CRDImages/ep/original/DT894.jpg
435826,47.26,Sir Edward Burne-Jones,The Love Song,1868–77,Oil on canvas,45 x 61 3/8 in. (114.3 x 155.9 cm),114.3,155.9,European Paintings,https://images.metmuseum.org/CRDImages/ep/original/DP323394.jpg
435828,31.67.8,Byzantine Painter,The Presentation in the Temple,,"Tempera on wood, gold ground",17 1/2 x 16 5/8 in. (44.5 x 42.2 cm),44.5,42.2,European Paintings,https://images.metmuseum.org/CRDImages/ep/original/DT242201.jpg
435829,65.258.1,Alexandre Cabanel,Echo,1874,Oil on canvas,38 1/2 x 26 1/4 in. (97.8 x 66.7 cm),97.8,66.7,European Paintings,https://images.metmuseum.org/CRDImages/ep/original/DP208016.jpg
435830,87.15.82,Alexandre Cabanel,Catharine Lorillard Wolfe (1828–1887),1876,Oil on canvas,67 1/2 x 42 3/4 in. (171.5 x 108.6 cm),171.5,108.6,European Paintings,https://images.metmuseum.org/CRDImages/ep/original/DT11971.jpg
435831,94.24.1,Alexandre Cabanel,The Birth of Venus,1875,Oil on canvas,41 3/4 x 71 7/8 in. (106 x 182.6 cm),106.0,182.6,European Paintings,https://images.metmuseum.org/CRDImages/ep/original/DP-22432-001.jpg
435832,23.103.1,Alexandre Cabanel,Florentine Poet,1861,Oil on wood,12 x 19 7/8 in. (30.5 x 50.5 cm),30.5,50.5,European Paintings,https://images.metmuseum.org/CRDImages/ep/original/DP208015.jpg
435833,1973.165,Francesco Cairo,Herodias,before 1635,Oil on canvas,29 5/8 x 24 5/8 in. (75.2 x 62.5 cm),75.2,62.5,European Paintings,https://images.metmuseum.org/CRDImages/ep/original/DP-22711-001.jpg
435834,32.75.10,Antoine François Callet,"Louis XVI (1754–1793), King of France",1787,Ivory,Diameter 2 5/8 in. (67 mm),6.7,6.7,European Paintings,https://images.metmuseum.org/CRDImages/ep/original/DP327714.jpg
435835,63.43.1,Bernardino Campi,Portrait of a Woman,late 1560s,Oil on canvas,55 5/8 x 38 1/4 in. (141.3 x 97.2 cm),141.3,97.2,European Paintings,https://images.metmuseum.org/CRDImages/ep/original/DP-20209-001.jpg
435837,50.145.35,Rogier van der Weyden,Man in Prayer,ca. 1440,Oil on wood,Overall 12 1/2 x 9 1/8 in. (31.8 x 23.2 cm); painted surface 12 1/2 x 9 in. (31.8 x 23 cm),31.8,23.2,European Paintings,https://images.metmuseum.org/CRDImages/ep/original/DP347297.jpg
435838,05.39.2,Robert Campin,Virgin and Child in an Apse,,"Oil on canvas, transferred from wood",17 3/4 x 13 1/2 in. (45.1 x 34.3 cm),45.1,34.3,European Paintings,https://images.metmuseum.org/CRDImages/ep/original/DP-41688-001.jpg
435841,95.14.90,Pierre Laurent Canon,Baron Joseph Dominique Louis (1755–1837),1844,Ivory,"Oval, 4 1/8 x 3 1/8 in. (105 x 80 mm)",10.5,7.9,European Paintings,https://images.metmuseum.org/CRDImages/ep/original/DP-43806-001.jpg
435844,52.81,Caravaggio (Michelangelo Merisi),The Musicians,1597,Oil on canvas,36 1/4 x 46 5/8 in. (92.1 x 118.4 cm),92.1,118.4,European Paintings,https://images.metmuseum.org/CRDImages/ep/original/DP-687-001.jpg
435847,58.145.2,Frei Carlos,"Saint Vincent, Patron Saint of Lisbon",,Oil on wood,64 x 20 7/8 in. (162.6 x 53 cm),162.6,53.0,European Paintings,https://images.metmuseum.org/CRDImages/ep/original/DT282013.jpg
435848,35.121,Fra Carnevale (Bartolomeo di Giovanni Corradini),The Birth of the Virgin,1467,Tempera and oil on wood,57 x 37 7/8 in. (144.8 x 96.2 cm),144.8,96.2,European Paintings,https://images.metmuseum.org/CRDImages/ep/original/DP109484.jpg
435849,49.4,Carolus-Duran (Charles-Auguste-Emile Durant),"Mrs. William Astor (Caroline Webster Schermerhorn, 1831–1908)",1890,Oil on canvas,83 1/2 × 42 1/4 in. (212.1 × 107.3 cm),212.09042,107.315216,European Paintings,https://images.metmuseum.org/CRDImages/ep/original/DT204990.jpg
435851,11.118,Vittore Carpaccio,The Meditation on the Passion,ca. 1490,Oil and tempera on wood,Overall 27 3/4 x 34 1/8in. (70.5 x 86.7cm); painted surface 26 3/16 × 33 1/4 in. (66.5 × 84.5 cm),70.5,86.7,European Paintings,https://images.metmuseum.org/CRDImages/ep/original/DP296427.jpg
435852,1994.142,Annibale Carracci,Two Children Teasing a Cat,,Oil on canvas,26 x 35 in. (66 x 88.9 cm),66.0,88.9,European Paintings,https://images.metmuseum.org/CRDImages/ep/original/DP243404.jpg
435853,1971.155,Annibale Carracci,The Coronation of the Virgin,after 1595,Oil on canvas,46 3/8 x 55 5/8 in. (117.8 x 141.3 cm),117.8,141.3,European Paintings,https://images.metmuseum.org/CRDImages/ep/original/DP-27033-001.jpg
435854,49.122.2,Rosalba Carriera,Portrait of a Man,ca. 1710,Ivory,"Oval, 3 x 2 1/4 in. (76 x 59 mm)",7.6,5.7,European Paintings,https://images.metmuseum.org/CRDImages/ep/original/DT200586.jpg
435855,63.138.5,Eugène Carrière,The First Communion,ca. 1896,Oil on canvas,25 3/4 x 21 in. (65.4 x 53.3 cm),65.4,53.3,European Paintings,https://images.metmuseum.org/CRDImages/ep/original/DP-14201-043.jpg
435856,1979.97,Eugène Carrière,Self-Portrait,ca. 1893,Oil on canvas,16 1/4 x 12 7/8 in. (41.3 x 32.7 cm),41.3,32.7,European Paintings,https://images.metmuseum.org/CRDImages/ep/original/DP-14201-015.jpg
435858,07.225.253,Francesco Casanova,Cavalier and Shepherd,,Oil on canvas,25 5/8 x 32 in. (65.1 x 81.3 cm),65.1,81.3,European Paintings,https://images.metmuseum.org/CRDImages/ep/original/DP-22305-001.jpg
435859,69.123,Catena (Vincenzo di Biagio),The Adoration of the Shepherds,probably after 1520,Oil on canvas,49 1/2 x 81 3/4 in. (125.7 x 207.6 cm),125.7,207.6,European Paintings,https://images.metmuseum.org/CRDImages/ep/original/DT7237.jpg
435860,30.95.258,Catena (Vincenzo di Biagio),Portrait of a Venetian Senator,ca. 1525,Oil on canvas,27 1/4 x 24 in. (69.2 x 61 cm),69.2,61.0,European Paintings,https://images.metmuseum.org/CRDImages/ep/original/DP-22885-001.jpg
435861,43.23,Bernardo Cavallino,Saint Catherine of Alexandria,,Oil on canvas,50 1/4 x 40 1/4 in. (127.6 x 102.2 cm),127.6,102.2,European Paintings,https://images.metmuseum.org/CRDImages/ep/original/DP285749.jpg
435863,1982.35.1,Cenni di Francesco di Ser Cenni,Saint Catherine Disputing and Two Donors,possibly ca. 1380,"Tempera on wood, gold ground","Overall, with engaged frame, 22 3/4 x 18 1/4 in. (57.8 x 46.4 cm); painted surface 21 1/4 x 16 3/4 in. (54 x 42.5 cm)",57.8,46.4,European Paintings,https://images.metmuseum.org/CRDImages/ep/original/DP-20591-001.jpg
435864,30.15,Giacomo Ceruti,A Woman with a Dog,1740s,Oil on canvas,38 x 28 1/2 in. (96.5 x 72.4 cm),96.5,72.4,European Paintings,https://images.metmuseum.org/CRDImages/ep/original/DP-29214-001.jpg
435868,61.101.1,Paul Cézanne,The Card Players,1890–92,Oil on canvas,25 3/4 x 32 1/4 in. (65.4 x 81.9 cm),65.4,81.9,European Paintings,https://images.metmuseum.org/CRDImages/ep/original/DP231550.jpg
435869,1993.400.1,Paul Cézanne,"Antoine Dominique Sauveur Aubert (born 1817), the Artist's Uncle, as a Monk",1866,Oil on canvas,25 5/8 x 21 1/2 in. (65.1 x 54.6 cm),65.1,54.6,European Paintings,https://images.metmuseum.org/CRDImages/ep/original/DT1977.jpg
435870,53.140.1,Paul Cézanne,"Antoine Dominique Sauveur Aubert (born 1817), the Artist's Uncle",1866,Oil on canvas,32 1/4 × 25 7/8 in. (81.9 × 65.7 cm),81.91516,65.72263,European Paintings,https://images.metmuseum.org/CRDImages/ep/original/DT1408.jpg
435873,29.100.65,Paul Cézanne,Gustave Boyer (b. 1840) in a Straw Hat,1870–71,"Oil on paper, laid down on canvas",21 5/8 x 15 1/4 in. (54.9 x 38.7 cm),54.9,38.7,European Paintings,https://images.metmuseum.org/CRDImages/ep/original/DT1938.jpg
435876,62.45,Paul Cézanne,"Madame Cézanne (Hortense Fiquet, 1850–1922) in a Red Dress",1888–90,Oil on canvas,45 7/8 × 35 1/4 in. (116.5 × 89.5 cm),116.5,89.5,European Paintings,https://images.metmuseum.org/CRDImages/ep/original/DP320128.jpg
435882,51.112.1,Paul Cézanne,Still Life with Apples and a Pot of Primroses,ca. 1890,Oil on canvas,28 3/4 x 36 3/8 in. (73 x 92.4 cm),73.0,92.4,European Paintings,https://images.metmuseum.org/CRDImages/ep/original/DT47.jpg
435886,51.34,Philippe de Champaigne,Jean-Baptiste Colbert (1619–1683),1655,Oil on canvas,36 1/4 x 28 1/2 in. (92.1 x 72.4 cm),92.1,72.4,European Paintings,https://images.metmuseum.org/CRDImages/ep/original/DP-27911-001.jpg
435888,49.24,Jean Siméon Chardin,Soap Bubbles,ca. 1733–34,Oil on canvas,24 x 24 7/8 in. (61 x 63.2 cm),61.0,63.2,European Paintings,https://images.metmuseum.org/CRDImages/ep/original/DP356133.jpg
435891,62.122.63,Jacques Charlier,"Leda and the Swan, after Boucher",,Ivory,2 x 2 7/8 in. (50 x 72 mm),5.1,7.3,European Paintings,https://images.metmuseum.org/CRDImages/ep/original/DP-40810-001.jpg
435892,49.110,French Painter,Portrait of a Man,,Oil on canvas,21 x 18 in. (53.3 x 45.7 cm),53.3,45.7,European Paintings,https://images.metmuseum.org/CRDImages/ep/original/DP-23371-001.jpg
435894,1993.401,Giuseppe Bartolomeo Chiari,Bathsheba at Her Bath,ca. 1700,Oil on canvas,53 1/2 x 38 1/2 in. (135.9 x 97.8 cm),135.9,97.8,European Paintings,https://images.metmuseum.org/CRDImages/ep/original/DP-17059-001.jpg
435895,43.132.4,George Chinnery,Self-Portrait,1825–28,Oil on canvas,8 5/8 x 7 1/4 in. (21.9 x 18.4 cm),21.9,18.4,European Paintings,https://images.metmuseum.org/CRDImages/ep/original/DP213130.jpg
435896,49.7.19,Petrus Christus,Portrait of a Carthusian,1446,Oil on oak,Overall 11 1/2 x 8 1/2 in. (29.2 x 21.6 cm); painted surface 11 1/2 x 7 3/8 in. (29.2 x 18.7 cm),29.2,21.6,European Paintings,https://images.metmuseum.org/CRDImages/ep/original/DP-44361-001.jpg
435897,60.71.1,Petrus Christus,Head of Christ (Ecce Homo),ca. 1445,"Oil on parchment, laid down on wood",Overall 5 7/8 x 4 1/4 in. (14.9 x 10.8 cm); parchment 5 3/4 x 4 1/8 in. (14.6 x 10.5 cm),14.9,10.8,European Paintings,https://images.metmuseum.org/CRDImages/ep/original/DT229079.jpg
435898,91.26.12,Petrus Christus,The Lamentation,ca. 1450,Oil on wood,Overall 10 1/8 x 14 in. (25.7 x 35.6 cm); painted surface 10 x 13 3/4 in. (25.4 x 34.9 cm),25.7,35.6,European Paintings,https://images.metmuseum.org/CRDImages/ep/original/DP-20594-001.jpg
435899,32.100.35,Petrus Christus,The Annunciation,ca. 1445,Oil on wood,Overall 31 x 25 7/8 in. (78.7 x 65.7 cm); painted surface 30 1/2 x 25 1/4 in. (77.5 x 64.1 cm),78.7,65.7,European Paintings,https://images.metmuseum.org/CRDImages/ep/original/DT1479.jpg
435900,1991.7,Cigoli (Ludovico Cardi),The Adoration of the Shepherds with Saint Catherine of Alexandria,1599,Oil on canvas,121 3/8 x 76 1/4 in. (308.3 x 193.7 cm),308.3,193.7,European Paintings,https://images.metmuseum.org/CRDImages/ep/original/DT6545.jpg
435901,41.190.11,Cima da Conegliano (Giovanni Battista Cima),Madonna and Child with Saints Francis and Clare,ca. 1510,Oil on wood,8 x 10 1/2 in. (20.3 x 26.7 cm),20.3,26.7,European Paintings,https://images.metmuseum.org/CRDImages/ep/original/DP-18296-025.jpg
435902,07.149,Cima da Conegliano (Giovanni Battista Cima),"Three Saints: Roch, Anthony Abbot, and Lucy",ca. 1513,"Oil on canvas, transferred from wood",50 1/2 x 48 in. (128.3 x 121.9 cm),128.3,121.9,European Paintings,https://images.metmuseum.org/CRDImages/ep/original/DP214439.jpg
435904,49.107,Pieter Claesz,Still Life with a Skull and a Writing Quill,1628,Oil on wood,9 1/2 x 14 1/8 in. (24.1 x 35.9 cm),24.1,35.9,European Paintings,https://images.metmuseum.org/CRDImages/ep/original/DP145929.jpg
435905,28.117,Claude Lorrain (Claude Gellée),The Ford,possibly 1636,Oil on canvas,29 1/4 x 39 3/4 in. (74.3 x 101 cm),74.3,101.0,European Paintings,https://images.metmuseum.org/CRDImages/ep/original/DP123844.jpg
435912,32.100.124,François Clouet,"Charles IX (1550–1574), King of France",,Oil on wood,12 3/8 x 9 in. (31.4 x 22.9 cm),31.4,22.9,European Paintings,https://images.metmuseum.org/CRDImages/ep/original/DP-19300-001.jpg
435913,24.80.512,François Clouet,"Henry III (1551–1589), King of France",,Vellum laid on wood,2 1/4 x 1 3/4 in. (58 x 44 mm),5.7,4.4,European Paintings,https://images.metmuseum.org/CRDImages/ep/original/DP-40797-001.jpg
435914,46.68,Jean Clouet,Guillaume Budé (1467–1540),ca. 1536,Oil on wood,15 5/8 x 13 1/2 in. (39.7 x 34.3 cm),39.7,34.3,European Paintings,https://images.metmuseum.org/CRDImages/ep/original/DP-25742-001.jpg
435915,35.89.1,Jean Clouet,"Charles de Cossé (1506–1563), Count of Brissac",ca. 1535,Vellum,Diameter 1 1/2 in. (37 mm),3.8,3.8,European Paintings,https://images.metmuseum.org/CRDImages/ep/original/DT229154.jpg
435916,45.128.12,François Clouet,"Henry II (1519–1559), King of France",,"Oil on canvas, transferred from wood",61 1/2 x 53 in. (156.2 x 134.6 cm),156.2,134.6,European Paintings,https://images.metmuseum.org/CRDImages/ep/original/DP-16201-001.jpg
435917,17.190.3,Marcellus Coffermans,The Adoration of the Shepherds,ca. 1550,Oil on wood,8 1/8 x 5 1/2 in. (20.6 x 14 cm),20.6,14.0,European Paintings,https://images.metmuseum.org/CRDImages/ep/original/DP-23270-001.jpg
435920,95.14.69,Samuel Collins,Portrait of a Man,,Ivory,"Oval, 1 5/8 x 1 1/4 in. (40 x 32 mm)",4.1,3.2,European Paintings,https://images.metmuseum.org/CRDImages/ep/original/DP-31480-001.jpg
435921,06.1272,John Constable,"Mrs. James Pulham Sr. (Frances Amys, ca. 1766–1856)",1818,Oil on canvas,29 3/4 x 24 3/4 in. (75.6 x 62.9 cm),75.6,62.9,European Paintings,https://images.metmuseum.org/CRDImages/ep/original/DP162142.jpg
435924,80.3.180,Continental Painter,Portrait of a Man,,Oil on card,Overall 1 3/4 x 1 1/2 in. (43 x 38 mm); feigned oval portrait 1 1/4 x 1 1/8 in. (32 x 28 mm),4.4,3.8,European Paintings,https://images.metmuseum.org/CRDImages/ep/original/DP-31456-001.jpg
435940,1982.60.7,Bernardino dei Conti,Madonna and Child,,Oil on wood,"Overall, with additions, 15 7/8 x 12 in. (40.3 x 30.5 cm); painted surface 15 5/8 x 11 5/8 in. (39.7 x 29.5 cm)",40.3,30.5,European Paintings,https://images.metmuseum.org/CRDImages/ep/original/DT8841.jpg
435941,49.33,Samuel Cooper,"Henry Carey (1596–1661), Second Earl of Monmouth",1649,Vellum on prepared card,"Oval, 2 1/2 x 2 in. (64 x 52 mm)",6.3,5.1,European Paintings,https://images.metmuseum.org/CRDImages/ep/original/DP327711.jpg
435943,62.122.21,Samuel Cooper,"Charles II (1630–1685), King of England",,Vellum laid on prepared card with gessoed back,"Oval, 1 1/4 x 1 1/8 in. (33 x 27 mm)",3.2,2.9,European Paintings,https://images.metmuseum.org/CRDImages/ep/original/DP161831.jpg
435944,30.95.279,Corneille de Lyon,Portrait of a Man with Gloves,ca. 1535,Oil on wood,8 3/8 x 6 1/2 in. (21.3 x 16.5 cm),21.3,16.5,European Paintings,https://images.metmuseum.org/CRDImages/ep/original/DP-13588-001.jpg
435945,29.100.197,Corneille de Lyon,"Anne de Pisseleu (1508–1576), Duchesse d'Étampes",ca. 1535–40,Oil on wood,7 x 5 5/8 in. (17.8 x 14.3 cm),17.8,14.3,European Paintings,https://images.metmuseum.org/CRDImages/ep/original/DP-13589-001.jpg
435948,1978.301.6,Corneille de Lyon,Portrait of a Bearded Man in Black,,Oil on wood,6 3/4 x 6 1/4 in. (17.1 x 15.9 cm),17.1,15.9,European Paintings,https://images.metmuseum.org/CRDImages/ep/original/DP-13587-001.jpg
435950,1982.60.41,Corneille de Lyon,Portrait of a Man,ca. 1545,Oil on wood,Diameter 3 3/4 in. (9.5 cm),9.5,9.5,European Paintings,https://images.metmuseum.org/CRDImages/ep/original/DT8871.jpg
435951,29.100.22,Corneille de Lyon,Portrait of a Man,ca. 1540–50,Oil on wood,6 7/8 x 6 1/8 in. (17.5 x 15.6 cm),17.5,15.6,European Paintings,https://images.metmuseum.org/CRDImages/ep/original/DP365508.jpg
435953,32.100.129,Corneille de Lyon,Portrait of a Man with a Gold Chain,,Oil on wood,5 1/4 x 4 3/8 in. (13.3 x 11.1 cm),13.3,11.1,European Paintings,https://images.metmuseum.org/CRDImages/ep/original/EP1549.jpg
435954,32.100.131,Corneille de Lyon,Portrait of a Man with a Pointed Collar,,Oil on wood,5 5/8 x 4 3/4 in. (14.3 x 12.1 cm),14.3,12.1,European Paintings,https://images.metmuseum.org/CRDImages/ep/original/EP1548.jpg
435955,41.190.532,Corneille de Lyon,Portrait of a Man with Gloves,1540–45,Oil on wood,6 7/8 x 6 1/2 in. (17.5 x 16.5 cm),17.5,16.5,European Paintings,https://images.metmuseum.org/CRDImages/ep/original/DP365507.jpg
435956,49.7.45,Corneille de Lyon,Portrait of a Man with a Black-Plumed Hat,ca. 1535–40,Oil on wood,"7 x 5 1/2 in. (17.8 x 14 cm); with added strips, 8 1/2 x 6 in. (21.6 x 15.2 cm)",21.6,15.2,European Paintings,https://images.metmuseum.org/CRDImages/ep/original/DP-19432-001.jpg
435958,22.60.63,Corneille de Lyon,Portrait of a Man,,Oil on wood,5 3/4 x 4 3/4 in. (14.6 x 12.1 cm),14.6,12.1,European Paintings,https://images.metmuseum.org/CRDImages/ep/original/DP-43910-001.jpg
435961,1976.201.13,Camille Corot,Toussaint Lemaistre (1807/8–1888),1833,Oil on canvas,15 1/8 x 11 5/8 in. (38.4 x 29.5 cm),38.4,29.5,European Paintings,https://images.metmuseum.org/CRDImages/ep/original/DT2017.jpg
435965,29.100.598,Camille Corot,Bacchante in a Landscape,1865–70,Oil on canvas,12 1/8 x 24 1/4 in. (30.8 x 61.5 cm),30.8,61.6,European Paintings,https://images.metmuseum.org/CRDImages/ep/original/ep29.100.598.R.jpg
435967,29.100.18,Camille Corot,"The Burning of Sodom (formerly ""The Destruction of Sodom"")",1843 and 1857,Oil on canvas,36 3/8 x 71 3/8 in. (92.4 x 181.3 cm),92.4,181.3,European Paintings,https://images.metmuseum.org/CRDImages/ep/original/DT2014.jpg
435971,29.100.562,Camille Corot,Girl Weaving a Garland,1860–65,Oil on canvas,16 1/2 x 11 3/4 in. (41.9 x 29.8 cm),41.9,29.8,European Paintings,https://images.metmuseum.org/CRDImages/ep/original/DP-13143-001_cropped.jpg
435975,14.40.817,Camille Corot,A Lane through the Trees,ca. 1870–73,Oil on canvas,24 x 18 in. (61 x 45.7 cm),61.0,45.7,European Paintings,https://images.metmuseum.org/CRDImages/ep/original/DP332562.jpg
435976,29.160.33,Camille Corot,The Letter,ca. 1865,Oil on wood,21 1/2 x 14 1/4 in. (54.6 x 36.2 cm),54.6,36.2,European Paintings,https://images.metmuseum.org/CRDImages/ep/original/DT2129.jpg
435977,30.13,Camille Corot,Mother and Child,probably 1860s,Oil on wood,12 3/4 x 8 7/8 in. (32.4 x 22.5 cm),32.4,22.5,European Paintings,https://images.metmuseum.org/CRDImages/ep/original/DT2008.jpg
435978,29.100.193,Camille Corot,The Muse: History,ca. 1865,Oil on canvas,18 1/8 x 13 7/8 in. (46 x 35.2 cm),46.0,35.2,European Paintings,https://images.metmuseum.org/CRDImages/ep/original/DP-16591-001.jpg
435980,29.100.564,Camille Corot,Portrait of a Child,ca. 1835,Oil on wood,12 5/8 x 9 1/4 in. (32.1 x 23.5 cm),32.1,23.5,European Paintings,https://images.metmuseum.org/CRDImages/ep/original/DT872.jpg
435981,29.100.563,Camille Corot,Reverie,1857 or later,Oil on wood,19 5/8 x 14 3/8 in. (49.8 x 36.5 cm),49.8,36.5,European Paintings,https://images.metmuseum.org/CRDImages/ep/original/DT2010.jpg
435983,11.45.4,Camille Corot,River with a Distant Tower,1865,Oil on canvas,21 1/2 x 30 7/8 in. (54.6 x 78.4 cm),54.6,78.4,European Paintings,https://images.metmuseum.org/CRDImages/ep/original/DP-14936-055.jpg
435984,29.100.565,Camille Corot,Sibylle,ca. 1870,Oil on canvas,32 1/4 x 25 1/2 in. (81.9 x 64.8 cm),81.9,64.8,European Paintings,https://images.metmuseum.org/CRDImages/ep/original/DP-16592-001.jpg
435991,28.90,Camille Corot,A Woman Reading,1869 and 1870,Oil on canvas,21 3/8 x 14 3/4 in. (54.3 x 37.5 cm),54.3,37.5,European Paintings,https://images.metmuseum.org/CRDImages/ep/original/DP-16589-001.jpg
435992,12.211,Correggio (Antonio Allegri),"Saints Peter, Martha, Mary Magdalen, and Leonard",ca. 1515,Oil on canvas,87 1/4 x 63 3/4 in. (221.6 x 161.9 cm),221.6,161.9,European Paintings,https://images.metmuseum.org/CRDImages/ep/original/DT2838.jpg
435993,69.104,Richard Cosway,"Marianne Dorothy Harland (1759–1785), Later Mrs. William Dalrymple",,Oil on canvas,28 x 36 1/8 in. (71.1 x 91.8 cm),71.1,91.8,European Paintings,https://images.metmuseum.org/CRDImages/ep/original/DP-22335-001.jpg
435994,62.49,Richard Cosway,Self-Portrait,ca. 1770–75,Ivory,"Oval, 2 x 1 5/8 in. (50 x 42 mm)",5.1,4.1,European Paintings,https://images.metmuseum.org/CRDImages/ep/original/DT200582.jpg
435996,24.80.499,Richard Cosway,Ensign Lionel Robert Tollemache (1774–1793),,Ivory,"Oval, 3 1/8 x 2 1/2 in. (81 x 65 mm)",7.9,6.3,European Paintings,https://images.metmuseum.org/CRDImages/ep/original/DP-43797-001.jpg
435997,87.15.134,Pierre-Auguste Cot,The Storm,1880,Oil on canvas,92 1/4 x 61 3/4 in. (234.3 x 156.8 cm),234.3,156.8,European Paintings,https://images.metmuseum.org/CRDImages/ep/original/DT11964.jpg
435998,39.65.5,Francis Cotes,"Admiral Harry Paulet (1719/20–1794), Sixth Duke of Bolton",,Oil on canvas,50 x 40 in. (127 x 101.6 cm),127.0,101.6,European Paintings,https://images.metmuseum.org/CRDImages/ep/original/DP168993.jpg
436000,29.100.118,Gustave Courbet,"Madame Frederic Breyer (Fanny Hélène Van Bruyssel, 1830–1894)",1858,Oil on canvas,36 x 28 5/8 in. (91.4 x 72.7 cm),91.4,72.7,European Paintings,https://images.metmuseum.org/CRDImages/ep/original/DP-17408-001.jpg
436001,29.100.63,Gustave Courbet,"Jo, La Belle Irlandaise",1865–66,Oil on canvas,22 x 26 in. (55.9 x 66 cm),55.9,66.0,European Paintings,https://images.metmuseum.org/CRDImages/ep/original/DP-23236-001.jpg
436002,29.100.57,Gustave Courbet,Woman with a Parrot,1866,Oil on canvas,51 x 77 in. (129.5 x 195.6 cm),129.5,195.6,European Paintings,https://images.metmuseum.org/CRDImages/ep/original/DP-17680-001.jpg
436003,29.100.124,Gustave Courbet,The Young Bather,1866,Oil on canvas,51 1/4 x 38 1/4 in. (130.2 x 97.2 cm),130.2,97.2,European Paintings,https://images.metmuseum.org/CRDImages/ep/original/DP-15681-001.jpg
436004,29.100.62,Gustave Courbet,The Woman in the Waves,1868,Oil on canvas,25 3/4 x 21 1/4 in. (65.4 x 54 cm),65.4,54.0,European Paintings,https://images.metmuseum.org/CRDImages/ep/original/DT887.jpg
436007,29.100.61,Gustave Courbet,After the Hunt,ca. 1859,Oil on canvas,93 x 73 1/4 in. (236.2 x 186.1 cm),236.2,186.1,European Paintings,https://images.metmuseum.org/CRDImages/ep/original/DT1963.jpg
436008,29.100.132,Gustave Courbet,Alphonse Promayet (1822–1872),1851,Oil on canvas,42 1/8 x 27 5/8 in. (107 x 70.2 cm),107.0,70.2,European Paintings,https://images.metmuseum.org/CRDImages/ep/original/DT1958.jpg
436015,19.84,Gustave Courbet,Louis Gueymard (1822–1880) as Robert le Diable,1857,Oil on canvas,58 1/2 x 42 in. (148.6 x 106.7 cm),148.6,106.7,European Paintings,https://images.metmuseum.org/CRDImages/ep/original/DT1975.jpg
436016,29.100.130,Gustave Courbet,"Madame Auguste Cuoq (Mathilde Desportes, 1827–1910)",ca. 1852–57,Oil on canvas,69 1/2 x 42 1/2 in. (176.5 x 108 cm),176.5,108.0,European Paintings,https://images.metmuseum.org/CRDImages/ep/original/DT1960.jpg
436017,29.100.120,Gustave Courbet,Monsieur Suisse,1861,Oil on canvas,23 1/4 x 19 3/8 in. (59.1 x 49.2 cm),59.1,49.2,European Paintings,https://images.metmuseum.org/CRDImages/ep/original/DT1962.jpg
436018,29.100.60,Gustave Courbet,Nude with Flowering Branch,1863,Oil on canvas,29 1/2 x 24 in. (74.9 x 61 cm),74.9,61.0,European Paintings,https://images.metmuseum.org/CRDImages/ep/original/DP-1275-001.jpg
436019,29.100.201,Gustave Courbet,Portrait of a Man,probably ca. 1862,Oil on canvas,16 1/4 x 13 1/8 in. (41.3 x 33.3 cm),41.3,33.3,European Paintings,https://images.metmuseum.org/CRDImages/ep/original/DT1968.jpg
436024,29.100.59,Gustave Courbet,Woman in a Riding Habit (L'Amazone),ca. 1855–59,Oil on canvas,45 1/2 x 35 1/8 in. (115.6 x 89.2 cm),115.6,89.2,European Paintings,https://images.metmuseum.org/CRDImages/ep/original/DT2147.jpg
436028,29.100.119,Gustave Courbet,"Portrait of a Woman, Called Héloïse Abélard",,Oil on canvas,25 3/8 x 21 1/8 in. (64.5 x 53.7 cm),64.5,53.7,European Paintings,https://images.metmuseum.org/CRDImages/ep/original/DP-22882-001.jpg
436030,87.15.22,Thomas Couture,Soap Bubbles,ca. 1859,Oil on canvas,51 1/2 x 38 5/8 in. (130.8 x 98.1 cm),130.8,98.1,European Paintings,https://images.metmuseum.org/CRDImages/ep/original/DP-24386-001.jpg
436032,11.126.2,Guidoccio di Giovanni Cozzarelli,The Legend of Cloelia,ca. 1480,Tempera and gold on wood,Overall 17 3/4 x 45 1/2 in. (45.1 x 115.6 cm); painted surface 15 1/8 x 43 1/4 in. (38.4 x 109.9 cm),45.1,115.6,European Paintings,https://images.metmuseum.org/CRDImages/ep/original/SF 11.126.2.jpg
436033,1981.57.1,Lucas Cranach the Elder,Lukas Spielhausen,1532,Oil and gold on beech,20 x 14 3/8 in. (50.8 x 36.5 cm),50.8,36.5,European Paintings,https://images.metmuseum.org/CRDImages/ep/original/DP278979.jpg
436034,1982.60.35,Lucas Cranach the Younger and Workshop,Christ and the Adulteress,ca. 1545–50,Oil on beech,6 1/4 x 8 1/2 in. (15.9 x 21.6 cm),15.9,21.6,European Paintings,https://images.metmuseum.org/CRDImages/ep/original/DP280360.jpg
436035,1982.60.36,Lucas Cranach the Younger and Workshop,Christ Blessing the Children,ca. 1545–50,Oil on beech,6 1/2 x 8 3/4 in. (16.5 x 22.2 cm),16.5,22.2,European Paintings,https://images.metmuseum.org/CRDImages/ep/original/DP280362.jpg
436036,08.19,Lucas Cranach the Elder,"Johann (1498–1537), Duke of Saxony",ca. 1534–37,Oil on beech,25 5/8 x 17 3/8 in. (65.1 x 44.1 cm),65.1,44.1,European Paintings,https://images.metmuseum.org/CRDImages/ep/original/DP280918.jpg
436037,28.221,Lucas Cranach the Elder,The Judgment of Paris,ca. 1528,Oil on beech,40 1/8 x 28in. (101.9 x 71.1cm),101.9,71.1,European Paintings,https://images.metmuseum.org/CRDImages/ep/original/DP280358.jpg
436038,11.15,Lucas Cranach the Elder,Judith with the Head of Holofernes,ca. 1530,Oil on linden,35 1/4 x 24 3/8 in. (89.5 x 61.9 cm),89.5,61.9,European Paintings,https://images.metmuseum.org/CRDImages/ep/original/DP280784.jpg
436039,57.22,Lucas Cranach the Elder,The Martyrdom of Saint Barbara,ca. 1510,Oil on linden,Overall 60 3/8 x 54 1/4 in. (153.4 x 137.8 cm); painted surface 59 3/8 x 53 1/8 in. (150.8 x 134.9 cm),153.4,137.8,European Paintings,https://images.metmuseum.org/CRDImages/ep/original/DP159770.jpg
436040,29.100.24,Lucas Cranach the Elder,Portrait of a Man with a Rosary,ca. 1508,Oil on oak,18 3/4 x 13 7/8 in. (47.6 x 35.2cm),47.6,35.2,European Paintings,https://images.metmuseum.org/CRDImages/ep/original/DP280790.jpg
436041,1976.201.11,Lucas Cranach the Elder,Samson and Delilah,ca. 1528–30,Oil on beech,22 1/2 x 14 7/8 in. (57.2 x 37.8cm),57.2,37.8,European Paintings,https://images.metmuseum.org/CRDImages/ep/original/DP159774.jpg
436042,1982.60.48,Lucas Cranach the Elder,Venus and Cupid,ca. 1525–27,Oil on wood,Diameter 4 3/4 in. (12.1 cm),12.1,12.1,European Paintings,https://images.metmuseum.org/CRDImages/ep/original/DP280356.jpg
436043,46.179.1,Lucas Cranach the Elder and Workshop,"Friedrich III (1463–1525), the Wise, Elector of Saxony",1533,"Oil on beech, with letterpress-printed paper labels",8 x 5 5/8 in. (20.3 x 14.3 cm),20.3,14.3,European Paintings,https://images.metmuseum.org/CRDImages/ep/original/DP278968.jpg
436044,32.100.61,Lucas Cranach the Elder,Portrait of a Man,1537,Oil on alder,22 x 16 3/4 in. (55.9 x 42.5 cm),55.9,42.5,European Paintings,https://images.metmuseum.org/CRDImages/ep/original/DP280788.jpg
436045,46.179.2,Lucas Cranach the Elder and Workshop,"Johann I (1468–1532), the Constant, Elector of Saxony",1532–33,"Oil on beech, with letterpress-printed paper labels",8 x 5 5/8 in. (20.3 x 14.3 cm),20.3,14.3,European Paintings,https://images.metmuseum.org/CRDImages/ep/original/DP278975.jpg
436046,71.128,Lucas Cranach the Elder,"Johann I (1468–1532), the Constant, Elector of Saxony",1532–33,"Oil on canvas, transferred from wood, with letterpress-printed paper labels",8 1/4 x 5 7/8 in. (21 x 14.9 cm),21.0,14.9,European Paintings,https://images.metmuseum.org/CRDImages/ep/original/DP280599.jpg
436047,55.220.2,Lucas Cranach the Elder,Martin Luther (1483–1546),probably 1532,Oil on wood,13 1/8 x 9 1/8 in. (33.3 x 23.2 cm),33.3,23.2,European Paintings,https://images.metmuseum.org/CRDImages/ep/original/DP159769.jpg
436049,45.128.14,Gaspar de Crayer,Philip IV (1605–1665) in Parade Armor,ca. 1628,Oil on canvas,72 x 46 1/2 in. (182.9 x 118.1 cm),182.88037,118.1,European Paintings,https://images.metmuseum.org/CRDImages/ep/original/DT211613.jpg
436050,12.41.1–4,Giovanni di Bartolommeo Cristiani,Saint Lucy and Her Mother at the Shrine of Saint Agatha; Saint Lucy Giving Alms; Saint Lucy before Paschasius; Saint Lucy Resisting Efforts to Move Her,,"Tempera on wood, gold ground",(.4 and .3) 9 3/4 x 15 1/8 in. (24.8 x 38.4 cm); (.1) 9 1/2 x 15 1/4 in. (24.1 x 38.7 cm); (.2) 10 x 15 in. (25.4 x 38.1 cm),24.8,38.4,European Paintings,https://images.metmuseum.org/CRDImages/ep/original/DP-24194-001.jpg
436051,1982.60.5,Carlo Crivelli,Madonna and Child Enthroned,1472,"Tempera on wood, gold ground",38 3/4 x 17 1/4 in. (98.4 x 43.8 cm),98.4,43.8,European Paintings,https://images.metmuseum.org/CRDImages/ep/original/DT8827.jpg
436052,49.7.5,Carlo Crivelli,Madonna and Child,ca. 1480,Tempera and gold on wood,Overall 14 7/8 x 10 in. (37.8 x 25.4 cm); painted surface 14 3/8 x 9 1/4 in. (36.5 x 23.5 cm),37.8,25.4,European Paintings,https://images.metmuseum.org/CRDImages/ep/original/DP-19298-001.jpg
436053,13.178,Carlo Crivelli,Pietà,1476,"Tempera on wood, gold ground",Overall 28 1/4 x 25 3/8 in. (71.8 x 64.5 cm); painted surface 28 x 25 1/8 in. (71.1 x 63.8 cm),71.8,64.5,European Paintings,https://images.metmuseum.org/CRDImages/ep/original/DP-19502-001.jpg
436054,05.41.1,Carlo Crivelli,Saint Dominic,1472,"Tempera on wood, gold ground",38 1/4 x 12 3/4 in. (97.2 x 32.4 cm),97.2,32.4,European Paintings,https://images.metmuseum.org/CRDImages/ep/original/DT354152.jpg
436055,41.100.32,Vittore Crivelli,Madonna and Child Enthroned with Two Angels and a Donor,1481?,"Tempera on wood, gold ground",Overall 54 x 25 3/4 in. (137.2 x 65.4 cm); painted surface 52 x 24 1/4 in. (132.1 x 61.5 cm),137.2,65.4,European Paintings,https://images.metmuseum.org/CRDImages/ep/original/DP-36778-001.jpg
436056,1982.60.6,Vittore Crivelli,Madonna and Child with Two Angels,ca. 1481–82,Tempera and gold on wood,21 7/8 x 16 in. (55.6 x 40.6 cm),55.6,40.6,European Paintings,https://images.metmuseum.org/CRDImages/ep/original/DT8828.jpg
436059,45.110.4,Luis de la Cruz y Rios,Princess María Francisca de Asis de Borbón and Her Son Infante Carlos Luis María Fernando de Borbón,1818,Ivory,Obverse and reverse each 2 1/4 x 1 3/4 in. (57 x 47 mm),5.7,4.4,European Paintings,https://images.metmuseum.org/CRDImages/ep/original/ep45.110.4a.R.jpg
436060,25.110.37,Abraham van Cuylenborch,Bacchus and Nymphs in a Landscape,probably 1640s,Oil on wood,22 7/8 x 28 3/8 in. (58.1 x 72.1 cm),58.1,72.1,European Paintings,https://images.metmuseum.org/CRDImages/ep/original/DP143164.jpg
436062,25.110.15,Aelbert Cuyp,Piping Shepherds,ca. 1643–44,Oil on canvas,35 3/4 x 47 in. (90.8 x 119.4 cm),90.8,119.4,European Paintings,https://images.metmuseum.org/CRDImages/ep/original/DP143163.jpg
436063,32.100.20,Aelbert Cuyp,Equestrian Portrait of Cornelis (1639–1680) and Michiel Pompe van Meerdervoort (1638–1653) with Their Tutor and Coachman,ca. 1652–53,Oil on canvas,43 1/4 × 61 1/2 in. (109.9 × 156.2 cm),109.9,156.2,European Paintings,https://images.metmuseum.org/CRDImages/ep/original/DP146442.jpg
436064,14.40.616,Aelbert Cuyp,Young Herdsmen with Cows,ca. 1655–60,Oil on canvas,44 1/8 x 52 1/8 in. (112.1 x 132.4 cm),112.1,132.4,European Paintings,https://images.metmuseum.org/CRDImages/ep/original/DP146445.jpg
436065,34.83.1,Aelbert Cuyp,Children and a Cow,1635–39,Oil on wood,17 1/4 x 21 1/2 in. (43.8 x 54.6 cm),43.8,54.6,European Paintings,https://images.metmuseum.org/CRDImages/ep/original/DP146486.jpg
436066,24.80.526,D. B.,Portrait of an Officer,,Ivory,"Oval, 2 3/4 x 2 1/4 in. (72 x 58 mm)",7.0,5.7,European Paintings,https://images.metmuseum.org/CRDImages/ep/original/DP-40800-001.jpg
436067,95.14.68,Adam Ludwig d'Argent,"Joseph II (1741–1790), Emperor of Austria",ca. 1780,Enamel,"Oval, 1 1/4 x 1 in. (32 x 26 mm)",3.2,2.5,European Paintings,https://images.metmuseum.org/CRDImages/ep/original/DP-38213-001.jpg
436068,1974.217,Bernardo Daddi,Christ Enthroned with Saints,ca. 1325,"Tempera on wood, gold ground","Irregular, 7 1/2 x 9 in. (19.1 x 22.9 cm)",19.1,22.9,European Paintings,https://images.metmuseum.org/CRDImages/ep/original/DP261714.jpg
436069,43.98.3,Bernardo Daddi,Saint Reparata before the Emperor Decius,ca. 1338–40,Tempera on wood,Overall 12 3/4 x 16 in. (32.4 x 40.6 cm); painted surface 10 1/2 x 13 7/8 in. (26.7 x 35.2 cm),32.385063,40.64008,European Paintings,https://images.metmuseum.org/CRDImages/ep/original/DP-13336-001.jpg
436070,43.98.4,Bernardo Daddi,Saint Reparata Being Prepared for Execution,,"Tempera on wood, gold ground",9 5/8 x 13 5/8 in. (24.4 x 34.6 cm),24.4,34.6,European Paintings,https://images.metmuseum.org/CRDImages/ep/original/DP-13337-001.jpg
436077,56.224.1,Michael Dahl,Portrait of a Woman,,Oil on canvas,77 1/4 x 51 3/4 in. (196.2 x 131.4 cm),196.2,131.4,European Paintings,https://images.metmuseum.org/CRDImages/ep/original/DP169402.jpg
436078,69.283,Cesare Dandini,Charity,ca. 1630,Oil on canvas,47 1/8 x 41 1/2 in. (119.7 x 105.4 cm),119.7,105.4,European Paintings,https://images.metmuseum.org/CRDImages/ep/original/DP-15425-001.jpg
436079,20.40,Bartholomew Dandridge,Uvedale Tomkyns Price (1685–1764) and Members of His Family,possibly early 1730s,Oil on canvas,40 1/4 x 62 1/2 in. (102.2 x 158.8 cm),102.2,158.8,European Paintings,https://images.metmuseum.org/CRDImages/ep/original/DP167131.jpg
436095,29.100.129,Honoré Daumier,The Third-Class Carriage,1864,Oil on canvas,25 3/4 x 35 1/2 in. (65.4 x 90.2 cm),65.4,90.2,European Paintings,https://images.metmuseum.org/CRDImages/ep/original/DP-21027-001.jpg
436096,50.145.9ab,Gerard David,The Annunciation,1506,Oil on wood,"Angel, overall 31 1/8 x 25 in. (79.1 x 63.5 cm), painted surface 30 1/4 x 24 3/8 in. (76.8 x 61.9 cm); Virgin, overall 31 1/8 x 25 1/4 in. (79.1 x 64.1 cm), painted surface 30 1/2 x 24 3/4 in. (77.5 x61.9 cm)",79.1,63.5,European Paintings,https://images.metmuseum.org/CRDImages/ep/original/DT-19374-001.jpg
436097,14.40.636,Gerard David,Christ Taking Leave of His Mother,ca. 1500,Oil on wood,"Arched top, 6 1/8 x 4 3/4 in. (15.6 x 12.1 cm)",15.6,12.1,European Paintings,https://images.metmuseum.org/CRDImages/ep/original/DP-26280-001.jpg
436098,09.157,Gerard David,The Crucifixion,ca. 1495,Oil on wood,Overall 21 x 15 in. (53.3 x 38.1 cm); painted surface 20 5/8 x 14 3/4 in. (52.5 x 37.5 cm),53.3,38.1,European Paintings,https://images.metmuseum.org/CRDImages/ep/original/DP-17230-001.jpg
436099,49.7.20a–c,Gerard David,The Nativity with Donors and Saints Jerome and Leonard,ca. 1510–15,"Oil on canvas, transferred from wood",Central panel 35 1/2 x 28 in. (90.2 x 71.1 cm); each wing 35 1/2 x 12 3/8 in. (90.2 x 31.4 cm),90.2,71.1,European Paintings,https://images.metmuseum.org/CRDImages/ep/original/DT1476.jpg
436100,32.100.40a,Gerard David,The Nativity,early 1480s,Oil on wood,"Overall 18 3/4 x 13 1/2 in. (47.6 x 34.3 cm), painted surface 18 1/2 x 13 3/8 in. (47 x 34 cm)",47.6,34.3,European Paintings,https://images.metmuseum.org/CRDImages/ep/original/DP-26498-001.jpg
436101,49.7.21,Gerard David,The Rest on the Flight into Egypt,ca. 1512–15,Oil on wood,21 in. × 15 11/16 in. (53.3 × 39.8 cm),53.340107,39.84633,European Paintings,https://images.metmuseum.org/CRDImages/ep/original/DP-14936-023.jpg
436102,1977.1.1,Gerard David,Virgin and Child with Four Angels,ca. 1510–15,Oil on wood,24 7/8 x 15 3/8 in. (63.2 x 39.1 cm),63.2,39.1,European Paintings,https://images.metmuseum.org/CRDImages/ep/original/DP-1410-001.jpg
436103,32.100.53,Gerard David,Virgin and Child,ca. 1520,Oil on wood,"Overall 10 x 8 1/4 in. (25.4 x 21 cm), with added strip of 3/8 in. (1 cm) at top; painted surface 9 5/8 x 8 1/4 in. (24.4 x 21 cm)",25.4,21.0,European Paintings,https://images.metmuseum.org/CRDImages/ep/original/DT1482.jpg
436104,1982.60.17,Gerard David,The Adoration of the Magi,ca. 1520,Oil on wood,Overall 27 3/4 x 28 7/8 in. (70.5 x 73.3 cm); painted surface 27 1/2 x 28 3/8 in. (69.2 x 72.1 cm),70.5,73.3,European Paintings,https://images.metmuseum.org/CRDImages/ep/original/DP-20588-001.jpg
436105,31.45,Jacques Louis David,The Death of Socrates,1787,Oil on canvas,51 x 77 1/4 in. (129.5 x 196.2 cm),129.5,196.2,European Paintings,https://images.metmuseum.org/CRDImages/ep/original/DP-13139-001.jpg
436106,1977.10,Jacques Louis David,"Antoine Laurent Lavoisier (1743–1794) and Marie Anne Lavoisier (Marie Anne Pierrette Paulze, 1758–1836)",1788,Oil on canvas,102 1/4 x 76 5/8 in. (259.7 x 194.6 cm),259.7,194.6,European Paintings,https://images.metmuseum.org/CRDImages/ep/original/DP-19709-001.jpg
436107,65.14.5,Jacques Louis David,General Étienne-Maurice Gérard (1773–1852),1816,Oil on canvas,77 5/8 x 53 5/8 in. (197.2 x 136.2 cm),197.2,136.2,European Paintings,https://images.metmuseum.org/CRDImages/ep/original/DP-13141-001.jpg
436108,1976.100.5,Jacques Louis David,Head of a Child,,Oil on canvas,15 3/4 x 12 5/8 in. (40 x 32.1 cm),40.0,32.1,European Paintings,https://images.metmuseum.org/CRDImages/ep/original/DP312864.jpg
436109,68.222.9,Charles Paul Jérôme de Bréa,"Benjamin Franklin (1706–1790), after a Painting by Greuze of 1777",1777,Ivory,"Oval, 3 3/8 x 2 3/4 in. (85 x 68 mm)",8.6,7.0,European Paintings,https://images.metmuseum.org/CRDImages/ep/original/ep68.222.9.R.jpg
436115,29.160.36,Alexandre-Gabriel Decamps,The Good Samaritan,by 1853,Oil on canvas,36 5/8 x 29 1/8 in. (93 x 74 cm),93.0,74.0,European Paintings,https://images.metmuseum.org/CRDImages/ep/original/DP346117.jpg
436116,87.15.93,Alexandre-Gabriel Decamps,The Turkish Patrol,ca. 1855–56,Oil on canvas,29 1/4 x 36 3/8 in. (74.3 x 92.4 cm),74.3,92.4,European Paintings,https://images.metmuseum.org/CRDImages/ep/original/DT202029.jpg
436118,71.93,Léonard Defrance,The Forge,,Oil on wood,12 5/8 x 16 1/2 in. (32.1 x 41.9 cm),32.1,41.9,European Paintings,https://images.metmuseum.org/CRDImages/ep/original/ep71.93.R.jpg
436119,71.105,Léonard Defrance,The Rope Dance,,Oil on wood,19 7/8 x 28 5/8 in. (50.5 x 72.7 cm),50.5,72.7,European Paintings,https://images.metmuseum.org/CRDImages/ep/original/ep71.105.R.jpg
436120,66.65.2,Edgar Degas,The Old Italian Woman,1857,Oil on canvas,29 1/2 x 24 in. (74.9 x 61 cm),74.9,61.0,European Paintings,https://images.metmuseum.org/CRDImages/ep/original/DP-25458-001.jpg
436121,29.100.128,Edgar Degas,A Woman Seated beside a Vase of Flowers (Madame Paul Valpinçon?),1865,Oil on canvas,29 x 36 1/2 in. (73.7 x 92.7 cm),73.7,92.7,European Paintings,https://images.metmuseum.org/CRDImages/ep/original/DP-25460-001.jpg
436122,29.100.44,Edgar Degas,The Collector of Prints,1866,Oil on canvas,20 7/8 x 15 3/4 in. (53 x 40 cm),53.0,40.0,European Paintings,https://images.metmuseum.org/CRDImages/ep/original/DP-25461-001.jpg
436123,29.100.552,Edgar Degas,"The Ballet from ""Robert le Diable""",1871,Oil on canvas,26 x 21 3/8 in. (66 x 54.3 cm),66.0,54.3,European Paintings,https://images.metmuseum.org/CRDImages/ep/original/DT1911.jpg
436140,29.100.42,Edgar Degas,"Dancers, Pink and Green",ca. 1890,Oil on canvas,32 3/8 x 29 3/4 in. (82.2 x 75.6 cm),82.2,75.6,European Paintings,https://images.metmuseum.org/CRDImages/ep/original/DP-14936-033.jpg
436141,29.100.184,Edgar Degas,The Dancing Class,ca. 1870,Oil on wood,7 3/4 x 10 5/8 in. (19.7 x 27 cm),19.7,27.0,European Paintings,https://images.metmuseum.org/CRDImages/ep/original/DP-25445-001.jpg
436144,39.161,Edgar Degas,James-Jacques-Joseph Tissot (1836–1902),ca. 1867–68,Oil on canvas,59 5/8 x 44 in. (151.4 x 111.8 cm),151.4,111.8,European Paintings,https://images.metmuseum.org/CRDImages/ep/original/DP-25462-001.jpg
436149,29.100.45,Edgar Degas,"Madame Théodore Gobillard (Yves Morisot, 1838–1893)",1869,Oil on canvas,21 3/4 x 25 5/8 in. (55.2 x 65.1 cm),55.2,65.1,European Paintings,https://images.metmuseum.org/CRDImages/ep/original/DP-25620-001.jpg
436152,57.171,Edgar Degas,Portrait of a Woman in Gray,ca. 1865,Oil on canvas,36 x 28 1/2 in. (91.4 x 72.4 cm),91.4,72.4,European Paintings,https://images.metmuseum.org/CRDImages/ep/original/DT1912.jpg
436153,29.100.183,Edgar Degas,Portrait of a Young Woman,ca. 1885,Oil on canvas,10 3/4 x 8 3/4 in. (27.3 x 22.2 cm),27.3,22.2,European Paintings,https://images.metmuseum.org/CRDImages/ep/original/DT297552.jpg
436162,29.100.43,Edgar Degas,Sulking,ca. 1870,Oil on canvas,12 3/4 x 18 1/4 in. (32.4 x 46.4 cm),32.4,46.4,European Paintings,https://images.metmuseum.org/CRDImages/ep/original/DP-25463-001.jpg
436165,29.100.187,Edgar Degas,Two Dancers,1873,"Dark brown wash and white gouache on bright pink commercially coated wove paper, now faded to pale pink",24 1/8 x 15 1/2 in. (61.3 x 39.4 cm),61.3,39.4,European Paintings,https://images.metmuseum.org/CRDImages/ep/original/DT250756.jpg
436168,1992.380,Edgar Degas,Two Men,ca. 1865–69,Oil on wood,10 5/8 x 8 1/8 in. (27 x 20.6 cm),27.0,20.6,European Paintings,https://images.metmuseum.org/CRDImages/ep/original/DP-24222-001.jpg
436176,29.100.131,Eugène Delacroix,Christ Asleep during the Tempest,ca. 1853,Oil on canvas,20 x 24 in. (50.8 x 61 cm),50.8,61.0,European Paintings,https://images.metmuseum.org/CRDImages/ep/original/DP-14343-001.jpg
436178,67.187.61,Eugène Delacroix,Hamlet and His Mother,1849,Oil on canvas,10 3/4 x 7 1/8 in. (27.3 x 18.1 cm),27.3,18.1,European Paintings,https://images.metmuseum.org/CRDImages/ep/original/DT2001.jpg
436179,1994.430,Eugène Delacroix,"Madame Henri François Riesener (Félicité Longrois, 1786–1847)",1835,Oil on canvas,29 1/4 x 23 3/4 in. (74.3 x 60.3 cm),74.3,60.3,European Paintings,https://images.metmuseum.org/CRDImages/ep/original/DP-14346-001.jpg
436180,1989.328,Eugène Delacroix,The Natchez,1823–24 and 1835,Oil on canvas,35 1/2 x 46 in. (90.2 x 116.8 cm),90.2,116.8,European Paintings,https://images.metmuseum.org/CRDImages/ep/original/DP-14345-001.jpg
436181,33.136.8,Jacques Delaplace,Portrait of a Woman,ca. 1805–10,Ivory extended by card,2 1/2 x 2 1/4 in. (64 x 55 mm),6.3,5.7,European Paintings,https://images.metmuseum.org/CRDImages/ep/original/DP-40803-001.jpg
436182,1976.100.7,Claude Déruet,Triumph of the Amazons,1620s,Oil on canvas,20 1/4 x 26 in. (51.4 x 66 cm),51.4,66.0,European Paintings,https://images.metmuseum.org/CRDImages/ep/original/DP318357.jpg
436183,1976.100.6,Claude Déruet,Departure of the Amazons,1620s,Oil on canvas,20 x 26 in. (50.8 x 66 cm),50.8,66.0,European Paintings,https://images.metmuseum.org/CRDImages/ep/original/DP318355.jpg
436188,87.20.2,Edouard Detaille,The Defense of Champigny,1879,Oil on canvas,48 x 84 3/4 in. (121.9 x 215.3 cm),121.9,215.3,European Paintings,https://images.metmuseum.org/CRDImages/ep/original/DT259753.jpg
436189,48.115,Edouard Detaille,Gendarmes d'Ordonnance,1894,Oil on canvas,22 x 16 5/8 in. (55.9 x 42.2 cm),55.9,42.2,European Paintings,https://images.metmuseum.org/CRDImages/ep/original/DP364161.jpg
436190,53.160,Eugène Devéria,Louis-Félix Amiel (1802–1864),1837,Oil on canvas,24 x 19 3/4 in. (61 x 50.2 cm),61.0,50.2,European Paintings,https://images.metmuseum.org/CRDImages/ep/original/DP289719.jpg
436191,25.110.30,Narcisse-Virgile Diaz de la Peña,Diana,1849,Oil on canvas,46 1/2 x 27 3/4 in. (118.1 x 70.5 cm),118.1,70.5,European Paintings,https://images.metmuseum.org/CRDImages/ep/original/DP352743.jpg
436198,29.100.14,Abraham van Diepenbeeck,Saint Cecilia,,Oil on canvas,47 7/8 x 40 3/4 in. (121.6 x 103.5 cm),121.6,103.5,European Paintings,https://images.metmuseum.org/CRDImages/ep/original/DP-22910-001.jpg
436199,85.9,Christian Wilhelm Ernst Dietrich,Christ Healing the Sick,1742,Oil on canvas,35 1/8 x 41 3/8 in. (89.2 x 105.1 cm),89.2,105.1,European Paintings,https://images.metmuseum.org/CRDImages/ep/original/DP-22532-001.jpg
436201,71.142,Christian Wilhelm Ernst Dietrich,"Surprised, or Infidelity Found Out",,Oil on canvas,28 3/4 x 28 5/8 in. (73 x 72.7 cm),73.0,72.7,European Paintings,https://images.metmuseum.org/CRDImages/ep/original/DP-42621-001.jpg
436203,06.1335.1b,Gaspare Diziani,Dawn,,Oil on canvas,78 x 94 1/2 in. (198.1 x 240 cm),198.1,240.0,European Paintings,https://images.metmuseum.org/CRDImages/ep/original/DT11667.jpg
436207,28.113,Gustave Doré,Don Quixote and Sancho Panza Entertained by Basil and Quiteria,1863?,Oil on canvas,36 1/4 x 28 3/4 in. (92.1 x 73 cm),92.1,73.0,European Paintings,https://images.metmuseum.org/CRDImages/ep/original/DP318275.jpg
436208,26.83,Dosso Dossi (Giovanni de Lutero),The Three Ages of Humans,,Oil on canvas,30 1/2 x 44 in. (77.5 x 111.8 cm),77.5,111.8,European Paintings,https://images.metmuseum.org/CRDImages/ep/original/DP123842.jpg
436209,40.64,Gerrit Dou,An Evening School,ca. 1655–57,Oil on wood,"Arched top, 10 x 9 in. (25.4 x 22.9 cm)",25.4,22.9,European Paintings,https://images.metmuseum.org/CRDImages/ep/original/DP101529.jpg
436210,14.40.607,Gerrit Dou,Self-Portrait,ca. 1665,Oil on wood,19 1/4 x 15 3/8 in. (48.9 x 39.1 cm),48.9,39.1,European Paintings,https://images.metmuseum.org/CRDImages/ep/original/DP145902.jpg
436211,41.116.2,Willem Drost,Portrait of a Man (Self-Portrait?),1653 or 1655,Oil on canvas,34 1/8 x 28 1/2 in. (86.7 x 72.4 cm),86.7,72.4,European Paintings,https://images.metmuseum.org/CRDImages/ep/original/DP146487.jpg
436212,14.40.629,Willem Drost,Young Woman with a Pearl Necklace,,Oil on canvas,33 1/8 x 24 1/2 in. (84.1 x 62.2 cm),84.1,62.2,European Paintings,https://images.metmuseum.org/CRDImages/ep/original/DP145914.jpg
436213,17.120.210,François Hubert Drouais,"Portrait of a Woman, Said to be Madame Charles Simon Favart (Marie Justine Benoîte Duronceray, 1727–1772)",1757,Oil on canvas,31 1/2 x 25 1/2 in. (80 x 64.8 cm),80.0,64.8,European Paintings,https://images.metmuseum.org/CRDImages/ep/original/DP324044.jpg
436214,49.7.47,François Hubert Drouais,"Marie Rinteau, called Mademoiselle de Verrières",1761,Oil on canvas,45 1/2 x 34 5/8 in. (115.6 x 87.9 cm),115.6,87.9,European Paintings,https://images.metmuseum.org/CRDImages/ep/original/DP-406-01.jpg
436215,64.159.1,François Hubert Drouais,Madame Sophie de France (1734–1782),1762,Oil on canvas,25 5/8 x 20 7/8 in. (65.1 x 53 cm),65.1,53.0,European Paintings,https://images.metmuseum.org/CRDImages/ep/original/DP-31219-001.jpg
436216,65.242.2,François Hubert Drouais,Portrait of a Young Woman as a Vestal Virgin,1767,Oil on canvas,31 1/2 × 25 1/8 in. (80 × 63.8 cm),80.0,63.2,European Paintings,https://images.metmuseum.org/CRDImages/ep/original/DP324593.jpg
436217,49.7.48,François Hubert Drouais,Boy with a Black Spaniel,ca. 1767,Oil on canvas,"Oval, 25 3/8 x 21 in. (64.5 x 53.3 cm)",64.5,53.3,European Paintings,https://images.metmuseum.org/CRDImages/ep/original/DP324600.jpg
436219,62.122.66,Frédéric Dubois,Portrait of a Woman,,Ivory,Diameter 2 5/8 in. (66 mm),6.7,6.7,European Paintings,https://images.metmuseum.org/CRDImages/ep/original/DP327720.jpg
436221,1971.102,Jacob Duck,A Couple in an Interior with a Fortune-Teller,ca. 1632–33,Oil on wood,"Oval, 9 7/8 x 13 in. (25.1 x 33 cm)",25.1,33.0,European Paintings,https://images.metmuseum.org/CRDImages/ep/original/DP146500.jpg
436222,67.55.1,Rose Adélaïde Ducreux,Self-Portrait with a Harp,1791,Oil on canvas,76 x 50 3/4 in. (193 x 128.9 cm),193.0,128.9,European Paintings,https://images.metmuseum.org/CRDImages/ep/original/DP164843.jpg
436223,92.10.44,Robert Charles Dudley,Landing the Shore End of the Atlantic Cable,1866,Oil on canvas,22 1/2 x 33 in. (57.2 x 83.8 cm),57.2,83.8,European Paintings,https://images.metmuseum.org/CRDImages/ep/original/DP371472.jpg
436224,92.10.43,Robert Charles Dudley,Awaiting the Reply,ca. 1866,Oil on canvas,23 1/4 x 33 1/2 in. (59.1 x 85.1 cm),59.1,85.1,European Paintings,https://images.metmuseum.org/CRDImages/ep/original/DT318073.jpg
436230,1976.100.8,Pierre Louis Dumesnil the Younger,Card Players in a Drawing Room,ca. 1756–59,Oil on canvas,31 1/8 x 38 3/4 in. (79.1 x 98.4 cm),79.1,98.4,European Paintings,https://images.metmuseum.org/CRDImages/ep/original/DP356146.jpg
436235,69.161,Joseph Siffred Duplessis,"Madame de Saint-Morys (Eléonore Elisabeth Angélique de Beauterne, 1742–1824)",1776,Oil on canvas,39 1/2 x 31 7/8 in. (100.3 x 81 cm),100.3,81.0,European Paintings,https://images.metmuseum.org/CRDImages/ep/original/DP264503.jpg
436236,32.100.132,Joseph Siffred Duplessis,Benjamin Franklin (1706–1790),1778,Oil on canvas,"Oval, 28 1/2 x 22 7/8 in. (72.4 x 58.1 cm)",72.4,58.102615,European Paintings,https://images.metmuseum.org/CRDImages/ep/original/DP-1255-001.jpg
436238,95.21,Joseph Siffred Duplessis,Benjamin Franklin (1706–1790),,Oil on canvas,"Oval, 27 5/8 x 22 1/4 in. (70.2 x 56.5 cm)",70.2,56.5,European Paintings,https://images.metmuseum.org/CRDImages/ep/original/DP264507.jpg
436239,49.7.56,Gainsborough Dupont,"Anne Elizabeth Cholmley (1769–1788), Later Lady Mulgrave",,Oil on wood,Overall 7 1/8 x 5 3/4 in. (18.1 x 14.6 cm); painted surface 6 x 4 3/4 in. (15.2 x 12.1 cm),18.1,14.6,European Paintings,https://images.metmuseum.org/CRDImages/ep/original/DP169398.jpg
436240,50.145.18,Richard Gainsborough Dupont,Mrs. John Puget (Catherine Hawkins),,Oil on copper,6 x 4 3/4 in. (15.2 x 12.1 cm),15.2,12.1,European Paintings,https://images.metmuseum.org/CRDImages/ep/original/DP169399.jpg
436243,32.100.64,Albrecht Dürer,Salvator Mundi,ca. 1505,Oil on linden,22 7/8 x 18 1/2in. (58.1 x 47cm),58.1,47.0,European Paintings,https://images.metmuseum.org/CRDImages/ep/original/DP-38479-001.jpg
436244,14.40.633,Albrecht Dürer,Virgin and Child with Saint Anne,probably 1519,Oil on linden,23 5/8 x 19 5/8 in. (60 x 49.8 cm),60.0,49.8,European Paintings,https://images.metmuseum.org/CRDImages/ep/original/DP280846.jpg
436245,17.190.5,Albrecht Dürer,Virgin and Child,1516,Oil on spruce,11 x 7 3/8 in. (27.9 x 18.7 cm); set in panel 11 x 8 1/4 in. (27.9 x 22.2 cm),27.9,20.955042,European Paintings,https://images.metmuseum.org/CRDImages/ep/original/DP164788.jpg
436246,49.7.27,German Painter,Portrait of an Italian Woman,,Oil on linden,17 3/4 x 13 3/4 in. (45.1 x 34.9 cm),45.1,34.9,European Paintings,https://images.metmuseum.org/CRDImages/ep/original/DP280389.jpg
436248,32.100.10,Dutch Painter,A Young Woman in a Landscape,,Oil on wood,26 x 19 7/8 in. (66 x 50.5 cm),66.0,50.5,European Paintings,https://images.metmuseum.org/CRDImages/ep/original/DP143171.jpg
436252,89.15.16,Anthony van Dyck,"James Stuart (1612–1655), Duke of Richmond and Lennox",ca. 1633–35,Oil on canvas,85 x 50 1/4 in. (215.9 x 127.6 cm),215.9,127.6,European Paintings,https://images.metmuseum.org/CRDImages/ep/original/DP-25646-001.jpg
436253,14.40.619,Anthony van Dyck,Lucas van Uffel (died 1637),ca. 1622,Oil on canvas,49 x 39 5/8 in. (124.5 x 100.6 cm),124.5,100.6,European Paintings,https://images.metmuseum.org/CRDImages/ep/original/DP-27908-001.jpg
436254,89.15.11,Anthony van Dyck,Portrait of a Man,ca. 1618,Oil on wood,41 3/4 x 28 5/8 in. (106 x 72.7 cm),106.0,72.7,European Paintings,https://images.metmuseum.org/CRDImages/ep/original/DP361123.jpg
436255,14.40.615,Anthony van Dyck,"Portrait of a Woman, Called the Marchesa Durazzo",probably ca. 1622–25,Oil on canvas,44 5/8 x 37 3/4 in. (113.3 x 95.9 cm),113.3,95.9,European Paintings,https://images.metmuseum.org/CRDImages/ep/original/DP-17538-001.jpg
436256,49.7.26,Anthony van Dyck,"Robert Rich (1587–1658), Second Earl of Warwick",ca. 1632–35,Oil on canvas,"81 7/8 x 50 3/8 in. (208 x 128 cm), with added strip of 2 1/8 in. (5.4 cm) at top",208.0,128.0,European Paintings,https://images.metmuseum.org/CRDImages/ep/original/DT2821.jpg
436257,71.41,Anthony van Dyck,Saint Rosalie Interceding for the Plague-stricken of Palermo,1624,Oil on canvas,39 1/4 x 29 in. (99.7 x 73.7 cm),99.7,73.7,European Paintings,https://images.metmuseum.org/CRDImages/ep/original/DP-18296-037.jpg
436258,49.7.25,Anthony van Dyck,Self-Portrait,ca. 1620–21,Oil on canvas,47 1/8 x 34 5/8 in. (119.7 x 87.9 cm),119.7,87.9,European Paintings,https://images.metmuseum.org/CRDImages/ep/original/DP-23705-001.jpg
436259,57.37,Anthony van Dyck,Study Head of a Young Woman,ca. 1618–20,"Oil on paper, laid down on wood",22 1/4 x 16 3/8 in. (56.5 x 41.6 cm),56.5,41.6,European Paintings,https://images.metmuseum.org/CRDImages/ep/original/DT200196.jpg
436261,51.33.1,Anthony van Dyck,Virgin and Child,ca. 1620,Oil on wood,25 1/4 x 19 1/2 in. (64.1 x 49.5 cm),64.1,49.5,European Paintings,https://images.metmuseum.org/CRDImages/ep/original/ep51.33.1.R.jpg
436262,60.71.5,Anthony van Dyck,Virgin and Child with Saint Catherine of Alexandria,ca. 1630,Oil on canvas,43 x 35 3/4 in. (109.2 x 90.8 cm); with added strips 44 1/8 x 37 in. (112.1 x 94 cm),112.1,94.0,European Paintings,https://images.metmuseum.org/CRDImages/ep/original/DT5286.jpg
436263,49.145.2,Anthony van Dyck,A Man Mounting a Horse,ca. 1630,Oil on wood,10 x 8 3/4 in. (25.4 x 22.2 cm),25.4,22.2,European Paintings,https://images.metmuseum.org/CRDImages/ep/original/ep49.145.2.R.jpg
436266,25.110.16,Gerbrand van den Eeckhout,Isaac Blessing Jacob,1642,Oil on canvas,39 5/8 x 50 1/2 in. (100.6 x 128.3 cm),100.6,128.3,European Paintings,https://images.metmuseum.org/CRDImages/ep/original/DP145918.jpg
436267,26.260.8,Gerbrand van den Eeckhout,A Musical Party,early 1650s,Oil on canvas,20 x 24 1/2 in. (50.8 x 62.2 cm),50.8,62.2,European Paintings,https://images.metmuseum.org/CRDImages/ep/original/DP143165.jpg
436268,07.225.438a,Charles Dominique Joseph Eisen,Putti with a Medallion,,Oil on wood,"Oval, 25 3/8 x 21 1/4 in. (64.5 x 54 cm)",64.45263,53.97511,European Paintings,https://images.metmuseum.org/CRDImages/ep/original/DP236827.jpg
436269,07.225.438b,Charles Dominique Joseph Eisen,Putti with a Medallion,,Oil on wood,"Oval, 25 1/2 x 21 1/4 in. (64.8 x 54 cm)",64.77013,53.97511,European Paintings,https://images.metmuseum.org/CRDImages/ep/original/DP236829.jpg
436270,1981.239,Jan Ekels the Younger,Conversation Piece (The Sense of Smell),probably 1791,Oil on canvas,25 7/8 x 23 1/2 in. (65.7 x 59.7 cm),65.7,59.7,European Paintings,https://images.metmuseum.org/CRDImages/ep/original/DP143214.jpg
436271,88.3.88,Cornelis Engebrechtsz,The Crucifixion with Donors and Saints Peter and Margaret of Antioch,ca. 1525–30,Oil on wood,24 1/4 x 35 1/4 in. (61.5 x 89.5 cm),61.6,89.5,European Paintings,https://images.metmuseum.org/CRDImages/ep/original/DT10856.jpg
436272,11.193ab,Cornelis Engebrechtsz,"Ecce Homo, (reverse) Christ Blessing; The Disrobing of Christ, (reverse) Saint John the Baptist",,Oil on wood,Each 16 1/2 x 8 3/4 in. (41.9 x 22.2 cm),41.9,22.2,European Paintings,https://images.metmuseum.org/CRDImages/ep/original/DP-42410-001.jpg
436273,95.14.55,George Engleheart,Portrait of a Man,ca. 1780,Ivory,"Oval, 1 1/4 x 1 1/8 in. (32 x 29 mm)",3.2,2.9,European Paintings,https://images.metmuseum.org/CRDImages/ep/original/DP-31475-001.jpg
436274,38.146.16,George Engleheart,"Mrs. Peter De Lancey (Elizabeth Colden, 1720–1784)",1783,Ivory,"Oval, 1 3/8 x 1 1/8 in. (34 x 28 mm)",3.5,2.9,European Paintings,https://images.metmuseum.org/CRDImages/ep/original/ep38.146.16.R.jpg
436277,11.218,George Engleheart,"Portrait of a Man, Said to Be Mr. De Wolf",ca. 1805,Ivory,"Oval, 3 1/4 x 2 1/2 in. (81 x 62 mm)",8.3,6.3,European Paintings,https://images.metmuseum.org/CRDImages/ep/original/DP-43796-001.jpg
436278,59.131,William Etty,Allegory,,"Oil on canvas, laid down on wood","Oval, 28 x 34 1/2 in. (71.1 x 87.6 cm)",71.1,87.6,European Paintings,https://images.metmuseum.org/CRDImages/ep/original/DP169644.jpg
436279,05.31,William Etty,The Three Graces,,Oil on millboard,22 1/2 x 18 3/4 in. (57.2 x 47.6 cm),57.2,47.6,European Paintings,https://images.metmuseum.org/CRDImages/ep/original/DP169626.jpg
436281,95.14.54,Northern European Painter,A Man with the Initials CJD,,Ivory,"Oval, 1 3/4 x 1 3/8 in. (45 x 34 mm)",4.4,3.5,European Paintings,https://images.metmuseum.org/CRDImages/ep/original/DP-31474-001.jpg
436282,33.92ab,Jan van Eyck,The Crucifixion; The Last Judgment,ca. 1436–38,"Oil on canvas, transferred from wood",Each 22 1/4 x 7 2/3 in. (56.5 x 19.7 cm),56.5,19.5,European Paintings,https://images.metmuseum.org/CRDImages/ep/original/LC-33_92ab-Primary_Temp.jpg
436283,89.15.24,Jan van Eyck,Virgin and Child in a Niche,ca. 1440–50,Oil on wood,23 x 12 1/8 in. (58.4 x 30.8 cm),58.4,30.8,European Paintings,https://images.metmuseum.org/CRDImages/ep/original/DT1484.jpg
436284,32.100.41,Dieric Bouts,A Donor Presented by a Saint,ca. 1460–65,Oil on wood,8 3/4 x 7 in. (22.2 x 17.8 cm),22.2,17.8,European Paintings,https://images.metmuseum.org/CRDImages/ep/original/DP-26282-001.jpg
436286,12.75,Conrad Faber von Creuznach,Portrait of a Man with a Moor's Head on His Signet Ring,,"Oil, gold, and white metal on linden",20 7/8 x 14 1/8 in. (53 x 35.9 cm),53.0,35.9,European Paintings,https://images.metmuseum.org/CRDImages/ep/original/DP280792.jpg
436287,1982.60.37,Conrad Faber von Creuznach,Heinrich(?) vom Rhein zum Mohren (1477–1536),late 1520s,Oil and gold on oak,Overall 21 3/4 x 15 5/8 in. (55.2 x 39.7 cm); painted surface 21 1/2 x 15 in. (54.6 x 38.1 cm),55.2,39.7,European Paintings,https://images.metmuseum.org/CRDImages/ep/original/DP164864.jpg
436288,1976.100.23,Barent Fabritius,Abraham Dismissing Hagar and Ishmael,1658,Oil on wood,19 1/2 x 14 in. (49.5 x 35.6 cm),49.5,35.6,European Paintings,https://images.metmuseum.org/CRDImages/ep/original/DP143212.jpg
436289,45.110.3,John Faed,Self-Portrait,ca. 1850,Ivory,"Oval, 2 5/8 x 2 1/8 in. (68 x 55 mm)",6.7,5.4,European Paintings,https://images.metmuseum.org/CRDImages/ep/original/ep45.110.3.R.jpg
436295,10.41,Henri Fantin-Latour,Portrait of a Woman,1885,Oil on canvas,39 1/2 x 32 in. (100.3 x 81.3 cm),100.3,81.3,European Paintings,https://images.metmuseum.org/CRDImages/ep/original/DP265190.jpg
436296,23.280.9,Henri Fantin-Latour,The Palace of Aurora,1902,Oil on canvas,18 1/8 x 15 in. (46 x 38.1 cm),46.0,38.1,European Paintings,https://images.metmuseum.org/CRDImages/ep/original/DP-2943.001.jpg
436298,33.136.15,Joshua Wilson Faulkner,Portrait of a Woman,,Ivory,4 x 3 1/8 in. (100 x 80 mm),10.2,7.9,European Paintings,https://images.metmuseum.org/CRDImages/ep/original/DP-40805-001.jpg
436299,50.229.2,Giovanni di Tano Fei,"The Coronation of the Virgin, and Saints",1394,"Tempera on wood, gold ground","Overall, with shaped top and engaged frame, 78 3/8 x 76 in. (199.1 x 193 cm)",199.1,193.0,European Paintings,https://images.metmuseum.org/CRDImages/ep/original/DP293271.jpg
436300,15.56,Defendente Ferrari,Saints John the Evangelist and Lawrence,,Oil on wood,48 1/2 x 19 1/2 in. (123.2 x 49.5 cm),123.2,49.5,European Paintings,https://images.metmuseum.org/CRDImages/ep/original/EP1475.jpg
436307,48.187.741,Flemish Painter,Harbor Scene,,Vellum,4 1/8 x 5 3/4 in. (104 x 145 mm),10.5,14.6,European Paintings,https://images.metmuseum.org/CRDImages/ep/original/DP-40808-001.jpg
436309,25.110.27,Govert Flinck,Bearded Man with a Velvet Cap,1645,Oil on wood,23 3/4 x 20 5/8 in. (60.3 x 52.4 cm),60.3,52.4,European Paintings,https://images.metmuseum.org/CRDImages/ep/original/DP136267.jpg
436310,62.122.141,Lavinia Fontana,Portrait of a Prelate,ca. 1580,Oil on copper,Diameter 5 1/2 in. (14 cm),14.0,14.0,European Paintings,https://images.metmuseum.org/CRDImages/ep/original/DP-26943-001.jpg
436311,30.95.293,Vincenzo Foppa,Madonna and Child,ca. 1480,"Tempera, oil, and gold on wood",17 1/4 x 12 5/8 in. (43.8 x 32.1 cm),43.8,32.1,European Paintings,https://images.metmuseum.org/CRDImages/ep/original/DP258301.jpg
436314,44.36.2,Thomas Forster,Portrait of a Man,1700,Plumbago on vellum,"Oval, 4 3/8 x 3 5/8 in. (112 x 92 mm)",11.1,9.2,European Paintings,https://images.metmuseum.org/CRDImages/ep/original/ep44.36.2.R.jpg
436315,44.36.5,Thomas Forster,Portrait of a Woman,1700,Plumbago on vellum,"Oval, 4 3/8 x 3 1/2 in. (112 x 90 mm)",11.1,8.9,European Paintings,https://images.metmuseum.org/CRDImages/ep/original/ep44.36.5.R.jpg
436316,44.36.1,Thomas Forster,Portrait of a Woman,1701,Plumbago on vellum,"Oval, 4 1/4 x 3 1/4 in. (107 x 82 mm)",10.8,8.3,European Paintings,https://images.metmuseum.org/CRDImages/ep/original/DP-43792-001.jpg
436318,89.22,Mariano Fortuny Marsal,Mirope Savati Gaye,1865,Oil on canvas,54 x 39 1/2 in. (137.2 x 100.3 cm ),137.2,100.3,European Paintings,https://images.metmuseum.org/CRDImages/ep/original/DP-13445-001.jpg
436320,65.226,Jean Honoré Fragonard,Portrait of a Young Woman,1770s,Oil on canvas,"Oval, 31 3/4 x 25 in. (80.6 x 63.5 cm)",80.6,63.5,European Paintings,https://images.metmuseum.org/CRDImages/ep/original/DP-1018-001.jpg
436321,46.30,Jean Honoré Fragonard,Roman Interior,ca. 1760,Oil on canvas,19 1/4 x 23 3/8 in. (48.9 x 59.4 cm),48.9,59.4,European Paintings,https://images.metmuseum.org/CRDImages/ep/original/DP-1010-001.jpg
436322,49.7.49,Jean Honoré Fragonard,The Love Letter,early 1770s,Oil on canvas,32 3/4 x 26 3/8 in. (83.2 x 67 cm),83.2,67.0,European Paintings,https://images.metmuseum.org/CRDImages/ep/original/DP-1014-001.jpg
436323,37.118,Jean Honoré Fragonard,Marie Emilie Coignet de Courson (1716–1806) with a Dog,ca. 1769,Oil on canvas,32 x 25 3/4 in. (81.3 x 65.4 cm),81.3,65.4,European Paintings,https://images.metmuseum.org/CRDImages/ep/original/DP-1019-01.jpg
436325,56.100.1,Jean Honoré Fragonard,The Stolen Kiss,ca. 1760,Oil on canvas,19 x 25 in. (48.3 x 63.5 cm),48.3,63.5,European Paintings,https://images.metmuseum.org/CRDImages/ep/original/DP-1009-001.jpg
436326,53.61.5,Jean Honoré Fragonard,The Two Sisters,ca. 1769–70,Oil on canvas,28 1/4 x 22 in. (71.8 x 55.9 cm),71.8,55.9,European Paintings,https://images.metmuseum.org/CRDImages/ep/original/DP-1012-01.jpg
436327,53.161,Jean Honoré Fragonard,Allegory of Vigilance,ca. 1772,Oil on canvas,"Oval, 27 1/8 x 21 5/8 in. (68.9 x 54.9 cm)",68.9,54.9,European Paintings,https://images.metmuseum.org/CRDImages/ep/original/DP-1017-01.jpg
436328,60.14,Marie Anne Gérard Fragonard (Madame Fragonard),Portrait of a Boy,ca. 1775,Ivory,"Oval, 2 7/8 x 2 3/8 in. (73 x 59 mm)",7.3,6.0,European Paintings,https://images.metmuseum.org/CRDImages/ep/original/ep60.14.R.jpg
436330,20.182,Francesco di Giorgio Martini,Goddess of Chaste Love,1468–75,Tempera and gold on wood,15 1/2 x 17 1/4 in. (39.4 x 43.8 cm),39.4,43.8,European Paintings,https://images.metmuseum.org/CRDImages/ep/original/DT229670.jpg
436332,65.220.1,Francesco Francia,Saint Roch,1502,Tempera on wood,85 1/4 x 59 3/8 in. (216.5 x 150.8 cm),216.5,150.8,European Paintings,https://images.metmuseum.org/CRDImages/ep/original/DP-24672-001.jpg
436333,14.40.638,Francesco Francia,Federico Gonzaga (1500–1540),1510,"Tempera on wood, transferred from wood to canvas and then again to wood",Overall 18 7/8 x 14 in. (47.9 x 35.6 cm); painted surface 17 3/4 x 13 1/2 in. (45.1 x 34.3 cm),47.9,35.6,European Paintings,https://images.metmuseum.org/CRDImages/ep/original/DP-17396-001.jpg
436334,1982.448,Francesco Francia,Madonna and Child,1490s,Oil on wood,24 x 18 1/8 in. (61 x 46 cm),61.0,46.0,European Paintings,https://images.metmuseum.org/CRDImages/ep/original/DP247207.jpg
436335,41.100.3,Francesco Francia,Madonna and Child with Saints Francis and Jerome,1500–10,Tempera on wood,Overall 29 1/2 x 22 3/8 in. (74.9 x 56.8 cm); painted surface 27 1/2 x 22 1/4 in. (69.9 x 56.5 cm),74.9,56.8,European Paintings,https://images.metmuseum.org/CRDImages/ep/original/DP-19923-001.jpg
436336,54.195,Nicolas Froment,The Pérussis Altarpiece,1480,Oil and gold on wood,"Three panels, each 54 1/2 x 23 in. (138.4 x 58.4 cm)",138.4,58.4,European Paintings,https://images.metmuseum.org/CRDImages/ep/original/DT1433.jpg
436337,37.155,French Painter,Portrait of a Monk in Prayer,,Oil on wood,Overall 13 1/4 x 9 1/2 in. (33.7 x 24.1 cm); painted surface 13 1/8 x 9 1/2 in. (33.3 x 24.1 cm),33.7,24.1,European Paintings,https://images.metmuseum.org/CRDImages/ep/original/DP345572.jpg
436343,14.25.1870,Italian (Ferrarese) Painter,"Alfonso II d'Este (1533–1597), Duke of Ferrara",late 16th century,Oil on canvas,47 x 35 3/4 in. (119.4 x 90.8 cm),119.4,90.8,Arms and Armor,https://images.metmuseum.org/CRDImages/aa/original/DT326979.jpg
436344,1976.100.12,French Painter,Holy Family with Saint Anne,early 17th century,Oil on canvas,27 x 20 in. (68.6 x 50.8 cm),68.6,50.8,European Paintings,https://images.metmuseum.org/CRDImages/ep/original/DP-44678-001.jpg
436346,1976.100.11,Claude Guy Hallé,The Restoration of the Catholic Religion in Strasbourg,ca. 1681,Oil on canvas,18 5/8 x 22 in. (47.3 x 55.9 cm),47.3,55.9,European Paintings,https://images.metmuseum.org/CRDImages/ep/original/DP-22843-001.jpg
436347,1976.100.13,Jean François de Le Motte,Trompe l'oeil with Palettes and Miniature,,Oil on canvas,46 7/8 x 36 1/8 in. (119.1 x 91.8 cm),119.1,91.8,European Paintings,https://images.metmuseum.org/CRDImages/ep/original/DP-17630-001.jpg
436351,62.122.84,French Painter,"Louis XV (1710–1774), King of France",,Vellum,"Irregular, 2 1/8 x 2 7/8 (55 x 72 mm)",5.4,7.3,European Paintings,https://images.metmuseum.org/CRDImages/ep/original/DP-40811-001.jpg
436377,62.122.70,French Painter,Portrait of a Woman,,Ivory,Diameter 2 1/2 in. (63 mm),6.3,6.3,European Paintings,https://images.metmuseum.org/CRDImages/ep/original/DP327716.jpg
436397,48.187.732,French Painter,Portrait of a Man in a Brown Coat,,Oil on canvas,"Oval, 28 3/4 x 23 1/4 in. (73 x 59.1 cm)",73.0,59.1,European Paintings,https://images.metmuseum.org/CRDImages/ep/original/DP-22848-001.jpg
436398,48.187.731,French Painter,Portrait of a Woman in a Rose Dress,,Oil on canvas,"Oval, 28 1/2 x 23 1/4 in. (72.4 x 59.1 cm)",72.4,59.1,European Paintings,https://images.metmuseum.org/CRDImages/ep/original/DP-22888-001.jpg
436404,48.187.734,French Painter,Portrait of a Woman Holding a Book,,Oil on canvas,32 1/4 x 25 7/8 in. (81.9 x 65.7 cm),81.9,65.7,European Paintings,https://images.metmuseum.org/CRDImages/ep/original/DP-22847-001.jpg
436406,52.71,Pierre Narcisse Guérin,Study of a Nude Man,ca. 1810–20,Oil on canvas,31 3/4 x 25 1/4 in. (80.6 x 64.1 cm),80.6,64.1,European Paintings,https://images.metmuseum.org/CRDImages/ep/original/DP-23372-001.jpg
436408,77.6,French Painter,Napoleon Bonaparte (1769–1821),,Oil on wood,18 1/4 x 15 in. (46.4 x 38.1 cm),46.4,38.1,European Paintings,https://images.metmuseum.org/CRDImages/ep/original/DP-23545-001.jpg
436409,32.100.115,French (Burgundian?) Painter,Portrait of a Young Man,,Oil on wood,"Overall, with arched top and engaged frame, 13 x 10 1/8 in. (33 x 25.7 cm); painted surface 10 5/8 x 8 in. (27 x 20.3 cm)",33.0,25.7,European Paintings,https://images.metmuseum.org/CRDImages/ep/original/ep32.100.115.R.jpg
436410,42.150.12,French (Fontainebleau) Painter,The Nymph of Fontainebleau,,Oil on wood,26 x 47 3/4 in. (66 x 121.3 cm),66.0,121.3,European Paintings,https://images.metmuseum.org/CRDImages/ep/original/DP-16596-001.jpg
436411,32.100.108–11,Northern French Painter,The Crucifixion of Saint Peter with a Donor; The Legend of Saint Anthony Abbot with a Donor;  The Annunciation,,Oil on wood,Each 45 x 31 in. (114.3 x 78.7 cm),114.3,78.7,European Paintings,https://images.metmuseum.org/CRDImages/ep/original/DT7226.jpg
436414,22.60.56–57,Northern French Painter,"The Martyrdom of Saint Adrian; The Martyrdom of Two Saints, Possibly Ache and Acheul",,"Oil on canvas, transferred from wood","Each, including added strips, 22 7/8 x 11 in. (58.1 x 27.9 cm)",58.1,27.9,European Paintings,https://images.metmuseum.org/CRDImages/ep/original/DP-22750-001.jpg
436416,1982.60.40,Spanish (Aragonese) Painter,The Resurrection,,"Oil and silver on wood, gold ground",31 x 24 7/8 in. (78.7 x 63.2 cm),78.7,63.2,European Paintings,https://images.metmuseum.org/CRDImages/ep/original/DT8870.jpg
436419,23.103.2,Eugène Fromentin,The Arab Falconer,1864,Oil on canvas,42 3/4 x 28 1/2 in. (108.6 x 72.4 cm),108.6,72.4,European Paintings,https://images.metmuseum.org/CRDImages/ep/original/DP-23345-001.jpg
436421,41.68,Heinrich Friedrich Füger,"Maria Louisa (1745–1792), Holy Roman Empress, German Queen, Queen of Hungary and Bohemia, and Grand Duchess of Tuscany",ca. 1790,Ivory,"Octagonal, 1 1/4 x 7/8 in. (31 x 22 mm)",3.2,2.2,European Paintings,https://images.metmuseum.org/CRDImages/ep/original/ep41.68.R.jpg
436428,41.100.33,Agnolo Gaddi,The Trinity,ca. 1390–96,"Tempera on wood, gold ground","Overall, with arched top, 53 1/2 x 28 3/4 in. (135.9 x 73 cm); painted surface 51 1/8 x 27 7/8 in. (129.9 x 70.8 cm)",135.9,73.0,European Paintings,https://images.metmuseum.org/CRDImages/ep/original/EP264.jpg
436430,10.97,Taddeo Gaddi,Madonna and Child Enthroned with Saints,"ca. 1340, updated ca. 1480","Tempera on wood, gold ground",Overall 43 1/4 x 90 1/8 in. (109.9 x 228.9 cm); Lawrence 43 1/4 x 15 1/2 in. (109.9 x 39.4 cm); John 43 1/4 x 13 1/2 in. (109.9 x 34.3 cm); Madonna and Child 43 1/4 x 28 1/2 in. (109.9 x 72.4 cm); James 43 1/4 x 15 3/4 in. (109.9 x 40 cm); Stephen 43 1/4 x 16 3/4 in. (109.9 x 42.5 cm),109.9,228.9,European Paintings,https://images.metmuseum.org/CRDImages/ep/original/DP-31527-001.jpg
436431,50.145.16,Thomas Gainsborough,Charles Rousseau Burney (1747–1819),ca. 1780,Oil on canvas,30 1/4 x 25 1/8 in. (76.8 x 63.8 cm),76.8,63.8,European Paintings,https://images.metmuseum.org/CRDImages/ep/original/DP162157.jpg
436432,49.7.55,Thomas Gainsborough,Queen Charlotte,,Oil on canvas,23 3/4 x 17 1/2 in. (60.3 x 44.5 cm),60.3,44.5,European Paintings,https://images.metmuseum.org/CRDImages/ep/original/DP162155.jpg
436433,89.15.8,Thomas Gainsborough,A Boy with a Cat—Morning,1787,Oil on canvas,59 1/4 x 47 1/2 in. (150.5 x 120.7 cm),150.5,120.7,European Paintings,https://images.metmuseum.org/CRDImages/ep/original/DP169648.jpg
436434,1990.200,Thomas Gainsborough,Lieutenant Colonel Paul Pechell (1724–1800),,Oil on canvas,30 1/8 x 25 1/8 in. (76.5 x 63.8 cm),76.5,63.8,European Paintings,https://images.metmuseum.org/CRDImages/ep/original/DP162180.jpg
436435,20.155.1,Thomas Gainsborough,Mrs. Grace Dalrymple Elliott (1754?–1823),1778,Oil on canvas,92 1/4 × 60 1/2 in. (234.3 × 153.7 cm),234.3,153.7,European Paintings,https://images.metmuseum.org/CRDImages/ep/original/DP169214.jpg
436436,66.88.1,Thomas Gainsborough,"Mrs. Ralph Izard (Alice De Lancey, 1746/47–1832)",,Oil on canvas,"Oval, 30 1/4 x 25 1/8 in. (76.8 x 63.8 cm)",76.8,63.8,European Paintings,https://images.metmuseum.org/CRDImages/ep/original/DP162167.jpg
436439,17.120.224,Thomas Gainsborough,"Portrait of a Young Woman, Called Miss Sparrow",1770s,Oil on canvas,30 1/8 x 24 7/8 in. (76.5 x 63.2 cm),76.5,63.2,European Paintings,https://images.metmuseum.org/CRDImages/ep/original/DP162145.jpg
436440,50.145.17,Thomas Gainsborough,Cottage Children (The Wood Gatherers),1787,Oil on canvas,58 1/8 x 47 3/8 in. (147.6 x 120.3 cm),147.6,120.3,European Paintings,https://images.metmuseum.org/CRDImages/ep/original/DP169640.jpg
436442,15.30.34,Thomas Gainsborough,The Painter's Daughter Mary (1750–1826),mid-19th century,Oil on canvas,17 1/4 x 13 7/8 in. (43.8 x 35.2 cm),43.8,35.2,European Paintings,https://images.metmuseum.org/CRDImages/ep/original/DP169391.jpg
436443,17.190.23,Garofalo (Benvenuto Tisi da Garofalo),Saint Nicholas of Tolentino Reviving the Birds,ca. 1530,"Oil on canvas, transferred from wood",12 7/8 x 26 in. (32.7 x 66 cm),32.7,66.0,European Paintings,https://images.metmuseum.org/CRDImages/ep/original/DP-25980-001.jpg
436444,17.190.24,Garofalo (Benvenuto Tisi da Garofalo),Saint Nicholas of Tolentino Reviving a Child,ca. 1530,"Oil on canvas, transferred from wood",13 x 25 3/4 in. (33 x 65.4 cm),33.0,65.4,European Paintings,https://images.metmuseum.org/CRDImages/ep/original/DP-25981-001.jpg
436445,1973.319,Saturnino Gatti,The Translation of the Holy House of Loreto,ca. 1490,Tempera and gold on wood,33 1/4 x 21 5/8 in. (84.5 x 54.9 cm),84.5,54.9,European Paintings,https://images.metmuseum.org/CRDImages/ep/original/DP158156.jpg
436446,49.58.1,Paul Gauguin,Two Tahitian Women,1899,Oil on canvas,37 x 28 1/2 in. (94 x 72.4 cm),94.0,72.4,European Paintings,https://images.metmuseum.org/CRDImages/ep/original/DT1342.jpg
436449,1993.400.3,Paul Gauguin,The Siesta,ca. 1892–94,Oil on canvas,35 x 45 3/4 in. (88.9 x 116.2 cm),88.9,116.2,European Paintings,https://images.metmuseum.org/CRDImages/ep/original/DT1952.jpg
436452,30.95.262,Gentile da Fabriano (Gentile di Niccolò di Giovanni di Massio),Madonna and Child with Angels,,"Tempera on wood, traces of gold ground",33 3/4 x 20 in. (85.7 x 50.8 cm),85.7,50.8,European Paintings,https://images.metmuseum.org/CRDImages/ep/original/DP254091.jpg
436453,69.281,Artemisia Gentileschi,Esther before Ahasuerus,1620s,Oil on canvas,82 in. × 8 ft. 11 3/4 in. (208.3 × 273.7 cm),208.3,273.7,European Paintings,https://images.metmuseum.org/CRDImages/ep/original/DP-20748-001.jpg
436454,41.17,Théodore Géricault,Alfred Dedreux (1810–1860) as a Child,ca. 1819–20,Oil on canvas,18 x 15 in. (45.7 x 38.1 cm),45.7,38.1,European Paintings,https://images.metmuseum.org/CRDImages/ep/original/DT2006.jpg
436456,58.135,Niccolò di Pietro Gerini,An Episode from the Life of Saint Giovanni Gualberto,,"Tempera on wood, gold ground","Arched top, 57 3/4 x 28 1/2 in. (146.7 x 72.4 cm)",146.7,72.4,European Paintings,https://images.metmuseum.org/CRDImages/ep/original/DP-24730-001.jpg
436472,32.100.99,Italian Painter,Portrait of a Man in Profile,,Oil on wood,13 1/4 x 10 1/2 in. (33.7 x 26.7 cm),33.7,26.7,European Paintings,https://images.metmuseum.org/CRDImages/ep/original/DP164822.jpg
436476,32.100.38,South Netherlandish Painter,The Annunciation,,"Oil on wood, gold ground",39 x 37 in. (99.1 x 94 cm),99.1,94.0,European Paintings,https://images.metmuseum.org/CRDImages/ep/original/DP164814.jpg
436477,32.100.39,South Netherlandish Painter,The Nativity,,"Oil on wood, gold ground",37 x 36 1/4 in. (94 x 92.1 cm),94.0,92.1,European Paintings,https://images.metmuseum.org/CRDImages/ep/original/DP164815.jpg
436480,23.255,German (Nuremberg) Painter,Portrait of a Man,1491,Oil on linden,18 3/4 x 13 in. (47.6 x 33 cm),47.6,33.0,European Paintings,https://images.metmuseum.org/CRDImages/ep/original/DP164803.jpg
436481,05.13.4,Jean-Léon Gérôme,"Cafe House, Cairo (Casting Bullets)",1884 or earlier,Oil on canvas,21 1/2 x 24 3/4 in. (54.6 x 62.9 cm),54.6,62.9,European Paintings,https://images.metmuseum.org/CRDImages/ep/original/DP-39097-001.jpg
436482,87.15.130,Jean-Léon Gérôme,Prayer in the Mosque,by 1874,Oil on canvas,35 x 29 1/2 in. (88.9 x 74.9 cm),88.9,74.9,European Paintings,https://images.metmuseum.org/CRDImages/ep/original/DT1971.jpg
436483,27.200,Jean-Léon Gérôme,Pygmalion and Galatea,ca. 1890,Oil on canvas,35 x 27 in. (88.9 x 68.6 cm),88.9,68.6,European Paintings,https://images.metmuseum.org/CRDImages/ep/original/DP-14201-005.jpg
436485,1974.1,Jacques de Gheyn II,Vanitas Still Life,1603,Oil on wood,32 1/2 x 21 1/4 in. (82.6 x 54 cm),82.6,54.0,European Paintings,https://images.metmuseum.org/CRDImages/ep/original/DP143209.jpg
436486,13.119.2,Davide Ghirlandaio (David Bigordi),The Burial of Saint Zenobius,ca. 1479,Tempera and gold on wood,6 1/4 x 16 1/4 in. (15.9 x 41.3 cm),15.9,41.3,European Paintings,https://images.metmuseum.org/CRDImages/ep/original/DT249329.jpg
436487,13.119.1,Davide Ghirlandaio (David Bigordi),The Marriage of the Virgin,ca. 1479,Tempera and gold on wood,6 1/4 x 16 1/4 in. (15.9 x 41.3 cm),15.9,41.3,European Paintings,https://images.metmuseum.org/CRDImages/ep/original/DT249328.jpg
436488,13.119.3,Davide Ghirlandaio (David Bigordi),Tobias and the Angel,ca. 1479,Tempera and gold on wood,6 1/4 x 16 1/4 in. (15.9 x 41.3 cm),15.9,41.3,European Paintings,https://images.metmuseum.org/CRDImages/ep/original/DT210659.jpg
436489,49.7.7,Domenico Ghirlandaio (Domenico Bigordi),Francesco Sassetti (1421–1490) and His Son Teodoro,ca. 1488,Tempera on wood,Overall 33 1/4 x 25 1/8 in. (84.5 x 63.8 cm); painted surface 29 7/8 x 20 7/8 in. (75.9 x 53 cm),84.5,63.8,European Paintings,https://images.metmuseum.org/CRDImages/ep/original/DT1369.jpg
436490,32.100.67,Domenico Ghirlandaio (Domenico Bigordi),Portrait of a Man,,Tempera on wood,21 1/2 x 17 1/2 in. (54.6 x 44.5 cm),54.6,44.5,European Paintings,https://images.metmuseum.org/CRDImages/ep/original/DP161257.jpg
436491,32.100.71,Davide Ghirlandaio (David Bigordi),Selvaggia Sassetti (born 1470),ca. 1487–88,Tempera on wood,22 1/2 x 17 3/8 in. (57.2 x 44.1 cm),57.2,44.1,European Paintings,https://images.metmuseum.org/CRDImages/ep/original/DP-17015-001.jpg
436492,80.3.674,Domenico Ghirlandaio (Domenico Bigordi),Saint Christopher and the Infant Christ,,Fresco,112 x 59 in. (284.5 x 149.9 cm),284.5,149.9,European Paintings,https://images.metmuseum.org/CRDImages/ep/original/EP371.jpg
436494,32.100.80,Ridolfo Ghirlandaio,The Nativity with Saints,,Oil on wood,Central panel 14 x 9 in. (35.6 x 22.9 cm); each wing 14 x 4 in. (35.6 x 10.2 cm),35.6,22.9,European Paintings,https://images.metmuseum.org/CRDImages/ep/original/DP-24223-007.jpg
436495,69.280.1,Francescuccio Ghissi (Francesco di Cecco Ghissi),Saint John the Evangelist Raises Satheus to Life,ca. 1370,"Tempera on wood, gold ground",Overall 14 1/8 x 16 1/8 in. (35.9 x 41 cm); painted surface 13 3/4 x 15 1/2 in. (34.9 x 39.4 cm),35.9,41.0,European Paintings,https://images.metmuseum.org/CRDImages/ep/original/DP375694.jpg
436496,69.280.2,Francescuccio Ghissi (Francesco di Cecco Ghissi),Saint John the Evangelist with Acteus and Eugenius,ca. 1370,"Tempera on wood, gold ground",14 3/8 x 16 1/4 in. (36.5 x 41.3 cm),36.5,41.3,European Paintings,https://images.metmuseum.org/CRDImages/ep/original/DP375435.jpg
436497,69.280.3,Francescuccio Ghissi (Francesco di Cecco Ghissi),Saint John the Evangelist Causes a Pagan Temple to Collapse,ca. 1370,"Tempera on wood, gold ground",14 1/8 x 15 1/4 in. (35.9 x 38.7 cm),35.9,38.7,European Paintings,https://images.metmuseum.org/CRDImages/ep/original/DP375436.jpg
436498,06.180,Michele Giambono (Michele Giovanni Bono),The Man of Sorrows,ca. 1430,Tempera and gold on wood,"Overall, with engaged frame, 21 3/4 x 15 3/4 in. (54.9 x 38.7 cm); painted surface 18 1/2 x 12 1/4 in. (47 x 31.1 cm)",55.24511,40.00508,European Paintings,https://images.metmuseum.org/CRDImages/ep/original/DP-14108-001.jpg
436499,1989.21,Giampietrino (Giovanni Pietro Rizzoli),Diana the Huntress,,Oil on wood,44 7/8 x 23 1/4 in. (114 x 59.1 cm),114.0,59.1,European Paintings,https://images.metmuseum.org/CRDImages/ep/original/DP-18296-033.jpg
436501,26.168.33,Giovanni Battista Gigola,Francesca Ghirardi Lechi (1773–1806),,Ivory,Diameter 2 5/8 in. (66 mm),6.7,6.7,European Paintings,https://images.metmuseum.org/CRDImages/ep/original/ep26.168.33.R.jpg
436502,1973.311.2,Luca Giordano,The Annunciation,1672,Oil on canvas,93 1/8 x 66 7/8 in. (236.5 x 169.9 cm),236.5,169.9,European Paintings,https://images.metmuseum.org/CRDImages/ep/original/DP-22842-001.jpg
436503,61.50,Luca Giordano,The Flight into Egypt,1701,Oil on canvas,24 1/4 x 19 1/4 in. (61.5 x 48.9 cm),61.6,48.9,European Paintings,https://images.metmuseum.org/CRDImages/ep/original/DP-24117-001.jpg
436504,11.126.1,Giotto di Bondone,The Adoration of the Magi,possibly ca. 1320,"Tempera on wood, gold ground",17 3/4 x 17 1/4 in. (45.1 x 43.8 cm),45.1,43.8,European Paintings,https://images.metmuseum.org/CRDImages/ep/original/DP-31416-001.jpg
436506,07.200,Giovanni da Milano,Madonna and Child with Donors,ca. 1365,"Tempera on wood, gold ground",27 1/8 x 56 3/4 in. (68.9 x 144.1 cm),68.8976,144.1453,European Paintings,https://images.metmuseum.org/CRDImages/ep/original/DP-18296-011.jpg
436508,32.100.76,Giovanni di Paolo (Giovanni di Paolo di Grazia),Madonna and Child with Saints,1454,"Tempera on wood, gold ground","Central panel 82 3/4 x 25 7/8 in. (210.2 x 65.7 cm); left panels 70 7/8 x 16 7/8 in. (180 x 42.9 cm), 70 7/8 x 16 3/4 in. (180 x 42.5 cm); right panels 70 7/8 x 16 7/8 in. (180 x 42.9 cm), 70 7/8 x 16 3/4 in. (180 x 42.5 cm)",210.2,65.7,European Paintings,https://images.metmuseum.org/CRDImages/ep/original/LC-32_100_76-1.jpg
436509,1982.60.4,Giovanni di Paolo (Giovanni di Paolo di Grazia),The Adoration of the Magi,ca. 1460,Tempera and gold on wood,10 5/8 x 9 1/8 in. (27 x 23.2 cm),27.0,23.2,European Paintings,https://images.metmuseum.org/CRDImages/ep/original/DT2580.jpg
436510,41.190.16,Giovanni di Paolo (Giovanni di Paolo di Grazia),Madonna and Child with Two Angels and a Donor,ca. 1445,"Tempera on wood, gold ground (partly checkered with modern red glazes)",Shaped top: overall 57 1/8 x 32 in. (145.1 x 81.3 cm); painted surface 54 1/4 x 32 in. (137.8 x 81.3 cm),145.1,81.3,European Paintings,https://images.metmuseum.org/CRDImages/ep/original/DT269020.jpg
436512,06.1046,Giovanni di Paolo (Giovanni di Paolo di Grazia),Paradise,1445,"Tempera and gold on canvas, transferred from wood",18 7/16 × 16 1/16 in. (46.8 × 40.8 cm); painted surface 17 1/2 x 15 1/8 in. (44.5 x 38.4 cm),46.831345,40.798832,European Paintings,https://images.metmuseum.org/CRDImages/ep/original/DP-19297-001.jpg
436513,41.100.4,Giovanni di Paolo (Giovanni di Paolo di Grazia),The Presentation of Christ in the Temple,ca. 1435,Tempera and gold on wood,Overall 15 1/2 x 18 1/8 in. (39.4 x 46 cm); painted surface 15 1/4 x 17 1/4 in. (38.7 x 43.8 cm),39.4,46.0,European Paintings,https://images.metmuseum.org/CRDImages/ep/original/DP-26503-001.jpg
436514,32.100.83a–d,Giovanni di Paolo (Giovanni di Paolo di Grazia),"Saints Catherine of Alexandria, Barbara, Agatha, and Margaret",ca. 1470,"Tempera on wood, gold ground","(a) overall 18 3/4 x 6 in. (47.6 x 15.2 cm), painted surface 18 1/4 x 5 1/2 in. (46.4 x 14 cm); (b) overall 18 3/4 x 6 in. (47.6 x 15.2 cm), painted surface 18 3/8 x 5 5/8 in. (46.7 x 14.3 cm); (c) overall 18 3/4 x 6 in. (47.6 x 15.2 cm), painted surface 18 3/8 x 5 3/8 in. (46.7 x 13.7 cm); (d) overall 18 3/4 x 6 in. (47.6 x 15.2 cm), painted surface 18 1/4 x 5 5/8 in. (46.4 x 14.3 cm)",47.6,15.2,European Paintings,https://images.metmuseum.org/CRDImages/ep/original/DT2830.jpg
436515,88.3.111,Giovanni di Paolo (Giovanni di Paolo di Grazia),Saints Matthew and Francis,ca. 1435,"Tempera on wood, gold ground","Overall, with added strips, 54 5/8 x 34 3/4 in. (138.7 x 88.3 cm); painted surface 52 7/8 x 33 1/2 in. (134.3 x 85.1 cm)",138.7,88.3,European Paintings,https://images.metmuseum.org/CRDImages/ep/original/DP-19499-001.jpg
436516,1995.7,Giovanni di ser Giovanni Guidi (called Scheggia),The Triumph of Fame; (reverse) Impresa of the Medici Family and Arms of the Medici and Tornabuoni Families,ca. 1449,"Tempera, silver, and gold on wood","Overall, with engaged frame, diameter 36 1/2 in. (92.7 cm); recto, painted surface, diameter 24 5/8 in. (62.5 cm); verso, painted surface, diameter 29 5/8 in. (75.2 cm)",92.7,92.7,European Paintings,https://images.metmuseum.org/CRDImages/ep/original/DP164870.jpg
436517,49.7.8,Girolamo da Cremona,Descent from the Cross,,"Tempera on parchment, laid down on wood",6 1/4 x 4 1/2 in. (15.9 x 11.4 cm),15.9,11.4,European Paintings,https://images.metmuseum.org/CRDImages/ep/original/DT200204.jpg
436518,20.92,Girolamo dai Libri,Madonna and Child with Saints,ca. 1520,Tempera and oil on canvas,"Arched top, 157 x 81 1/2 in. (398.8 x 207 cm)",398.8,207.0,European Paintings,https://images.metmuseum.org/CRDImages/ep/original/DT2956.jpg
436519,87.15.74,Pierre-Paul-Léon Glaize,Before the Mirror,1873,Oil on canvas,39 3/4 x 29 7/8 in. (101 x 75.9 cm),101.0,75.9,European Paintings,https://images.metmuseum.org/CRDImages/ep/original/DP-23348-001.jpg
436520,63.120,Pierre Gobert,"Marie Adélaïde de Savoie (1685–1712), Duchesse de Bourgogne",1710,Oil on canvas,"Oval, 28 3/4 x 23 1/4 in. (73 x 59.1 cm)",73.0,59.1,European Paintings,https://images.metmuseum.org/CRDImages/ep/original/DP317663.jpg
436521,29.100.15,Hugo van der Goes,Portrait of a Man,ca. 1475,Oil on wood,"Oval, overall 12 1/2 x 10 1/2 in. (31.8 x 26.7 cm); painted surface 12 1/2 x 10 1/4 in. (31.8 x 26 cm)",31.8,26.7,European Paintings,https://images.metmuseum.org/CRDImages/ep/original/DP347299.jpg
436522,22.60.53,Hugo van der Goes,A Benedictine Monk,,Oil on wood,"Overall 9 7/8 x 7 3/8 in. (25.1 x 18.7 cm), with added strip of 3/4 in. (1.9 cm) at right",25.1,18.7,European Paintings,https://images.metmuseum.org/CRDImages/ep/original/DP-19585-001.jpg
436523,71.100,Hugo van der Goes,The Adoration of the Magi,,Oil on wood,29 1/8 x 25 5/8 in. (74 x 65.1 cm),74.0,65.1,European Paintings,https://images.metmuseum.org/CRDImages/ep/original/DP332733.jpg
436529,51.112.3,Vincent van Gogh,"L'Arlésienne: Madame Joseph-Michel Ginoux (Marie Julien, 1848–1911)",1888–89,Oil on canvas,36 × 29 in. (91.4 × 73.7 cm),91.4,73.7,European Paintings,https://images.metmuseum.org/CRDImages/ep/original/DT1396.jpg
436532,67.187.70a,Vincent van Gogh,Self-Portrait with a Straw Hat (obverse: The Potato Peeler),1887,Oil on canvas,16 x 12 1/2 in. (40.6 x 31.8 cm),40.6,31.8,European Paintings,https://images.metmuseum.org/CRDImages/ep/original/DT1502_cropped2.jpg
436536,1995.535,Vincent van Gogh,Women Picking Olives,1889,Oil on canvas,28 5/8 x 36 in. (72.7 x 91.4 cm),72.7,91.4,European Paintings,https://images.metmuseum.org/CRDImages/ep/original/DP-17161-001.jpg
436537,20.160,Goodhart Ducciesque Master,Madonna and Child with the Annunciation and the Nativity,ca. 1310–15,"Tempera on wood, gold ground","Overall, with engaged frame, 12 1/8 x 8 1/4 in. (30.8 x 21 cm); painted surface 10 1/4 x 6 1/2 in. (26 x 16.5 cm)",30.8,21.0,European Paintings,https://images.metmuseum.org/CRDImages/ep/original/DP367958.jpg
436538,32.100.62,Jan Gossart (called Mabuse),Portrait of a Man,ca. 1520–25,Oil on wood,18 1/2 x 13 3/4 in. (47 x 34.9 cm),47.0,34.9,European Paintings,https://images.metmuseum.org/CRDImages/ep/original/DP231747.jpg
436539,17.190.17,Jan Gossart (called Mabuse),Anna van Bergen (1492–1541) and Her Son Hendrik (born 1519) as the Virgin and Child,,Oil on wood,Overall 17 7/8 x 13 5/8 in. (45.4 x 34.6 cm); painted surface 17 1/4 x 13 in. (43.8 x 33 cm),45.4,34.6,European Paintings,https://images.metmuseum.org/CRDImages/ep/original/DP164792.jpg
436541,06.289,Goya (Francisco de Goya y Lucientes),Sebastián Martínez y Pérez (1747–1800),1792,Oil on canvas,36 5/8 x 26 5/8 in. (93 x 67.6 cm),93.0,67.6,European Paintings,https://images.metmuseum.org/CRDImages/ep/original/DP-28009-001.jpg
436542,55.145.1,Goya (Francisco de Goya y Lucientes),"Ignacio Garcini y Queralt (1752–1825), Brigadier of Engineers",1804,Oil on canvas,41 x 32 3/4 in. (104.1 x 83.2 cm),104.1,83.2,European Paintings,https://images.metmuseum.org/CRDImages/ep/original/DP-28010-001.jpg
436543,55.145.2,Goya (Francisco de Goya y Lucientes),Josefa de Castilla Portugal y van Asbrock de Garcini (1775–about 1850),1804,Oil on canvas,41 x 32 3/8 in. (104.1 x 82.2 cm),104.1,82.2,European Paintings,https://images.metmuseum.org/CRDImages/ep/original/DP-28011-001.jpg
436544,30.95.242,Goya (Francisco de Goya y Lucientes),"Tiburcio Pérez y Cuervo (1785/86–1841), the Architect",1820,Oil on canvas,40 1/4 x 32 in. (102.2 x 81.3 cm),102.2,81.3,European Paintings,https://images.metmuseum.org/CRDImages/ep/original/DP295718.jpg
436545,49.7.41,Goya (Francisco de Goya y Lucientes),Manuel Osorio Manrique de Zuñiga (1784–1792),1787–88,Oil on canvas,50 x 40 in. (127 x 101.6 cm),127.0,101.6,European Paintings,https://images.metmuseum.org/CRDImages/ep/original/DP287624.jpg
436546,61.259,Goya (Francisco de Goya y Lucientes),"José Costa y Bonells (died l870), Called Pepito",ca. 1810,Oil on canvas,41 3/8  x 33 1/4 in. (105.1 x 84.5 cm),105.1,84.5,European Paintings,https://images.metmuseum.org/CRDImages/ep/original/DP123853.jpg
436547,29.100.180,Goya (Francisco de Goya y Lucientes),Narcisa Barañano Gayoso de Goicoechea,ca. 1805,Oil on canvas,44 1/4 x 30 3/4 in. (112.4 x 78.1 cm),112.4,78.1,European Paintings,https://images.metmuseum.org/CRDImages/ep/original/DP-22705-001.jpg
436548,29.100.10,Goya (Francisco de Goya y Lucientes),Majas on a Balcony,ca. 1800–1810,Oil on canvas,76 3/4 x 49 1/2in. (194.9 x 125.7cm),194.9,125.7,European Paintings,https://images.metmuseum.org/CRDImages/ep/original/DP-20750-001.jpg
436549,50.145.19,Goya,Don Bernardo de Iriarte (1735–1814),,Oil on canvas,42 1/2 x 33 1/2 in. (108 x 85.1 cm),108.0,85.1,European Paintings,https://images.metmuseum.org/CRDImages/ep/original/DP-23289-001.jpg
436550,30.95.243,Goya,Infanta María Luisa (1782–1824) and Her Son Carlos Luis (1799–1883),,Oil on canvas,39 1/8 x 27 in. (99.4 x 68.6 cm),99.4,68.6,European Paintings,https://images.metmuseum.org/CRDImages/ep/original/DP-22884-001.jpg
436551,51.70,Goya,"Ferdinand VII (1784–1833), When Prince of Asturias",ca. 1800,Oil on canvas,32 3/4 x 26 1/4 in. (83.2 x 66.7 cm),83.2,66.7,European Paintings,https://images.metmuseum.org/CRDImages/ep/original/DP-22708-001.jpg
436552,29.100.11,Goya,"María Luisa of Parma (1751–1819), Queen of Spain",,Oil on canvas,43 1/2 x 33 1/2 in. (110.5 x 85.1 cm),110.5,85.1,European Paintings,https://images.metmuseum.org/CRDImages/ep/original/DP-17561-001.jpg
436554,22.181,Goya (Francisco de Goya y Lucientes),Bullfight in a Divided Ring,ca. 1810,Oil on canvas,38 3/4 x 49 3/4 in. (98.4 x 126.4 cm),98.4,126.4,European Paintings,https://images.metmuseum.org/CRDImages/ep/original/DP-22552-001.jpg
436561,1976.100.14,Benozzo Gozzoli (Benozzo di Lese di Sandro),"Saints Nicholas of Tolentino, Roch, Sebastian, and Bernardino of Siena, with Kneeling Donors",1481,"Tempera and gold on canvas, transferred from wood","Overall, with added strips, 31 x 24 3/8 in. (78.7 x 61.9 cm); painted surface 30 1/8 x 23 1/2 in. (76.5 x 59.7 cm)",78.7,61.9,European Paintings,https://images.metmuseum.org/CRDImages/ep/original/DT10247.jpg
436562,15.106.2,Benozzo Gozzoli (Benozzo di Lese di Sandro),The Conversion of Saint Paul,,Tempera on wood,15 5/8 x 18 in. (39.7 x 45.7 cm),39.7,45.7,European Paintings,https://images.metmuseum.org/CRDImages/ep/original/DP-19453-001.jpg
436563,15.106.1,Benozzo Gozzoli (Benozzo di Lese di Sandro),Saint Peter and Simon Magus,,Tempera on wood,15 3/4 x 18 in. (40 x 45.7 cm),40.0,45.7,European Paintings,https://images.metmuseum.org/CRDImages/ep/original/DP-19452-001.jpg
436564,15.106.3,Benozzo Gozzoli (Benozzo di Lese di Sandro),Saint Zenobius Resuscitating a Dead Child,,Tempera on wood,15 1/2 x 18 in. (39.4 x 45.7 cm),39.4,45.7,European Paintings,https://images.metmuseum.org/CRDImages/ep/original/DP-19454-001.jpg
436565,15.106.4,Benozzo Gozzoli (Benozzo di Lese di Sandro),Totila before Saint Benedict,,Tempera on wood,15 1/2 x 18 in. (39.4 x 45.7 cm),39.4,45.7,European Paintings,https://images.metmuseum.org/CRDImages/ep/original/DP-19455-001.jpg
436567,1970.134.1,Francesco Granacci (Francesco di Andrea di Marco),Scenes from the Life of Saint John the Baptist,ca. 1506–7,"Tempera, oil, and gold on wood",30 9/16 x 59 1/2 in. (77.6 x 151.1 cm),77.62891,151.1303,European Paintings,https://images.metmuseum.org/CRDImages/ep/original/DP214411.jpg
436568,1970.134.2,Francesco Granacci,Saint John the Baptist Bearing Witness,ca. 1506–7,Oil and gold on wood,29 3/4 x 82 1/2 in. (75.6 x 209.6 cm),75.6,209.6,European Paintings,https://images.metmuseum.org/CRDImages/ep/original/DT11166.jpg
436570,05.42,El Greco (Domenikos Theotokopoulos),The Adoration of the Shepherds,ca. 1605–10,Oil on canvas,56 7/8 x 39 7/8 in. (144.5 x 101.3 cm); with added strips 64 1/2 x 42 in. (163.8 x 106.7 cm),163.8,106.7,European Paintings,https://images.metmuseum.org/CRDImages/ep/original/DP123919.jpg
436572,1978.416,El Greco (Domenikos Theotokopoulos),Christ Healing the Blind,ca. 1570,Oil on canvas,47 x 57 1/2 in. (119.4 x 146.1 cm),119.4,146.1,European Paintings,https://images.metmuseum.org/CRDImages/ep/original/DP-26505-001.jpg
436573,29.100.5,El Greco (Domenikos Theotokopoulos),Cardinal Fernando Niño de Guevara (1541–1609),ca. 1600,Oil on canvas,67 1/4 x 42 1/2in. (170.8 x 108cm),170.8,108.0,European Paintings,https://images.metmuseum.org/CRDImages/ep/original/DP-17777-001.jpg
436574,24.197.1,El Greco (Domenikos Theotokopoulos),Portrait of an Old Man,ca. 1595–1600,Oil on canvas,20 3/4 x 18 3/8 in. (52.7 x 46.7 cm),52.7,46.7,European Paintings,https://images.metmuseum.org/CRDImages/ep/original/DP-24083-001.jpg
436576,56.48,El Greco (Domenikos Theotokopoulos),The Vision of Saint John,ca. 1608–14,Oil on canvas,87 1/2 x 76 in. (222.3 x 193 cm); with added strips 88 1/2 x 78 1/2 in. (224.8 x 199.4 cm) [top truncated],222.3,193.0,European Paintings,https://images.metmuseum.org/CRDImages/ep/original/DP-17641-001.jpg
436577,61.101.8,El Greco (Domenikos Theotokopoulos),Saint Andrew,ca. 1610,Oil on canvas,43 1/4 x 25 1/4 in. (109.9 x 64.1 cm),109.9,64.1,European Paintings,https://images.metmuseum.org/CRDImages/ep/original/DP-20335-001.jpg
436579,20.155.8,Jean-Baptiste Greuze,Broken Eggs,1756,Oil on canvas,28 3/4 x 37 in. (73 x 94 cm),73.0,94.0,European Paintings,https://images.metmuseum.org/CRDImages/ep/original/DP-12952-001.jpg
436580,1970.295,Jean-Baptiste Greuze,Aegina Visited by Jupiter,ca. 1767–69,Oil on canvas,57 7/8 x 77 1/8 in. (147 x 195.9 cm),147.0,195.9,European Paintings,https://images.metmuseum.org/CRDImages/ep/original/DP-12954-001.jpg
436581,66.28.1,Jean-Baptiste Greuze,"Charles Claude de Flahaut (1730–1809), Comte d'Angiviller",1763,Oil on canvas,25 1/4 x 21 1/4 in. (64.1 x 54 cm),64.1,54.0,European Paintings,https://images.metmuseum.org/CRDImages/ep/original/DP-19779-001.jpg
436582,67.187.72,Jean-Baptiste Greuze,Head of a Young Woman,possibly 1780s,Oil on canvas,16 1/8 x 12 3/4 in. (41 x 32.4 cm),41.0,32.4,European Paintings,https://images.metmuseum.org/CRDImages/ep/original/DP-18078-001.jpg
436583,71.91,Jean-Baptiste Greuze,Study of a Woman’s Head,ca. 1780,Oil on wood,18 1/2 x 16 in. (47 x 40.6 cm),47.0,40.6,European Paintings,https://images.metmuseum.org/CRDImages/ep/original/DP-12955-001.jpg
436584,55.205.2,Jean-Baptiste Greuze,"Madame Jean-Baptiste Nicolet (Anne Antoinette Desmoulins, 1743–1817)",late 1780s,Oil on wood,25 1/4 x 21 in. (64.1 x 53.3 cm),64.1,53.3,European Paintings,https://images.metmuseum.org/CRDImages/ep/original/DP-13040-001.jpg
436586,65.242.3,Jean-Baptiste Greuze,Princess Varvara Nikolaevna Gagarina (1762–1802),ca. 1780–82,Oil on canvas,"Oval, 31 1/2 x 25 in. (80 x 63.5 cm)",80.0,63.5,European Paintings,https://images.metmuseum.org/CRDImages/ep/original/DP-13039-001.jpg
436587,56.55.3,Jean-Baptiste Greuze,Jean Jacques Caffiéri (1725–1792),ca. 1765,Oil on canvas,"Oval, 25 1/4 x 20 3/4 in. (64.1 x 52.7 cm)",64.1,52.7,European Paintings,https://images.metmuseum.org/CRDImages/ep/original/DP123933.jpg
436588,32.100.137,Jean-Baptiste Greuze,Head of a Young Boy,1763,Oil on canvas,18 7/8 x 15 3/8 in. (47.9 x 39.1 cm),47.9,39.1,European Paintings,https://images.metmuseum.org/CRDImages/ep/original/DP-13038-001.jpg
436589,62.122.60,William Grimaldi,Sir Joshua Reynolds (1723–1792),,Ivory,"Oval, 1 7/8 x 1 1/2 in. (47 x 37 mm)",4.8,3.8,European Paintings,https://images.metmuseum.org/CRDImages/ep/original/ep62.122.60.R.jpg
436590,1978.554.2,Georg Christoph Grooth,"The Empress Elizabeth of Russia (1709–1762) on Horseback, Attended by a Page",after 1743–49,Oil on canvas,31 3/8 x 24 1/2 in. (79.7 x 62.2 cm),79.7,62.2,European Paintings,https://images.metmuseum.org/CRDImages/ep/original/DP368624.jpg
436602,88.3.86,Guariento di Arpo,Madonna and Child,,"Tempera on wood, gold ground","Overall, with arched top and engaged (modern) frame, 32 3/8 x 18 7/8 in. (82.2 x 47.9 cm); painted surface 28 1/2 x 17 in. (72.4 x 43.2 cm)",82.2,47.9,European Paintings,https://images.metmuseum.org/CRDImages/ep/original/DP244551.jpg
436603,1984.459.2,Guercino (Giovanni Francesco Barbieri),Samson Captured by the Philistines,1619,Oil on canvas,75 1/4 x 93 1/4 in. (191.1 x 236.9 cm),191.1,236.9,European Paintings,https://images.metmuseum.org/CRDImages/ep/original/DT503.jpg
436604,1973.311.3,Guercino (Giovanni Francesco Barbieri),The Vocation of Saint Aloysius (Luigi) Gonzaga,ca. 1650,Oil on canvas,140 x 106 in. (355.6 x 269.2 cm),355.6,269.2,European Paintings,https://images.metmuseum.org/CRDImages/ep/original/DT1956.jpg
436605,61.77,Jean Urbain Guérin,"Alexandre Théodore Victor (1760–1829), Comte de Lameth",ca. 1789–90,Ivory laid on card,Diameter 3 in. (75 mm),7.6,7.6,European Paintings,https://images.metmuseum.org/CRDImages/ep/original/DP327726.jpg
436607,1970.261,Domenico Guidobono,An Allegory,1710–20,Oil on canvas,56 3/4 x 92 1/4 in. (144.1 x 234.3 cm),144.1,234.3,European Paintings,https://images.metmuseum.org/CRDImages/ep/original/EP542.jpg
436610,95.14.53,Peter Adolf Hall,The Painter Louis Joseph Maurice (1730–1820),1772,Ivory,"Oval, 3 3/8 x 2 5/8 in. (84 x 67 mm)",8.6,6.7,European Paintings,https://images.metmuseum.org/CRDImages/ep/original/ep95.14.53.R.jpg
436612,26.168.45,Peter Adolf Hall,Portrait of a Young Woman,ca. 1790,Ivory,"Oval, 2 3/4 x 2 1/8 in. (70 x 55 mm)",7.0,5.4,European Paintings,https://images.metmuseum.org/CRDImages/ep/original/DP-43794-001.jpg
436615,71.108,Dirck Hals,A Banquet,1628,Oil on wood,16 x 26 in. (40.6 x 66 cm),40.6,66.0,European Paintings,https://images.metmuseum.org/CRDImages/ep/original/DP143192.jpg
436616,14.40.602,Frans Hals,Young Man and Woman in an Inn,1623,Oil on canvas,41 1/2 x 31 1/4 in. (105.4 x 79.4 cm),105.4,79.4,European Paintings,https://images.metmuseum.org/CRDImages/ep/original/DP145899.jpg
436617,49.7.34,Frans Hals,Portrait of a Bearded Man with a Ruff,1625,Oil on canvas,30 x 25 in. (76.2 x 63.5 cm),76.2,63.5,European Paintings,https://images.metmuseum.org/CRDImages/ep/original/DP145927.jpg
436618,29.100.9,Frans Hals,"Anna van der Aar (born 1576/77, died after 1626)",1626,Oil on wood,8 3/4 x 6 1/2 in. (22.2 x 16.5 cm),22.2,16.5,European Paintings,https://images.metmuseum.org/CRDImages/ep/original/DP171420.jpg
436619,29.100.8,Frans Hals,Petrus Scriverius (1576–1660),1626,Oil on wood,8 3/4 x 6 1/2 in. (22.2 x 16.5 cm),22.2,16.5,European Paintings,https://images.metmuseum.org/CRDImages/ep/original/DP247208.jpg
436620,26.101.11,Frans Hals,Paulus Verschuur (1606–1667),1643,Oil on canvas,46 3/4 x 37 in. (118.7 x 94 cm),118.7,94.0,European Paintings,https://images.metmuseum.org/CRDImages/ep/original/DP146480.jpg
436621,49.7.33,Frans Hals,"Portrait of a Man, Possibly Nicolaes Pietersz Duyst van Voorhout (born about 1600, died 1650)",ca. 1636–38,Oil on canvas,31 3/4 x 26 in. (80.6 x 66 cm),80.6,66.0,European Paintings,https://images.metmuseum.org/CRDImages/ep/original/DP124055.jpg
436622,14.40.605,Frans Hals,Merrymakers at Shrovetide,ca. 1616–17,Oil on canvas,51 3/4 x 39 1/4 in. (131.4 x 99.7 cm),131.4,99.7,European Paintings,https://images.metmuseum.org/CRDImages/ep/original/DP145901.jpg
436623,91.26.9,Frans Hals,Portrait of a Man,early 1650s,Oil on canvas,43 1/2 x 34 in. (110.5 x 86.4 cm),110.5,86.4,European Paintings,https://images.metmuseum.org/CRDImages/ep/original/DP-44327-001.jpg
436624,91.26.10,Frans Hals,Portrait of a Woman,"ca. 1650, reworked probably 18th century",Oil on canvas,39 3/8 x 32 1/4 in. (100 x 81.9 cm),100.0,81.9,European Paintings,https://images.metmuseum.org/CRDImages/ep/original/DP143203.jpg
436625,89.15.34,Frans Hals,The Smoker,ca. 1623–25,Oil on wood,"Octagonal, 18 3/8 x 19 1/2 in. (46.7 x 49.5 cm)",46.7,49.5,European Paintings,https://images.metmuseum.org/CRDImages/ep/original/DP146499.jpg
436626,14.40.604,Frans Hals,Boy with a Lute,ca. 1625,Oil on canvas,28 3/8 x 23 1/4 in. (72.1 x 59.1 cm),72.1,59.1,European Paintings,https://images.metmuseum.org/CRDImages/ep/original/DP145900.jpg
436627,32.100.8,Frans Hals,Frans Hals (1582/83–1666),probably 1650s,Oil on wood,12 7/8 x 11 in. (32.7 x 27.9 cm),32.7,27.9,European Paintings,https://images.metmuseum.org/CRDImages/ep/original/DP251935.jpg
436628,71.76,Frans Hals,"Barbara Claes (died 1663, called “Malle Babbe”)",,Oil on canvas,29 1/2 x 24 in. (74.9 x 61 cm),74.9,61.0,European Paintings,https://images.metmuseum.org/CRDImages/ep/original/DP-44326-001.jpg
436630,89.15.27,Adriaen Hanneman,Portrait of a Woman,ca. 1653,Oil on canvas,31 1/2 x 25 in. (80 x 63.5 cm),80.0,63.5,European Paintings,https://images.metmuseum.org/CRDImages/ep/original/DP146498.jpg
436631,95.27.2,George Henry Harlow,Self-Portrait,,Oil on canvas,30 x 25 in. (76.2 x 63.5 cm),76.2,63.5,European Paintings,https://images.metmuseum.org/CRDImages/ep/original/DP170288.jpg
436633,95.14.52,Jacob Ritter von Hartmann,"Ali Pasha (born about 1741, died 1822)",1822,Ivory,"Oval, 4 1/8 x 3 1/4 in. (105 x 84 mm)",10.5,8.3,European Paintings,https://images.metmuseum.org/CRDImages/ep/original/ep95.14.52.R.jpg
436638,71.36,Maarten van Heemskerck,"Jacob Willemsz van Veen (1456–1535), the Artist's Father",1532,Oil on wood,20 1/2 x 13 3/4 in. (52.1 x 34.9 cm),52.1,34.9,European Paintings,https://images.metmuseum.org/CRDImages/ep/original/DP-38857-001.jpg
436639,41.191.3,Franz Napoleon Heigel,Henriette Sontag (1806–1854),ca. 1835,Ivory,"Oval, 2 7/8 x 2 3/8 in. (73 x 60 mm)",7.3,6.0,European Paintings,https://images.metmuseum.org/CRDImages/ep/original/DP-43808-001.jpg
436640,42.53.3,Josef Heigel,Lola Montez (1818–1861),,Ivory,"Oval, 2 1/2 x 2 1/8 in. (65 x 54 mm)",6.3,5.4,European Paintings,https://images.metmuseum.org/CRDImages/ep/original/ep42.53.3.R.jpg
436641,71.73,Bartholomeus van der Helst,Portrait of a Man,1647,Oil on wood,"Oval, 26 1/4 x 21 5/8 in. (66.7 x 54.9 cm)",66.7,54.9,European Paintings,https://images.metmuseum.org/CRDImages/ep/original/DP143191.jpg
436642,73.2,Bartholomeus van der Helst,The Musician,1662,Oil on canvas,54 1/2 x 43 3/4 in. (138.4 x 111.1 cm),138.4,111.1,European Paintings,https://images.metmuseum.org/CRDImages/ep/original/DP-18251-001.jpg
436643,71.155,Jan Sanders van Hemessen,The Calling of Saint Matthew,early 17th century,Oil on wood,43 7/8 x 59 1/2 in. (111.4 x 151.1 cm),111.4,151.1,European Paintings,https://images.metmuseum.org/CRDImages/ep/original/DT201070.jpg
436645,37.20.2,Jean-Jacques Henner,Young Woman Praying,,Oil on canvas,24 7/8 x 17 7/8 in. (63.2 x 45.4 cm),63.2,45.4,European Paintings,https://images.metmuseum.org/CRDImages/ep/original/DP-23287-001.jpg
436649,35.89.4,Nicholas Hilliard,"Portrait of a Young Man, Probably Robert Devereux (1566–1601), Second Earl of Essex",1588,Vellum laid on card,"Oval, 1 5/8 x 1 3/8 in. (40 x 33 mm)",4.1,3.5,European Paintings,https://images.metmuseum.org/CRDImages/ep/original/DP327706.jpg
436650,35.89.2,Nicholas Hilliard,Portrait of a Woman,1597,Vellum,"Oval, 1 7/8 x 1 1/2 in. (47 x 39 mm)",4.8,3.8,European Paintings,https://images.metmuseum.org/CRDImages/ep/original/DP327707.jpg
436651,32.100.311,Nicholas Hilliard,Portrait of a Woman,ca. 1590,Vellum laid on card,"Oval, 1 x 7/8 in. (27 x 22 mm)",2.5,2.2,European Paintings,https://images.metmuseum.org/CRDImages/ep/original/DP102154.jpg
436656,36.111,William Hogarth,The Wedding of Stephen Beckingham and Mary Cox,1729,Oil on canvas,50 1/2 x 40 1/2 in. (128.3 x 102.9 cm),128.3,102.9,European Paintings,https://images.metmuseum.org/CRDImages/ep/original/DP159333.jpg
436657,06.1038,Hans Holbein the Younger,"Benedikt von Hertenstein (born about 1495, died 1522)",1517,"Oil and gold on paper, laid down on wood",Overall 20 1/2 x 15 in. (52.4 x 38.1 cm); painted surface 20 3/8 x 14 5/8 in. (51.4 x 37.1 cm),52.070103,38.1,European Paintings,https://images.metmuseum.org/CRDImages/ep/original/DP280366.jpg
436658,50.135.4,Hans Holbein the Younger,Hermann von Wedigh III (died 1560),1532,Oil and gold on oak,"16 5/8 x 12 3/4 in. (42.2 x 32.4 cm), with added strip of 1/2 in. (1.3 cm) at bottom",42.2,32.4,European Paintings,https://images.metmuseum.org/CRDImages/ep/original/DP164836.jpg
436659,49.7.29,Hans Holbein the Younger,Derick Berck of Cologne,1536,"Oil on canvas, transferred from wood",21 x 16 3/4 in. (53.3 x 42.5 cm),53.3,42.5,European Paintings,https://images.metmuseum.org/CRDImages/ep/original/DP280854.jpg
436660,50.145.24,Hans Holbein the Younger,Portrait of a Man in Royal Livery,1532–35,"Oil and gold on parchment, laid down on linden","Overall, with engaged frame, diameter 5 in. (12.7 cm); painted surface diameter 3 3/4 in. (9.5 cm)",12.7,12.7,European Paintings,https://images.metmuseum.org/CRDImages/ep/original/DP280848.jpg
436661,50.69.1,Hans Holbein the Younger,William Roper (1493/94–1578),1535–36,Vellum laid on card,Diameter 1 3/4 in. (45 mm),4.4,4.4,European Paintings,https://images.metmuseum.org/CRDImages/ep/original/DP331437.jpg
436662,50.69.2,Hans Holbein the Younger,"Margaret Roper (Margaret More, 1505–1544)",1535–36,Vellum laid on playing card,Diameter 1 3/4 in. (45 mm),4.4,4.4,European Paintings,https://images.metmuseum.org/CRDImages/ep/original/DP331439.jpg
436663,25.205,Hans Holbein the Younger,"Thomas Wriothesley (1505–1550), First Earl of Southampton",ca. 1535,Vellum laid on card,"Irregular, cut down, 1 1/8 x 1 in. (28 x 25 mm)",2.9,2.5,European Paintings,https://images.metmuseum.org/CRDImages/ep/original/DP331436.jpg
436664,20.155.4,Hans Holbein the Younger,"Lady Guildford (Mary Wotton, 1499–1558)",,Oil and gold on oak,32 1/8 x 26 1/8 in. (81.6 x 66.4 cm),81.6,66.4,European Paintings,https://images.metmuseum.org/CRDImages/ep/original/DP164800.jpg
436665,14.40.637,Hans Holbein the Younger,"Lady Lee (Margaret Wyatt, born about 1509)",early 1540s,Oil and gold on oak,17 3/8 × 13 3/8 in. (44.1 × 34 cm),44.132587,33.97257,European Paintings,https://images.metmuseum.org/CRDImages/ep/original/DP349558.jpg
436666,62.122.109,Hans Holbein the Younger,"Portrait of a Man, Said to Be Arnold Franz",,Vellum laid on card,Diameter 2 1/8 in. (53 mm),5.4,5.4,European Paintings,https://images.metmuseum.org/CRDImages/ep/original/ep62.122.109.R.jpg
436667,49.7.30,Hans Holbein the Younger,Portrait of a Young Woman,ca. 1540–45,Oil and gold on oak,11 1/8 x 9 1/8 in. (28.3 x 23.2 cm),28.3,23.2,European Paintings,https://images.metmuseum.org/CRDImages/ep/original/DP280856.jpg
436668,49.7.28,Hans Holbein the Younger,Portrait of a Man (Sir Ralph Sadler?),1535,Oil and gold on oak,Diameter 12 in. (30.5 cm),30.5,30.5,European Paintings,https://images.metmuseum.org/CRDImages/ep/original/DP278970.jpg
436669,14.40.646,Hans Holbein the Younger,"Lady Rich (Elizabeth Jenks, died 1558)",ca. 1540,Oil and gold on oak,17 1/2 x 13 3/8 in. (44.5 x 34 cm),44.5,34.0,European Paintings,https://images.metmuseum.org/CRDImages/ep/original/DP280377.jpg
436672,1974.368,Abraham Hondius,Christ among the Doctors,1668,Oil on wood,15 x 19 1/2 in. (38.1 x 49.5 cm),38.1,49.5,European Paintings,https://images.metmuseum.org/CRDImages/ep/original/DP147792.jpg
436675,14.40.613,Pieter de Hooch,Interior with a Young Couple,probably ca. 1662–65,Oil on canvas,21 5/8 x 24 3/4 in. (54.9 x 62.9 cm),54.9,62.9,European Paintings,https://images.metmuseum.org/CRDImages/ep/original/DP145906.jpg
436677,58.144,Pieter de Hooch,Paying the Hostess,ca. 1670,Oil on canvas,37 1/4 x 43 3/4 in. (94.6 x 111.1 cm),94.6,111.1,European Paintings,https://images.metmuseum.org/CRDImages/ep/original/DP145406.jpg
436678,29.100.7,Pieter de Hooch,The Visit,ca. 1657,Oil on wood,26 3/4 x 23 in. (67.9 x 58.4 cm),67.9,58.4,European Paintings,https://images.metmuseum.org/CRDImages/ep/original/DP145400.jpg
436679,1976.100.25,Pieter de Hooch,A Woman and Two Men in an Arbor,ca. 1657–58,Oil on wood,Overall 17 3/8 x 14 3/4 in. (44.1 x 37.5 cm); painted surface 17 x 14 3/8 in. (43.2 x 36.5 cm),44.1,37.5,European Paintings,https://images.metmuseum.org/CRDImages/ep/original/DP143213.jpg
436680,1992.133,Samuel van Hoogstraten,The Annunciation of the Death of the Virgin,ca. 1670,Oil on canvas,26 x 20 3/4 in. (66 x 52.7 cm),66.0,52.7,European Paintings,https://images.metmuseum.org/CRDImages/ep/original/DP145953.jpg
436683,59.189.3,John Hoppner,Lady Hester King (died 1873),probably 1805,Oil on canvas,30 x 25 in. (76.2 x 63.5 cm),76.2,63.5,European Paintings,https://images.metmuseum.org/CRDImages/ep/original/DP167134.jpg
436684,46.13.3,John Hoppner,Major Thomas Pechell (1753–1826),1799,Oil on canvas,30 x 24 7/8 in. (76.2 x 63.2 cm),76.2,63.2,European Paintings,https://images.metmuseum.org/CRDImages/ep/original/DP162152.jpg
436685,15.30.41,John Hoppner,"Mrs. John Garden (Ann Garden, 1769–1842) and Her Children, John (1796–1854) and Ann Margaret (born 1793)",1796 or 1797,Oil on canvas,50 1/8 x 39 7/8 in. (127.3 x 101.3 cm),127.3,101.3,European Paintings,https://images.metmuseum.org/CRDImages/ep/original/DP164786.jpg
436686,01.20,John Hoppner,"Mrs. Richard Bache (Sarah Franklin, 1743–1808)",1793,Oil on canvas,30 1/8 x 24 7/8 in. (76.5 x 63.2 cm),76.5,63.2,European Paintings,https://images.metmuseum.org/CRDImages/ep/original/DP162138.jpg
436687,65.203,John Hoppner,"Mrs. Richard Brinsley Sheridan (Hester Jane Ogle, 1775/76–1817) and Her Son (Charles Brinsley Sheridan, 1796–1843)",,Oil on canvas,93 3/4 x 59 in. (238.1 x 149.9 cm),238.1,149.9,European Paintings,https://images.metmuseum.org/CRDImages/ep/original/DP-30722-001.jpg
436688,46.13.4,John Hoppner,"Mrs. Thomas Pechell (Charlotte Clavering, died 1841)",1799,Oil on canvas,30 x 25 in. (76.2 x 63.5 cm),76.2,63.5,European Paintings,https://images.metmuseum.org/CRDImages/ep/original/DP162153.jpg
436689,47.138,George Chinnery,"Mrs. Whaley (died 1798, Isle of Man)",,Oil on canvas,93 1/2 x 58 in. (237.5 x 147.3 cm),237.5,147.3,European Paintings,https://images.metmuseum.org/CRDImages/ep/original/DP169992.jpg
436690,06.1242,John Hoppner,"Portrait of a Woman; (reverse, now covered by relining canvas) Study of a Child's Head",1790s,Oil on canvas,30 x 24 7/8 in. (76.2 x 63.2 cm),76.2,63.2,European Paintings,https://images.metmuseum.org/CRDImages/ep/original/DP162141.jpg
436691,53.113,John Hoppner,"Richard Humphreys, the Boxer",,Oil on canvas,55 3/4 x 44 1/4 in. (141.6 x 112.4 cm),141.6,112.4,European Paintings,https://images.metmuseum.org/CRDImages/ep/original/DP167133.jpg
436692,53.59.3,John Hoppner,The Sackville Children,1796,Oil on canvas,60 x 49 in. (152.4 x 124.5 cm),152.4,124.5,European Paintings,https://images.metmuseum.org/CRDImages/ep/original/DP169219.jpg
436693,32.75.4,Peter Jacob Horemans,A Musical Gathering at the Court of the Elector Karl Albrecht of Bavaria,1730,Oil on canvas,34 1/2 x 42 in. (87.6 x 106.7 cm),87.6,106.7,European Paintings,https://images.metmuseum.org/CRDImages/ep/original/DP-22706-001.jpg
436694,24.80.505,John Hoskins,Endymion Porter (1587–1649),ca. 1630,Vellum,"Oval, 3 1/8 x 2 5/8 in. (80 x 66 mm)",7.9,6.7,European Paintings,https://images.metmuseum.org/CRDImages/ep/original/DP327708.jpg
436695,62.122.22,John Hoskins,"Portrait of a Man, Said to Be Philip Wharton (1613–1696), Fourth Baron Wharton",1648,Vellum on prepared card,"Oval, 2 3/4 x 2 1/4 in. (69 x 56 mm)",7.0,5.7,European Paintings,https://images.metmuseum.org/CRDImages/ep/original/DP327709.jpg
436696,35.89.3,John Hoskins,"Dr. Brian Walton (born about 1600, died 1661)",1657,Vellum laid on card,"Oval, 2 3/4 x 2 1/4 in. (72 x 58 mm)",7.0,5.7,European Paintings,https://images.metmuseum.org/CRDImages/ep/original/DP327710.jpg
436702,15.133,Pieter Huys,The Temptation of Saint Anthony,,Oil on oak,43 x 59 in. (109.2 x 149.9 cm),109.2,149.9,European Paintings,https://images.metmuseum.org/CRDImages/ep/original/DP-16063-001.jpg
436703,19.77.2,Jean Auguste Dominique Ingres,"Madame Jacques-Louis Leblanc (Françoise Poncelle, 1788–1839)",1823,Oil on canvas,47 x 36 1/2 in. (119.4 x 92.7 cm),119.4,92.7,European Paintings,https://images.metmuseum.org/CRDImages/ep/original/DT1926.jpg
436704,43.85.2,Jean Auguste Dominique Ingres,Edmond Cavé (1794–1852),1844,Oil on canvas,16 x 12 7/8 in. (40.6 x 32.7 cm),40.6,32.7,European Paintings,https://images.metmuseum.org/CRDImages/ep/original/DT1996.jpg
436705,1985.118,Jean Auguste Dominique Ingres,Head of Saint John the Evangelist,probably ca. 1818–20,"Oil on canvas, laid down on wood",15 1/2 x 10 5/8 in. (39.4 x 27 cm),39.4,27.0,European Paintings,https://images.metmuseum.org/CRDImages/ep/original/DT1997.jpg
436706,19.77.1,Jean Auguste Dominique Ingres,Jacques-Louis Leblanc (1774–1846),1823,Oil on canvas,47 5/8 x 37 5/8 in. (121 x 95.6 cm),121.0,95.6,European Paintings,https://images.metmuseum.org/CRDImages/ep/original/DT403.jpg
436708,38.65,Jean Auguste Dominique Ingres,Odalisque in Grisaille,ca. 1824–34,Oil on canvas,32 3/4 x 43 in. (83.2 x 109.2 cm),83.2,109.2,European Paintings,https://images.metmuseum.org/CRDImages/ep/original/DP-13728-001.jpg
436709,43.85.1,Laurence-Augustine Jubé Héquet (Madame Héquet),Ingres (1780–1867) as a Young Man,ca. 1850–60,Oil on canvas,34 x 27 1/ 2 in. (86.4 x 69.9 cm),86.4,69.9,European Paintings,https://images.metmuseum.org/CRDImages/ep/original/DT1307.jpg
436711,62.122.88,Jean-Baptiste Isabey,Portrait of a Woman,ca. 1795,Ivory,Diameter 2 7/8 in. (73 mm),7.3,7.3,European Paintings,https://images.metmuseum.org/CRDImages/ep/original/DP327728.jpg
436714,47.33.3,Jean-Baptiste Isabey,Napoléon I (1769–1821),1810,Ivory,"Oval, 2 x 1 1/8 in. (50 x 30 mm)",5.1,2.9,European Paintings,https://images.metmuseum.org/CRDImages/ep/original/ep47.33.3.R.jpg
436715,42.53.5,Jean-Baptiste Isabey,Napoléon I (1769–1821),1812,Ivory,"Oval, 2 1/4 x 1 3/8 in. (56 x 36 mm)",5.7,3.5,European Paintings,https://images.metmuseum.org/CRDImages/ep/original/DP327729.jpg
436717,08.60,Jean-Baptiste Isabey,"Mrs. Rufus Prime (Augusta Temple Palmer, 1807–1840)",1828,Card,"Oval, 5 3/8 x 4 in. (138 x 102 mm)",13.7,10.2,European Paintings,https://images.metmuseum.org/CRDImages/ep/original/DT374621.jpg
436720,26.168.60,Jean-Baptiste Isabey,Napoléon I (1769–1821),,Ivory,"Oval, 2 3/4 x 2 in. (70 x 50 mm)",7.0,5.1,European Paintings,https://images.metmuseum.org/CRDImages/ep/original/DP-43802-001.jpg
436721,04.32,Adriaen Isenbrant,"Christ Crowned with Thorns (Ecce Homo), and the Mourning Virgin (Mater Dolorosa)",ca. 1530–40,"Oil on canvas, transferred from wood",41 1/2 x 36 1/2 in. (105.4 x 92.7 cm),105.4,92.7,European Paintings,https://images.metmuseum.org/CRDImages/ep/original/DP-26164-001.jpg
436722,32.100.36,Adriaen Isenbrant,Man Weighing Gold,ca. 1515–20,Oil on wood,"20 x 12 in. (50.8 x 30.5 cm), with added strips of 1 3/4 in. (4.5 cm) at left and right",50.8,30.5,European Paintings,https://images.metmuseum.org/CRDImages/ep/original/DP-18296-017.jpg
436723,13.32a–c,Adriaen Isenbrant,The Life of the Virgin,after 1521,Oil on wood,"Central panel, overall, with engaged frame, 12 3/8 x 10 1/8 in. (31.4 x 25.7 cm), painted surface 9 1/8 x 6 7/8 in. (23.2 x 17.5 cm); each wing, overall, with engaged frame, 12 3/8 x 5 in. (31.4 x 12.7 cm), painted surface 10 3/4 x 3 1/2 in. (27.3 x 8.9 cm)",31.4,25.7,European Paintings,https://images.metmuseum.org/CRDImages/ep/original/DT12055.jpg
436724,87.8.13,Jozef Israëls,Expectation,,Oil on canvas,71 1/2 x 54 in. (181.6 x 137.2 cm),181.6,137.2,European Paintings,https://images.metmuseum.org/CRDImages/ep/original/ep87.8.13.R.jpg
436727,08.133,Nicola di Maestro Antonio d'Ancona,Scenes from the Life of King Nebuchadnezzar,,"Tempera on wood, embossed and gilt ornament","Overall, with engaged frame, 24 3/8 x 69 1/8 in. (61.9 x 175.6 cm); painted surface, left 12 7/8 x 14 5/8 in. (32.7 x 37.1 cm), center 12 3/4 x 14 3/4 in. (32.4 x 37.5 cm), right 12 3/4 x 141/2 in. (32.4 x 36.8 cm)",61.9,175.6,European Paintings,https://images.metmuseum.org/CRDImages/ep/original/DP201412.jpg
436732,41.100.21,Master of the Magdalen,Madonna and Child Enthroned,,"Tempera on wood, gold ground",60 1/2 x 36 in. (153.7 x 91.4 cm),153.7,91.4,European Paintings,https://images.metmuseum.org/CRDImages/ep/original/DP243041.jpg
436739,32.100.66,"Italian (Florentine) Painter (possibly Jacopo Zucchi, Florence 1541–1590 Rome)",Portrait of a Woman,mid-16th century,Oil on wood,38 1/2 x 30 in. (97.8 x 76.2 cm),97.8,76.2,European Paintings,https://images.metmuseum.org/CRDImages/ep/original/DP104987.jpg
436741,91.26.2,Italian (Lombard) Painter,Portrait of a Man in a Fur-Trimmed Coat,,Oil on canvas,38 3/8 x 29 1/2 in. (97.5 x 74.9 cm),97.5,74.9,European Paintings,https://images.metmuseum.org/CRDImages/ep/original/DP-18513-001.jpg
436745,1971.115.1ab,North Italian Painter (Verona?),Two Angels,ca. 1330,Fresco,(a) 23 3/8 x 31 1/2 in. (59.4 x 80 cm); (b) 23 1/2 x 31 1/2 in. (59.7 x 80 cm),59.4,80.0,European Paintings,https://images.metmuseum.org/CRDImages/ep/original/DT11327.jpg
436749,32.100.101,Lucia Anguissola,Portrait of a Man,ca. 1560,Oil on copper,Diameter: 4 7/8 in. (12.4 cm),12.4,12.4,European Paintings,https://images.metmuseum.org/CRDImages/ep/original/EP483.jpg
436751,1982.60.2,Italian (Pisan) Painter,Madonna and Child with Saints Michael and John the Baptist; The Noli Me Tangere; The Conversion of Saint Paul,,"Tempera on wood, gold ground","Overall, with additions, 18 x 11 5/8 in. (45.7 x 29.5 cm); without additions 17 1/2 x 11 in. (44.5 x 27.9 cm); painted surface 17 1/4 x 10 7/8 in. (43.8 x 27.6 cm)",45.7,29.5,European Paintings,https://images.metmuseum.org/CRDImages/ep/original/DT8825.jpg
436757,10.203.3,Italian (Sienese) Painter,Book Cover,,Tempera on wood,16 1/8 x 9 3/4 in. (41 x 24.8 cm),41.0,24.8,European Paintings,https://images.metmuseum.org/CRDImages/ep/original/DT273241.jpg
436759,47.143,Italian (Florentine or Paduan) Painter (Cheyo da Firenze?),Madonna and Child,,"Tempera on wood, gold ground",24 1/4 x 16 1/2 in. (61.5 x 41.9 cm),61.6,41.9,European Paintings,https://images.metmuseum.org/CRDImages/ep/original/DP341174.jpg
436761,1982.177.1–3,Italian (Umbrian) Painter,"The Theological Virtues: Faith, Charity, Hope",,Tempera and gold on wood,(1) 29 1/8 x 17 7/8 in. (74 x 45.4 cm); (2) 29 1/8 x 18 in. (74 x 45.7 cm); (3) 29 1/8 x 18 in. (74 x 45.7 cm),74.0,45.4,European Paintings,https://images.metmuseum.org/CRDImages/ep/original/DT7353.jpg
436765,68.156,Italian (Venetian) Painter,A Patrician Couple,,Ivory,"Inside lid and bottom of ivory box, 3 x 2 1/4 in. (77 x 55 mm) and 2 7/8 x 2 1/8 in. (73 x 53 mm)",7.6,5.7,European Paintings,https://images.metmuseum.org/CRDImages/ep/original/DP-40813-001.jpg
436767,09.104,Franceschino Zavattari,The Life of Christ,,"Tempera on wood, gold ground","Central panel, overall, with engaged frame, 24 1/8 x 16 3/4 in. (61.3 x 42.5 cm), painted surface 20 5/8 x 14 3/4 in. (52.4 x 37.5 cm); left wing, overall, with engaged frame, 23 3/8 x 8 1/4 in. (59.4 x 21 cm), painted surface 21 1/2 x 6 1/2 in. (54.6 x 16.5 cm); right wing, overall, with engaged frame, 23 3/8 x 8 1/4 in. (59.4 x 21 cm), painted surface 21 1/2 x 6 1/4 in. (54.6 x 15.9 cm)",61.3,42.5,European Paintings,https://images.metmuseum.org/CRDImages/ep/original/DP228761.jpg
436769,49.7.3,Jacometto (Jacometto Veneziano),Portrait of a Young Man,1480s,Oil on wood,11 x 8 1/4 in. (27.9 x 21 cm),27.9,21.0,European Paintings,https://images.metmuseum.org/CRDImages/ep/original/DP243725.jpg
436771,1977.384.1,Daniele da Volterra,Michelangelo Buonarroti (1475–1564),probably ca. 1545,Oil on wood,34 3/4 x 25 1/4 in. (88.3 x 64.1 cm),88.3,64.1,European Paintings,https://images.metmuseum.org/CRDImages/ep/original/DP312760.jpg
436772,97.40,Charles Jacque,The Sheepfold,1857,Oil on wood,18 1/8 x 36 1/8 in. (46 x 91.8 cm),46.0,91.8,European Paintings,https://images.metmuseum.org/CRDImages/ep/original/DP-22553-001.jpg
436776,1971.101,Abraham Janssen van Nuyssen,The Dead Christ in the Tomb with Two Angels,ca. 1610,Oil on canvas,45 3/8 x 58 in. (115.3 x 147.3 cm),115.3,147.3,European Paintings,https://images.metmuseum.org/CRDImages/ep/original/EP648.jpg
436781,1982.60.22,Jan Joest of Kalkar,The Adoration of the Christ Child,,Oil on wood,Overall 41 x 28 1/4 in. (104.1 x 71.8 cm); painted surface 41 x 27 5/8 in. (104.1 x 70.2 cm),104.1,71.8,European Paintings,https://images.metmuseum.org/CRDImages/ep/original/DT8852.jpg
436784,20.155.5,Ludolf de Jongh,Scene in a Courtyard,early 1660s,Oil on canvas,26 1/2 x 32 3/8 in. (67.3 x 82.2 cm),67.3,82.2,European Paintings,https://images.metmuseum.org/CRDImages/ep/original/DP146448.jpg
436788,57.30.1,Cornelis Jonson van Ceulen the Elder,Portrait of a Man,1648,Oil on canvas,Overall 40 3/4 x 31 1/2 in. (103.5 x 80 cm); painted surface 40 3/4 x 31 1/8 in. (103.5 x 79.1 cm),103.5,80.0,European Paintings,https://images.metmuseum.org/CRDImages/ep/original/DP143179.jpg
436789,57.30.2,Cornelis Jonson van Ceulen the Elder,Portrait of a Woman,1648,Oil on canvas,Overall 40 3/4 x 31 1/2 in. (103.5 x 80 cm); painted surface 40 3/4 x 30 7/8 in. (103.5 x 78.4 cm),103.5,80.0,European Paintings,https://images.metmuseum.org/CRDImages/ep/original/DP147901.jpg
436790,41.116.3,Cornelis Jonson van Ceulen the Younger,Portrait of a Man with a Watch,1657,Oil on canvas,33 x 27 3/4 in. (83.8 x 70.5 cm),83.8,70.5,European Paintings,https://images.metmuseum.org/CRDImages/ep/original/DP143177.jpg
436791,32.100.60,Joos van Cleve,The Annunciation,ca. 1525,Oil on wood,34 x 31 1/2 in. (86.4 x 80 cm),86.4,80.0,European Paintings,https://images.metmuseum.org/CRDImages/ep/original/DP-19433-001.jpg
436792,41.190.20a–c,Joos van Cleve,The Crucifixion with Saints and a Donor,ca. 1520,Oil on wood,"Shaped top: central panel, painted surface 38 3/4 x 29 1/4 in. (98.4 x 74.3 cm); each wing, painted surface 39 3/4 x 12 7/8 in. (101 x 32.7 cm)",98.4,74.3,European Paintings,https://images.metmuseum.org/CRDImages/ep/original/DT1467.jpg
436793,32.100.57,Joos van Cleve,The Holy Family,ca. 1512–13,Oil on wood,16 3/4 x 12 1/2 in. (42.5 x 31.8 cm),42.5,31.8,European Paintings,https://images.metmuseum.org/CRDImages/ep/original/DP-25890-001.jpg
436794,40.174.1,Joos van Cleve,The Last Judgment,ca. 1525–30,Oil on wood,48 3/4 x 34 in. (123.8 x 86.4 cm),123.8,86.4,European Paintings,https://images.metmuseum.org/CRDImages/ep/original/DP-26502-001.jpg
436795,1982.60.47,Joos van Cleve,Virgin and Child,ca. 1525,Oil on wood,Overall 28 3/8 x 21 1/4 in. (72.1 x 54 cm); painted surface 27 3/4 x 20 3/4 in. (70.5 x 52.7 cm),72.1,54.0,European Paintings,https://images.metmuseum.org/CRDImages/ep/original/DT7241.jpg
436796,32.100.120,Joos van Cleve,"Francis I (1494–1547), King of France",,"Oil on canvas, transferred from wood",16 x 12 7/8 in. (40.6 x 32.7 cm),40.6,32.7,European Paintings,https://images.metmuseum.org/CRDImages/ep/original/DP350013.jpg
436797,41.190.19,Joos van Cleve,The Holy Family,ca. 1525,Oil on wood,20 3/8 x 14 5/8 in. (51.8 x 37.1 cm),51.8,37.1,European Paintings,https://images.metmuseum.org/CRDImages/ep/original/DT243291.jpg
436798,67.187.76,Jacob Jordaens,The Holy Family with Shepherds,1616,"Oil on canvas, transferred from wood",42 x 30 in. (106.7 x 76.2 cm),106.7,76.2,European Paintings,https://images.metmuseum.org/CRDImages/ep/original/DP-15761-001.jpg
436799,71.11,Jacob Jordaens,The Holy Family with Saint Anne and the Young Baptist and His Parents,early 1620s and 1650s,Oil on wood,66 7/8 x 59 in. (169.9 x 149.9 cm),169.9,149.9,European Paintings,https://images.metmuseum.org/CRDImages/ep/original/ep71.11.R.jpg
436801,1982.60.20,Juan de Flandes,The Marriage Feast at Cana,ca. 1497,Oil on wood,8 1/4 x 6 1/4 in. (21 x 15.9 cm),21.0,15.9,European Paintings,https://images.metmuseum.org/CRDImages/ep/original/DT1459.jpg
436802,58.132,Juan de Flandes,Saints Michael and Francis,ca. 1505–9,"Oil on wood, gold ground","Overall, with added strips at right and bottom, 36 7/8 x 34 1/4 in. (93.7 x 87 cm); painted surface 35 3/8 x 32 3/4 in. (89.9 x 83.2 cm)",93.7,87.0,European Paintings,https://images.metmuseum.org/CRDImages/ep/original/DP-18296-027.jpg
436803,41.190.21,Joos van Wassenhove,The Adoration of the Magi,1472–74,Distemper on canvas,43 x 63 in. (109.2 x 160 cm),109.2,160.0,European Paintings,https://images.metmuseum.org/CRDImages/ep/original/DP-16339-001.jpg
436806,71.69,Willem Kalf,Interior of a Kitchen,ca. 1642–44,Oil on wood,10 1/2 x 12 1/2 in. (26.7 x 31.8 cm),26.7,31.8,European Paintings,https://images.metmuseum.org/CRDImages/ep/original/DP143189.jpg
436808,59.189.2,Angelica Kauffmann,"Edward Smith Stanley (1752–1834), Twelfth Earl of Derby, Elizabeth, Countess of Derby (Lady Elizabeth Hamilton, 1753–1797), and Their Son (Edward Smith Stanley, 1775–1851)",ca. 1776,Oil on canvas,50 x 40 in. (127 x 101.6 cm),127.0,101.6,European Paintings,https://images.metmuseum.org/CRDImages/ep/original/DP169403.jpg
436809,25.110.187,Angelica Kauffmann,The Sorrow of Telemachus,1783,Oil on canvas,32 3/4 x 45 in. (83.2 x 114.3 cm),83.2,114.3,European Paintings,https://images.metmuseum.org/CRDImages/ep/original/DP169392.jpg
436810,25.110.188,Angelica Kauffmann,Telemachus and the Nymphs of Calypso,1782,Oil on canvas,32 1/2 x 44 1/4 in. (82.6 x 112.4 cm),82.6,112.4,European Paintings,https://images.metmuseum.org/CRDImages/ep/original/DP169393.jpg
436816,1971.115.2,Bernhard Keil,The Lacemaker,ca. 1665,Oil on canvas,28 1/4 x 38 1/4 in. (71.8 x 97.2 cm),71.8,97.2,European Paintings,https://images.metmuseum.org/CRDImages/ep/original/DP-20394-001.jpg
436818,64.65.4,Thomas de Keyser,A Musician and His Daughter,1629,Oil on wood,29 1/2 x 20 3/4 in. (74.9 x 52.7 cm),74.9,52.7,European Paintings,https://images.metmuseum.org/CRDImages/ep/original/DP145937.jpg
436819,64.148,Gustav Klimt,Mäda Primavesi (1903–2000),1912–13,Oil on canvas,59 x 43 1/2 in. (149.9 x 110.5 cm),149.9,110.5,European Paintings,https://images.metmuseum.org/CRDImages/ep/original/DP243354.jpg
436820,1980.412,Gustav Klimt,Serena Pulitzer Lederer (1867–1943),1899,Oil on canvas,75 1/8 x 33 5/8 in. (190.8 x 85.4 cm),190.8,85.4,European Paintings,https://images.metmuseum.org/CRDImages/ep/original/DP-18885-001.jpg
436821,91.26.1,Thomas Frye,Girl Building a House of Cards,mid-18th century,Oil on canvas,30 1/8 x 25 1/4 in. (76.5 x 64.1 cm),76.5,64.1,European Paintings,https://images.metmuseum.org/CRDImages/ep/original/DP162173.jpg
436823,39.65.8,Sir Godfrey Kneller,"Charles Beauclerk (1670–1726), Duke of St. Albans",ca. 1690–95,Oil on canvas,49 7/8 x 40 1/2 in. (126.7 x 102.9 cm),126.7,102.9,European Paintings,https://images.metmuseum.org/CRDImages/ep/original/DP169383.jpg
436824,96.30.6,Sir Godfrey Kneller,Lady Mary Berkeley,ca. 1700,Oil on canvas,29 x 25 in. (73.7 x 63.5 cm),73.7,63.5,European Paintings,https://images.metmuseum.org/CRDImages/ep/original/DP167136.jpg
436825,1990.233,Christen Købke,"Valdemar Hjartvar Købke (1813–1893), the Artist's Brother",ca. 1838,Oil on canvas,21 1/8 x 18 1/4 in. (53.7 x 46.4 cm),53.7,46.4,European Paintings,https://images.metmuseum.org/CRDImages/ep/original/DT6486.jpg
436829,81.1.662,Wilhelm (Guillaume) Koller,Hugo van der Goes Making a Portrait of Mary of Burgundy,ca. 1872,Oil on wood,23 3/8 x 34 in. (59.4 x 86.4 cm),59.4,86.4,European Paintings,https://images.metmuseum.org/CRDImages/ep/original/DP-19421-001.jpg
436834,17.190.21,Hans Süss von Kulmbach,Portrait of a Young Man; (reverse) Girl Making a Garland,ca. 1508,Oil on poplar,7 x 5 1/2 in. (17.8 x 14 cm),17.8,14.0,European Paintings,https://images.metmuseum.org/CRDImages/ep/original/DP164793.jpg
436835,21.84,Hans Süss von Kulmbach,The Ascension of Christ,1513,Oil on fir,Overall 24 1/4 x 15 in. (61.5 x 38.1 cm); painted surface 24 1/4 x 14 1/8 in. (61.5 x 35.9 cm),61.6,38.1,European Paintings,https://images.metmuseum.org/CRDImages/ep/original/DP-17612-001.jpg
436837,07.225.258,Jacques de La Joue the Younger,Allegory of Winter,,Oil on canvas,"Irregular, 39 1/4 x 41 5/8 in. (99.7 x 105.7 cm)",99.7,105.7,European Paintings,https://images.metmuseum.org/CRDImages/ep/original/DP356144.jpg
436838,60.30,Georges de La Tour,The Fortune-Teller,probably 1630s,Oil on canvas,40 1/8 x 48 5/8 in. (101.9 x 123.5 cm),101.9,123.5,European Paintings,https://images.metmuseum.org/CRDImages/ep/original/DP-14286-015.jpg
436840,53.225.5,Adélaïde Labille-Guiard,"Self-Portrait with Two Pupils, Marie Gabrielle Capet (1761–1818) and Marie Marguerite Carraux de Rosemond (1765–1788)",1785,Oil on canvas,83 x 59 1/2 in. (210.8 x 151.1 cm),210.8,151.1,European Paintings,https://images.metmuseum.org/CRDImages/ep/original/DP320103.jpg
436843,43.118,Gerard de Lairesse,Apollo and Aurora,1671,Oil on canvas,80 1/2 x 76 1/8 in. (204.5 x 193.4 cm),204.5,193.4,European Paintings,https://images.metmuseum.org/CRDImages/ep/original/DP145403.jpg
436845,1990.75,Sir Edwin Henry Landseer,"Copy after Rubens's ""Wolf and Fox Hunt""",ca. 1824–26,Oil on wood,16 x 23 7/8 in. (40.6 x 60.6 cm),40.6,60.6,European Paintings,https://images.metmuseum.org/CRDImages/ep/original/DP164869.jpg
436846,03.37.2,Nicolas de Largillierre (or Largillière),Portrait of a Woman and an Enslaved Servant,1696,Oil on canvas,55 x 42 in. (139.7 x 106.7 cm),139.7,106.7,European Paintings,https://images.metmuseum.org/CRDImages/ep/original/DP312828.jpg
436847,1973.311.4,Nicolas de Largillierre (or Largillière),André François Alloys de Theys d'Herculais (1692–1779),1727,Oil on canvas,54 1/4 x 41 1/2 in. (137.8 x 105.4 cm),137.8,105.4,European Paintings,https://images.metmuseum.org/CRDImages/ep/original/DP112060.jpg
436848,25.106.16,Jean Antoine Laurent,Portrait of a Young Woman,ca. 1795,Ivory,"Octagonal, 2 3/8 x 2 7/8 in. (63 x 73 mm)",6.0,7.3,European Paintings,https://images.metmuseum.org/CRDImages/ep/original/DP327722.jpg
436850,25.110.1,Sir Thomas Lawrence,"The Calmady Children (Emily, 1818–?1906, and Laura Anne, 1820–1894)",1823,Oil on canvas,30 7/8 x 30 1/8 in. (78.4 x 76.5 cm),78.4,76.5,European Paintings,https://images.metmuseum.org/CRDImages/ep/original/DP162148.jpg
436851,50.135.5,Sir Thomas Lawrence,"Elizabeth Farren (born about 1759, died 1829), Later Countess of Derby",1790,Oil on canvas,94 in. × 57 1/2 in. (238.8 × 146.1 cm),238.8,146.1,European Paintings,https://images.metmuseum.org/CRDImages/ep/original/DP169218.jpg
436852,65.181.9,Sir Thomas Lawrence,John Julius Angerstein (1736–1823),,Oil on canvas,36 x 28 in. (91.4 x 71.1 cm),91.4,71.1,European Paintings,https://images.metmuseum.org/CRDImages/ep/original/DP162165.jpg
436853,55.89,Sir Thomas Lawrence,Lady Maria Conyngham (died 1843),ca. 1824–25,Oil on canvas,36 1/4 x 28 1/4 in. (92.1 x 71.8 cm),92.1,71.8,European Paintings,https://images.metmuseum.org/CRDImages/ep/original/DP162160.jpg
436855,26.168.9,Etienne Charles Le Guay,Portrait of a Woman,ca. 1800,Ivory,"Oval, 3 1/2 x 3 in. (90 x 75 mm)",8.9,7.6,European Paintings,https://images.metmuseum.org/CRDImages/ep/original/DP327727.jpg
436858,1984.342,Eustache Le Sueur,The Rape of Tamar,probably ca. 1640,Oil on canvas,74 1/2 x 63 1/2 in. (189.2 x 161.3 cm),189.2,161.3,European Paintings,https://images.metmuseum.org/CRDImages/ep/original/DT7839.jpg
436861,34.83.2,Andreas Altomonte,A Masked Ball in Bohemia,ca. 1748,Oil on canvas,19 x 38 in. (48.3 x 96.5 cm),48.3,96.5,European Paintings,https://images.metmuseum.org/CRDImages/ep/original/DP170809.jpg
436862,1972.145.11,Jeanne Philiberte Ledoux,Portrait of a Man,ca. 1790,Ivory,Diameter 2 1/4 in. (57 mm),5.7,5.7,European Paintings,https://images.metmuseum.org/CRDImages/ep/original/DP327723.jpg
436865,33.136.13,Thomas Lefebure,Vertumnus and Pomona,1676,Paper,"Image exclusive of gold rim and dark brown border, 6 3/4 x 5 in. (172 x 126 mm)",17.1,12.7,European Paintings,https://images.metmuseum.org/CRDImages/ep/original/DP-40804-001.jpg
436867,16.148.1,Wilhelm Leibl,Peasant Girl with a White Headcloth,1885,Oil on canvas,9 7/8 x 9 1/8 in. (25.1 x 23.2 cm),25.1,23.2,European Paintings,https://images.metmuseum.org/CRDImages/ep/original/DP-23431-001.jpg
436868,87.15.79,"Frederic, Lord Leighton",Lucia,possibly late 1870s,Oil on canvas,14 7/8 x 10 in. (37.8 x 25.4 cm),37.8,25.4,European Paintings,https://images.metmuseum.org/CRDImages/ep/original/DP164848.jpg
436870,87.15.90,Alexandre-Louis Leloir,Choosing the Dinner,1872,Oil on canvas,12 1/4 x 18 3/8 in. (31.1 x 46.7 cm),31.1,46.7,European Paintings,https://images.metmuseum.org/CRDImages/ep/original/DP-23546-001.jpg
436871,39.65.3,Sir Peter Lely (Pieter van der Faes),"Mary Capel (1630–1715), Later Duchess of Beaufort, and Her Sister Elizabeth (1633–1678), Countess of Carnarvon",,Oil on canvas,51 1/4 x 67 in. (130.2 x 170.2 cm),130.2,170.2,European Paintings,https://images.metmuseum.org/CRDImages/ep/original/DP169633.jpg
436872,06.1198,Sir Peter Lely (Pieter van der Faes),Study for a Portrait of a Woman,1670s,Oil on canvas,26 1/2 x 21 1/8 in. (67.3 x 53.7 cm),67.3,53.7,European Paintings,https://images.metmuseum.org/CRDImages/ep/original/DP143151.jpg
436873,39.65.6,Sir Peter Lely (Pieter van der Faes),Sir Henry Capel (1638–1696),,Oil on canvas,49 3/4 x 40 1/2 in. (126.4 x 102.9 cm),126.4,102.9,European Paintings,https://images.metmuseum.org/CRDImages/ep/original/DP169635.jpg
436874,39.65.9,Sir Peter Lely,"Barbara Villiers (1640–1709), Duchess of Cleveland",,Oil on canvas,89 x 54 in. (226.1 x 137.2 cm),226.1,137.2,European Paintings,https://images.metmuseum.org/CRDImages/ep/original/DP169637.jpg
436875,57.103,Marie Victoire Lemoine,The Interior of a Woman Painter's Studio,1789,Oil on canvas,45 7/8 x 35 in. (116.5 x 88.9 cm),116.5,88.9,European Paintings,https://images.metmuseum.org/CRDImages/ep/original/DP320098.jpg
436876,25.110.46,Franz von Lenbach,"Marion Lenbach (1892–1947), the Artist's Daughter",1900,Oil on canvas,58 7/8 x 41 1/2 in. (149.5 x 105.4 cm),149.5,105.4,European Paintings,https://images.metmuseum.org/CRDImages/ep/original/ep25.110.46.R.jpg
436877,39.65.4,Franz von Lenbach,Prince Regent Luitpold of Bavaria (1821–1912),1902,Oil on board,30 x 24 1/4 in. (76.2 x 61.5 cm),76.2,61.6,European Paintings,https://images.metmuseum.org/CRDImages/ep/original/DP-20644-001.jpg
436878,1984.442,Bernard Lens,"Copy after ""Rubens, Helena Fourment (1614–1673), and Their Son Frans (1633–1678)""",,Vellum,15 1/2 x 11 7/8 in. (394 x 302 mm),39.4,30.2,European Paintings,https://images.metmuseum.org/CRDImages/ep/original/ep1984.442.R.jpg
436879,83.11,Ignacio de León y Escosura,"Auction Sale in Clinton Hall, New York, 1876",1876,Oil on canvas,22 3/8 x 31 5/8 in. (56.8 x 80.3 cm),56.8,80.3,European Paintings,https://images.metmuseum.org/CRDImages/ep/original/DP-25136-001.jpg
436880,87.8.12,Henry Lerolle,The Organ Rehearsal,1885,Oil on canvas,93 1/4 x 142 3/4 in. (236.9 x 362.6 cm),236.8555,362.5857,European Paintings,https://images.metmuseum.org/CRDImages/ep/original/DP160223.jpg
436884,43.98.8,Liberale da Verona,The Chess Players,ca. 1475,Tempera on wood,Overall 13 3/4 x 16 1/4 in. (34.9 x 41.3 cm); painted surface 13 1/8 x 15 7/8 in. (33.3 x 40.3 cm),34.9,41.3,European Paintings,https://images.metmuseum.org/CRDImages/ep/original/DT226950.jpg
436885,1986.147,Liberale da Verona,Scene from a Novella,,Tempera on wood,13 x 16 1/8 in. (33 x 41 cm),33.0,41.0,European Paintings,https://images.metmuseum.org/CRDImages/ep/original/DT8310.jpg
436887,41.67,Friedrich Johann Gottlieb Lieder,Prince Klemens Wenzel Lothar von Metternich (1773–1859),1822,Card laid on recent support,"Oval, 8 3/4 x 6 3/4 in. (224 x 172 mm)",22.2,17.1,European Paintings,https://images.metmuseum.org/CRDImages/ep/original/ep41.67.R.jpg
436888,1991.443,Jacopo Ligozzi,Allegory of Avarice,,Oil on canvas,54 7/8 x 33 1/4 in. (139.4 x 84.5 cm),139.4,84.5,European Paintings,https://images.metmuseum.org/CRDImages/ep/original/DP-17371-001.jpg
436889,71.123,Johannes Lingelbach,Peasants Dancing,1651,Oil on canvas,26 1/2 x 29 1/2 in. (67.3 x 74.9 cm),67.3,74.9,European Paintings,https://images.metmuseum.org/CRDImages/ep/original/DP145943.jpg
436890,71.23,Johannes Lingelbach,Battle Scene,1671,Oil on canvas,44 3/8 x 63 1/4 in. (112.7 x 160.7 cm),112.7,160.7,European Paintings,https://images.metmuseum.org/CRDImages/ep/original/DP143186.jpg
436891,1989.225,Andrea di Lione,Tobit Burying the Dead,1640s,Oil on canvas,50 1/4 x 68 1/2 in. (127.6 x 174 cm),127.6,174.0,European Paintings,https://images.metmuseum.org/CRDImages/ep/original/DT6144.jpg
436892,49.7.10,Filippino Lippi,Madonna and Child,ca. 1483–84,"Tempera, oil, and gold on wood",32 x 23 1/2 in. (81.3 x 59.7 cm),81.3,59.7,European Paintings,https://images.metmuseum.org/CRDImages/ep/original/DP243637.jpg
436893,12.168,Filippino Lippi,The Descent from the Cross,,Tempera on wood,22 x 16 in. (55.9 x 40.6 cm),55.9,40.6,European Paintings,https://images.metmuseum.org/CRDImages/ep/original/DP-21983-001.jpg
436894,1982.73,Filippino Lippi,The Virgin of the Nativity,probably ca. 1500,Tempera and gold on wood,12 3/4 x 9 3/4 in. (32.4 x 24.8 cm),32.4,24.8,European Paintings,https://images.metmuseum.org/CRDImages/ep/original/DT7272.jpg
436895,49.7.9,Fra Filippo Lippi,Madonna and Child Enthroned with Two Angels,ca. 1440,"Tempera and gold on wood, transferred from wood","Arched top, 48 1/4 x 24 3/4 in. (122.6 x 62.9 cm)",122.6,62.9,European Paintings,https://images.metmuseum.org/CRDImages/ep/original/DP-20746-001.jpg
436896,89.15.19,Fra Filippo Lippi,Portrait of a Woman with a Man at a Casement,ca. 1440,Tempera on wood,25 1/4 x 16 1/2 in. (64.1 x 41.9 cm),64.1,41.9,European Paintings,https://images.metmuseum.org/CRDImages/ep/original/DP159891.jpg
436897,35.31.1a–c,Fra Filippo Lippi,Saint Lawrence Enthroned with Saints and Donors,1440s,"Tempera on wood, gold ground","Central panel (a), overall, with arched top and added strips, 47 3/4 x 45 1/2 in. (121.3 x 115.6 cm); right panel (b) 28 1/2 x 15 3/8 in. (72.4 x 39.1 cm); left panel (c) 28 1/2 x 15 1/2 in. (72.4 x 39.4 cm) [panels substantially altered in size and shape",121.3,115.6,European Paintings,https://images.metmuseum.org/CRDImages/ep/original/DP-17016-001.jpg
436898,17.89,Fra Filippo Lippi,"Saints Augustine and Francis, a Bishop Saint, and Saint Benedict",,"Tempera on paper, laid down on canvas, transferred from wood",56 x 39 1/2 in. (142.2 x 100.3 cm),142.2,100.3,European Paintings,https://images.metmuseum.org/CRDImages/ep/original/DP254797.jpg
436902,80.3.245a,Aurelio Lomi,The Gathering of Manna,,Oil on canvas,41 1/2 x 42 3/4 in. (105.4 x 108.6 cm),105.4,108.6,European Paintings,https://images.metmuseum.org/CRDImages/ep/original/DP-18296-009.jpg
436903,14.32.2,Pietro Longhi (Pietro Falca),The Visit,1746,Oil on canvas,24 x 19 1/2 in. (61 x 49.5 cm),61.0,49.5,European Paintings,https://images.metmuseum.org/CRDImages/ep/original/DP124057.jpg
436904,14.32.1,Pietro Longhi (Pietro Falca),The Letter,1746,Oil on canvas,24 x 19 1/2 in. (61 x 49.5 cm),61.0,49.5,European Paintings,https://images.metmuseum.org/CRDImages/ep/original/DP123833.jpg
436905,36.16,Pietro Longhi (Pietro Falca),The Meeting,1746,Oil on canvas,24 x 19 1/2 in. (61 x 49.5 cm),61.0,49.5,European Paintings,https://images.metmuseum.org/CRDImages/ep/original/DP123846.jpg
436906,17.190.12,Pietro Longhi (Pietro Falca),The Temptation,1746,Oil on canvas,24 x 19 1/2 in. (61 x 49.5 cm),61.0,49.5,European Paintings,https://images.metmuseum.org/CRDImages/ep/original/DP124058.jpg
436908,13.212,Pietro Lorenzetti,Saint Catherine of Alexandria,ca. 1342,"Tempera on wood, gold ground",Overall 26 x 16 1/4 in. (66 x 41.3 cm); painted surface 24 1/2 x 16 1/4 in. (62.2 x 41.3 cm),66.0,41.3,European Paintings,https://images.metmuseum.org/CRDImages/ep/original/SF Lorenzetti.jpg
436909,09.197,Lorenzo di Credi (Lorenzo d'Andrea d'Oderigo),Madonna Adoring the Child with the Infant Saint John the Baptist and an Angel,early 1490s,Tempera on wood,Diameter 36 in. (91.4 cm),91.4,91.4,European Paintings,https://images.metmuseum.org/CRDImages/ep/original/DP358280.jpg
436910,43.86.5,Lorenzo di Credi (Lorenzo d'Andrea d'Oderigo),Portrait of a Young Woman,ca. 1490–1500,Oil on wood,23 1/8 x 15 3/4 in. (58.7 x 40 cm),58.7,40.0,European Paintings,https://images.metmuseum.org/CRDImages/ep/original/DP161260.jpg
436911,65.14.1,Lorenzo Monaco (Piero di Giovanni),Abraham,ca. 1408–10,"Tempera on wood, gold ground",Overall 26 x 16 7/8 in. (66 x 42.9 cm); painted surface 22 7/8 x 16 5/8 in. (58.1 x 42.2 cm),66.0,42.9,European Paintings,https://images.metmuseum.org/CRDImages/ep/original/DP-19549-001.jpg
436912,65.14.4,Lorenzo Monaco (Piero di Giovanni),David,ca. 1408–10,"Tempera on wood, gold ground","Arched top, 22 3/8 in. × 17 in. (56.8 × 43.2 cm)",56.8,43.2,European Paintings,https://images.metmuseum.org/CRDImages/ep/original/DP-19552-001.jpg
436913,65.14.3,Lorenzo Monaco (Piero di Giovanni),Moses,ca. 1408–10,"Tempera on wood, gold ground",Overall 24 1/2 x 17 1/2 in. (62.2 x 44.5 cm); painted surface 22 5/8 x 17 5/8 in. (57.5 x 44.8 cm),62.2,44.5,European Paintings,https://images.metmuseum.org/CRDImages/ep/original/DP-19551-001.jpg
436914,65.14.2,Lorenzo Monaco (Piero di Giovanni),Noah,ca. 1408–10,"Tempera on wood, gold ground",Overall 25 7/8 x 17 3/8 in. (65.7 x 44.1 cm); painted surface 22 7/8 x 17 in. (58.1 x 43.2 cm),65.7,44.1,European Paintings,https://images.metmuseum.org/CRDImages/ep/original/DP-19550-001.jpg
436917,65.117,Lorenzo Lotto,Brother Gregorio Belo of Vicenza,1547,Oil on canvas,34 3/8 x 28 in. (87.3 x 71.1 cm),87.3,71.1,European Paintings,https://images.metmuseum.org/CRDImages/ep/original/DP-17152-001.jpg
436918,1986.138,Lorenzo Lotto,Venus and Cupid,1520s,Oil on canvas,36 3/8 x 43 7/8 in. (92.4 x 111.4 cm),92.4,111.4,European Paintings,https://images.metmuseum.org/CRDImages/ep/original/DP-25975-001.jpg
436922,89.15.13,Lucas van Leyden,Christ Presented to the People,,"Oil, gold, and silver on linden",10 7/8 x 18 in. (27.6 x 45.7 cm),27.6,45.7,European Paintings,https://images.metmuseum.org/CRDImages/ep/original/DP164849.jpg
436926,04.29.1,Raimundo de Madrazo y Garreta,Samuel P. Avery (1822–1904),1876,Oil on wood,24 x 19 1/4 in. (61 x 48.9 cm),61.0,48.9,European Paintings,https://images.metmuseum.org/CRDImages/ep/original/DP354159.jpg
436927,37.20.3,Raimundo de Madrazo y Garreta,"Masquerade Ball at the Ritz Hotel, Paris",1909,Oil on canvas,35 x 47 in. (88.9 x 119.4 cm),88.9,119.4,European Paintings,https://images.metmuseum.org/CRDImages/ep/original/DP-31957-001.jpg
436928,87.15.131,Raimundo de Madrazo y Garreta,Girls at a Window,ca. 1875,Oil on canvas,28 5/8 x 23 1/2 in. (72.7 x 59.7 cm),72.7,59.7,European Paintings,https://images.metmuseum.org/CRDImages/ep/original/DT253717.jpg
436929,1971.73,Nicolaes Maes,Abraham Dismissing Hagar and Ishmael,1653,Oil on canvas,34 1/2 x 27 1/2 in. (87.6 x 69.9 cm),87.6,69.9,European Paintings,https://images.metmuseum.org/CRDImages/ep/original/DP143206.jpg
436930,11.149.3,Nicolaes Maes,"Ingena Rotterdam (died 1704), Betrothed of Admiral Jacob Binkes",1676,Oil on canvas,17 1/4 x 13 in. (43.8 x 33 cm),43.8,33.0,European Paintings,https://images.metmuseum.org/CRDImages/ep/original/DP143156.jpg
436931,11.149.2,Nicolaes Maes,"Admiral Jacob Binkes (born about 1640, died 1677)",,Oil on canvas,17 1/4 x 12 7/8 in. (43.8 x 32.7 cm),43.8,32.7,European Paintings,https://images.metmuseum.org/CRDImages/ep/original/DP143155.jpg
436932,32.100.5,Nicolaes Maes,The Lacemaker,ca. 1656,Oil on canvas,17 3/4 x 20 3/4 in. (45.1 x 52.7 cm),45.1,52.7,European Paintings,https://images.metmuseum.org/CRDImages/ep/original/DP145402.jpg
436933,06.1325,Nicolaes Maes,Portrait of a Woman,ca. 1665–70,Oil on canvas,44 x 35 1/4 in. (111.8 x 89.5 cm),111.8,89.5,European Paintings,https://images.metmuseum.org/CRDImages/ep/original/DP143153.jpg
436934,14.40.612,Nicolaes Maes,Young Woman Peeling Apples,ca. 1655,Oil on wood,21 1/2 x 18 in. (54.6 x 45.7 cm),54.6,45.7,European Paintings,https://images.metmuseum.org/CRDImages/ep/original/DP145905.jpg
436935,1984.191,Alessandro Magnasco,The Tame Magpie,ca. 1707–8,Oil on canvas,25 x 29 1/2 in. (63.5 x 74.9 cm),63.5,74.9,European Paintings,https://images.metmuseum.org/CRDImages/ep/original/DP-18077-001.jpg
436936,1982.60.13,Alessandro Magnasco,Nuns at Work,,Oil on canvas,20 1/8 x 28 3/8 in. (51.1 x 72.1 cm),51.1,72.1,European Paintings,https://images.metmuseum.org/CRDImages/ep/original/DT8846.jpg
436937,87.15.133,Hans Makart,The Dream after the Ball,,Oil on canvas,62 3/8 x 37 1/4 in. (158.4 x 94.6 cm),158.4,94.6,European Paintings,https://images.metmuseum.org/CRDImages/ep/original/DT271288.jpg
436941,32.100.33,Hans Maler,Sebastian Andorfer (1469–1537),1517,Oil on Swiss stone pine,17 x 14 1/8 in. (43.2 x 35.9 cm),43.2,35.9,European Paintings,https://images.metmuseum.org/CRDImages/ep/original/DP281080.jpg
436942,14.40.630,Hans Maler,Ulrich Fugger the Younger (1490–1525),1525,Oil on linden,15 7/8 x 12 3/4 in. (40.3 x 32.4 cm),40.3,32.4,European Paintings,https://images.metmuseum.org/CRDImages/ep/original/DP280794.jpg
436944,49.58.2,Edouard Manet,The Spanish Singer,1860,Oil on canvas,58 x 45 in. (147.3 x 114.3 cm),147.3,114.3,European Paintings,https://images.metmuseum.org/CRDImages/ep/original/dp130799.jpg
436945,29.100.53,Edouard Manet,Mademoiselle V. . . in the Costume of an Espada,1862,Oil on canvas,65 x 50 1/4 in. (165.1 x 127.6 cm),165.1,127.6,European Paintings,https://images.metmuseum.org/CRDImages/ep/original/DP-25649-001.jpg
436947,29.100.115,Edouard Manet,Boating,1874,Oil on canvas,38 1/4 x 51 1/4 in. (97.2 x 130.2 cm),97.2,130.2,European Paintings,https://images.metmuseum.org/CRDImages/ep/original/DP-25466-001.jpg
436948,89.21.2,Edouard Manet,Boy with a Sword,1861,Oil on canvas,51 5/8 x 36 3/4 in. (131.1 x 93.4 cm),131.1,93.3,European Paintings,https://images.metmuseum.org/CRDImages/ep/original/DP-14936-027.jpg
436950,29.100.51,Edouard Manet,The Dead Christ with Angels,1864,Oil on canvas,70 5/8 x 59 in. (179.4 x 149.9 cm),179.4,149.9,European Paintings,https://images.metmuseum.org/CRDImages/ep/original/DP-17679-001.jpg
436951,57.10,Edouard Manet,Fishing,ca. 1862–63,Oil on canvas,30 1/4 x 48 1/2 in. (76.8 x 123.2 cm),76.8,123.2,European Paintings,https://images.metmuseum.org/CRDImages/ep/original/DP-25459-001.jpg
436954,55.193,Edouard Manet,George Moore (1852–1933) at the Café,1878 or 1879,Oil on canvas,25 3/4 x 32 in. (65.4 x 81.3 cm),65.4,81.3,European Paintings,https://images.metmuseum.org/CRDImages/ep/original/DP-25220-001.jpg
436955,59.129,Edouard Manet,Head of Jean-Baptiste Faure (1830–1914),1882–83,Oil on canvas,18 1/8 x 14 7/8 in. (46 x 37.8 cm),46.0,37.8,European Paintings,https://images.metmuseum.org/CRDImages/ep/original/DT200593.jpg
436956,50.71.1,Edouard Manet,Jean-Baptiste Faure (1830–1914),1882–83,Oil on canvas,23 1/4 x 19 1/2 in. (59.1 x 49.5 cm),59.1,49.5,European Paintings,https://images.metmuseum.org/CRDImages/ep/original/DP241909.jpg
436957,67.187.81,Edouard Manet,"Madame Edouard Manet (Suzanne Leenhoff, 1829–1906)",ca. 1873,Oil on canvas,39 1/2 x 30 7/8 in. (100.3 x 78.4 cm),100.3,78.4,European Paintings,https://images.metmuseum.org/CRDImages/ep/original/DP-17058-001.jpg
436960,29.100.52,Edouard Manet,A Matador,1866–67,Oil on canvas,67 3/8 x 44 1/2 in. (171.1 x 113 cm),171.1,113.0,European Paintings,https://images.metmuseum.org/CRDImages/ep/original/DT1933.jpg
436964,89.21.3,Edouard Manet,Young Lady in 1866,1866,Oil on canvas,72 7/8 x 50 5/8 in. (185.1 x 128.6 cm),185.1,128.6,European Paintings,https://images.metmuseum.org/CRDImages/ep/original/DP273977.jpg
436965,1976.201.14,Edouard Manet,The Monet Family in Their Garden at Argenteuil,1874,Oil on canvas,24 x 39 1/4 in. (61 x 99.7 cm),61.0,99.7,European Paintings,https://images.metmuseum.org/CRDImages/ep/original/DP-25465-001.jpg
436966,32.130.2,Andrea Mantegna,The Adoration of the Shepherds,shortly after 1450,"Tempera on canvas, transferred from wood",Overall 15 3/4 x 21 7/8 in. (40 x 55.6 cm); painted surface 14 7/8 x 21 in. (37.8 x 53.3 cm),40.0,55.6,European Paintings,https://images.metmuseum.org/CRDImages/ep/original/DP213831.jpg
436967,14.40.643,Andrea Mantegna,The Holy Family with Saint Mary Magdalen,ca. 1495–1500,Distemper on canvas,22 1/2 x 18 in. (57.2 x 45.7 cm),57.2,45.7,European Paintings,https://images.metmuseum.org/CRDImages/ep/original/DP213852.jpg
436968,32.100.97,Andrea Mantegna,Madonna and Child with Seraphim and Cherubim,ca. 1454,Tempera and gold on wood,"Arched top, 17 3/8 x 11 1/4 in. (44.1 x 28.6 cm)",44.1,28.6,European Paintings,https://images.metmuseum.org/CRDImages/ep/original/DP213853.jpg
436969,49.7.11,Andrea Mantegna,Rodolfo Gonzaga (1451–1495),,Tempera on wood,4 1/4 x 3 1/4 in. (10.8 x 8.3 cm),10.8,8.3,European Paintings,https://images.metmuseum.org/CRDImages/ep/original/EP358.jpg
436970,17.138.2,Charles-François Marchal,Penelope,ca. 1868,Oil on canvas,43 1/2 x 19 1/2 in. (110.5 x 49.5 cm),110.5,49.5,European Paintings,https://images.metmuseum.org/CRDImages/ep/original/DT224757.jpg
436977,1992.104,Luigi Marta,Napoléon I (1769–1821) on Horseback,1830,Ivory,5 3/4 x 7 1/2 in. (146 x 191 mm),14.6,19.1,European Paintings,https://images.metmuseum.org/CRDImages/ep/original/ep1992.104.R.jpg
436982,43.98.13,Maso di Banco,Saint Anthony of Padua,ca. 1340,"Tempera on wood, gold ground","Arched top, 29 1/4 x 16 in. (74.3 x 40.6 cm)",74.3,40.6,European Paintings,https://images.metmuseum.org/CRDImages/ep/original/DP-26938-001.jpg
436983,57.54,Jean-Baptiste Massé,"Pierre Louis Dubus (1721–1799), Called Préville, of the Comédie-Française",,Ivory laid on card,Diameter 1 5/8 in. (42 mm),4.1,4.1,European Paintings,https://images.metmuseum.org/CRDImages/ep/original/DP292026.jpg
436984,11.143,Quinten Massys,The Adoration of the Magi,1526,Oil on wood,40 1/2 x 31 1/2 in. (102.9 x 80 cm),102.9,80.0,European Paintings,https://images.metmuseum.org/CRDImages/ep/original/DP-26501-001.jpg
436985,32.100.49,Quinten Massys,Portrait of a Man,,Oil on wood,"Overall, with arched top and engaged frame, 18 1/8 x 13 1/2 in. (46 x 34.3 cm); painted surface 15 5/8 x 11 1/4 in. (39.7 x 28.6 cm)",46.0,34.3,European Paintings,https://images.metmuseum.org/CRDImages/ep/original/DT280221.jpg
436986,32.100.47,Quinten Massys,Portrait of a Woman,ca. 1520,Oil on wood,19 x 17 in. (48.3 x 43.2 cm),48.3,43.2,European Paintings,https://images.metmuseum.org/CRDImages/ep/original/DT1461.jpg
436987,32.100.52,Jan Massys,The Rest on the Flight into Egypt,1537–40,Oil on wood,37 1/2 x 30 1/4 in. (95.3 x 76.8 cm),95.3,76.8,European Paintings,https://images.metmuseum.org/CRDImages/ep/original/DP-13614-001.jpg
436988,26.287.2,Master of 1416,Ameto's Discovery of the Nymphs,ca. 1410,Tempera on wood,"Twelve-sided, 21 1/8 x 22 1/8 in. (53.7 x 56.2 cm)",53.7,56.2,European Paintings,https://images.metmuseum.org/CRDImages/ep/original/DP164807.jpg
436989,26.287.1,Master of 1416,A Contest between the Shepherds Alcesto and Acaten,ca. 1410,Tempera on wood,"Twelve-sided, 21 1/8 x 22 1/8 in. (53.7 x 56.2 cm)",53.7,56.2,European Paintings,https://images.metmuseum.org/CRDImages/ep/original/DP164806.jpg
436990,1981.365.1,Master of the Acts of Mercy,The Martyrdom of Saint Lawrence; (reverse) Giving Drink to the Thirsty,,"Oil on fir, (obverse) gold ground",Painted surface 29 x 18 3/8 in. (73.7 x 46.7 cm),73.7,46.7,European Paintings,https://images.metmuseum.org/CRDImages/ep/original/DT8702.jpg
436991,"32.100.118, 122",North Netherlandish Painter,"Jan (1438/41–1516), First Count of Egmond; Magdalena, Countess of Egmond (1464–1538)",,"Oil on canvas, transferred from wood (.122, the Count); oil on wood (.118, the Countess)","(.122, the Count): overall, with arched top, 16 3/4 x 10 1/4 in. (42.5 x 26 cm); original painted surface 16 1/4 x 9 5/8 in. (41.3 x 24.4 cm); (.118, the Countess) overall, with arched top and engaged frame original painted surface 19 1/4 x 12 1/2 in. (48.9 x 31.8 cm); painted surface 16 1/2 x 9 1/4 in. (41.9 x 24.8 cm)",42.5451,26.0351,European Paintings,https://images.metmuseum.org/CRDImages/ep/original/DP155715.jpg
436992,1982.60.12,Master of the Annunciation to the Shepherds,The Sense of Sight,,Oil on canvas,"Overall, with added strips, 29 7/8 x 24 7/8 in. (75.9 x 63.2 cm); without additions 27 3/4 x 21 3/4 in. (70.5 x 55.2 cm)",75.9,63.2,European Paintings,https://images.metmuseum.org/CRDImages/ep/original/DT8845.jpg
436995,71.80,"Master of the Béguins, French or Flemish, active 1650–60 (possibly Abraham Willemsens, Flemish, active by 1627, died 1672)",Beggars at a Doorway,,Oil on canvas,20 1/4 x 23 3/8 in. (51.4 x 59.4 cm),51.4,59.4,European Paintings,https://images.metmuseum.org/CRDImages/ep/original/DP-25225-001.jpg
436997,43.161,Master of the Berswordt Altar,The Crucifixion,ca. 1400,"Oil, egg(?), and gold on plywood, transferred from wood",23 1/2 x 17 in. (59.7 x 43.2 cm),59.7,43.2,European Paintings,https://images.metmuseum.org/CRDImages/ep/original/DP164823.jpg
437002,32.75.2a–c,Master of Charles of Durazzo,Scenes from a Legend; Coats of Arms,,"Tempera on wood, embossed gilt and silver ornament","(a) 15 1/2 x 46 in. (39.4 x 116.8 cm); end panels, with coats of arms: (b) overall 15 5/8 x 18 3/4 in. (39.7 x 47.6 cm), painted surface 14 7/8 x 18 in. (37.8 x 45.7 cm); (c) overall 15 1/8 x 19 3/8 in. (38.4 x 49.2 cm), painted surface 14 1/2 x 18 5/8 in. (36.8 x 47.3 cm)",39.4,116.8,European Paintings,https://images.metmuseum.org/CRDImages/ep/original/DP-43909-001.jpg
437004,44.147.1,Master of Eggenburg,Saint Adalbert and Saint Procopius,ca. 1490–1500,"Oil on spruce, gold ground","Painted surface, including black border, 27 1/8 x 17 in. (68.9 x 43.2 cm)",68.9,43.2,European Paintings,https://images.metmuseum.org/CRDImages/ep/original/DP164824.jpg
437005,44.147.2,Master of Eggenburg,The Burial of Saint Wenceslas,ca. 1490–1500,Oil and gold on spruce,"Painted surface, including black border, 27 1/8 x 17 in. (68.9 x 43.2 cm)",68.9,43.2,European Paintings,https://images.metmuseum.org/CRDImages/ep/original/DP164825.jpg
437006,41.48,Master of Flora,The Birth of Cupid,,Oil on wood,"Overall 42 1/2 x 51 3/8 in. (108 x 130.5 cm), including added strip of 3 1/2 in. (8.9 cm) at top",108.0,130.5,European Paintings,https://images.metmuseum.org/CRDImages/ep/original/DT1298.jpg
437007,43.98.5,Fra Angelico (Guido di Pietro),The Crucifixion,ca. 1420–23,"Tempera on wood, gold ground",25 1/8 in. × 19 in. (63.8 × 48.3 cm),63.8,48.3,European Paintings,https://images.metmuseum.org/CRDImages/ep/original/DP-31245-001.jpg
437008,17.187a–c,Master of the Holy Blood,The Descent from the Cross,,Oil on wood,"Central panel, overall 36 x 28 1/2 in. (91.4 x 72.4 cm), painted surface 35 5/8 x 28 1/2 in. (90.5 x 72.4 cm); left panel, overall 36 x 12 3/8 in. (91.4 x 31.4 cm), painted surface 35 1/2 x 12 3/8 in.(90.2 x 31.4 cm); right panel, overall 35 7/8 x 12 5/8 in. (91.1 x 32.1 cm), painted surface 35 3/8 x 12 1/2 in. (89.9 x 31.8 cm)",91.4,72.4,European Paintings,https://images.metmuseum.org/CRDImages/ep/original/DP-44525-001.jpg
437011,30.95.254,Master of the Lanckoronski Annunciation,Madonna and Child,,Tempera and gold on wood,29 5/8 x 22 1/4 in. (75.2 x 56.5 cm),75.2,56.5,European Paintings,https://images.metmuseum.org/CRDImages/ep/original/DP368622.jpg
437013,45.170.1,Netherlandish (Antwerp) Painter,Virgin and Child,,Tempera and gold on linen,15 5/8 x 11 7/8 in. (39.7 x 30.2 cm),39.7,30.2,European Paintings,https://images.metmuseum.org/CRDImages/ep/original/DP-19629-001.jpg
437014,65.181.5,"Master G.Z. (possibly Michele dai Carri, Italian, Ferrara, active by 1405–died 1441 Ferrara)","Madonna and Child with the Donor, Pietro de' Lardi, Presented by Saint Nicholas",ca. 1420–30,Tempera and gold on wood,Overall 45 7/8 x 43 5/8 in. (116.5 x 110.8 cm); painted surface 44 1/8 x 41 3/4 in. (112.1 x 106 cm),116.5,110.8,European Paintings,https://images.metmuseum.org/CRDImages/ep/original/DT255392.jpg
437015,64.189.1,Master of the Magdalen,Madonna and Child,ca. 1280,Tempera on wood,"Irregular, 29 1/2 x 18 1/4 in. (74.9 x 46.4 cm)",74.9,46.4,European Paintings,https://images.metmuseum.org/CRDImages/ep/original/DT279163.jpg
437016,41.100.8,Master of the Magdalen,Madonna and Child Enthroned,,"Tempera on wood, gold ground",Central panel 16 x 11 1/8 in. (40.6 x 28.3 cm); left wing 15 x 5 5/8 in. (38.1 x 14.3 cm); right wing 15 x 5 1/2 in. (38.1 x 14 cm),40.6,28.3,European Paintings,https://images.metmuseum.org/CRDImages/ep/original/41.100.8.jpg
437017,21.134.2,Master of the Mansi Magdalen,Virgin and Child,,Oil on wood,19 1/8 x 15 1/4 in. (48.6 x 38.7 cm),48.6,38.7,European Paintings,https://images.metmuseum.org/CRDImages/ep/original/DP-23269-001.jpg
437018,41.190.31bc,Master of Monte Oliveto,Saints and Scenes from the Life of the Virgin,ca. 1320,"Tempera on wood, gold ground","Left wing, overall, with engaged frame, 25 1/4 x 9 1/4 in. (64.1 x 23.5 cm), painted surface 23 3/8 x 7 1/2 in. (59.4 x 19.1 cm); right wing, overall, with engaged frame, 25 1/8 x 9 3/8 in. (63.8 x 23.8 cm), painted surface 23 1/2 x 7 1/2 in. (59.7 x 19.1 cm)",64.1,23.495047,European Paintings,https://images.metmuseum.org/CRDImages/ep/original/DP313620.jpg
437019,18.117.1a–c,Master of Monte Oliveto,Madonna and Child Enthroned,ca. 1315–20,"Tempera on wood, gold ground","Shaped top: central panel, overall, with engaged frame, 30 5/8 x 16 1/2 in. (77.8 x 41.9 cm), painted surface 27 3/8 x 14 in. (69.5 x 35.6 cm); left wing, overall, with engaged frame, 30 3/8 x 8 1/8 in. (77.2 x 20.6 cm); right wing, overall, with engaged frame, 30 1/2 x 8 1/4 in. (77.5 x 21 cm)",77.8,41.9,European Paintings,https://images.metmuseum.org/CRDImages/ep/original/DP368117a.jpg
437020,27.231ab,Master of the Orcagnesque Misericordia,Crucifix,1370–75,"Tempera on wood, gold ground",18 x 13 1/4 in. (45.7 x 33.7 cm),45.7,33.7,European Paintings,https://images.metmuseum.org/CRDImages/ep/original/DP-24118-001.jpg
437021,1981.365.2,Master of the Orcagnesque Misericordia,Head of Christ,,"Tempera on wood, gold ground","Overall, with engaged frame, 11 5/8 x 8 1/8 in. (29.5 x 20.6 cm); painted surface 9 5/8 x 6 1/8 in. (24.4 x 15.6 cm)",29.5,20.6,European Paintings,https://images.metmuseum.org/CRDImages/ep/original/DP-19581-001.jpg
437023,49.39,Master of Varlungo,Madonna and Child Enthroned with Angels,,"Tempera on wood, silver ground",Overall 51 1/4 x 32 5/8 in. (130.2 x 82.9 cm); painted surface 50 1/4 x 28 in. (127.6 x 71.1 cm),130.2,82.9,European Paintings,https://images.metmuseum.org/CRDImages/ep/original/DT242200.jpg
437026,52.35,Spanish (Catalan) Painter,The Virgin,,"Tempera and oil on wood, gold ground",Overall 18 3/4 x 15 7/8 in. (47.6 x 40.3 cm),47.6,40.3,European Paintings,https://images.metmuseum.org/CRDImages/ep/original/DP102282.jpg
437028,32.100.56a–d,Master of the Saint Barbara Legend,Abner's Messenger before David; The Queen of Sheba Bringing Gifts to Solomon; The Annunciation,ca. 1480,Oil on oak,Each panel 36 3/4 x 17 5/8 in. (93.3 x 44.8 cm),93.3,44.8,European Paintings,https://images.metmuseum.org/CRDImages/ep/original/SF DT1049.jpg
437029,12.79,Master of the Saint Godelieve Legend,The Life and Miracles of Saint Godelieve,,Oil on wood,Open 49 1/4 x 126 3/8 in. (125.1 x 311 cm); closed 49 1/4 x 63 1/4 in. (125.1 x 160.7 cm),125.1,311.0,European Paintings,https://images.metmuseum.org/CRDImages/ep/original/DT224782.jpg
437030,50.145.27,Master of the View of Saint Gudula,Young Man Holding a Book,ca. 1480,Oil on wood,"Overall, with arched top, 8 1/4 x 5 1/8 in. (21 x 13 cm); painted surface 8 1/8 x 5 in. (20.6 x 12.6 cm)",21.0,13.0,European Paintings,https://images.metmuseum.org/CRDImages/ep/original/DP282434.jpg
437032,32.100.63ab,Master of the Saint Ursula Legend,Saint Paul with a Donor; Christ Appearing to His Mother,ca. 1485,Oil on wood,"(a) overall 37 3/8 x 11 3/8 in. (94.9 x 28.9 cm), painted surface 36 3/4 x 10 7/8 in. (93.4 x 27.6 cm); (b) overall 37 1/4 x 11 1/4 in. (94.6 x 28.6 cm), painted surface 36 3/4 x 10 3/4 in. (93.4 x 27.3 cm)",94.9,28.9,European Paintings,https://images.metmuseum.org/CRDImages/ep/original/DT262309.jpg
437033,17.190.16,"Follower of Rogier van der Weyden (Master of the Saint Ursula Legend Group, Netherlandish, active late 15th century)",Virgin and Child,ca. 1480–90,Oil on wood,"Arched top, 22 1/8 x 13 1/2 in. (56.2 x 34.3 cm)",56.2,34.3,European Paintings,https://images.metmuseum.org/CRDImages/ep/original/DP-20393-001.jpg
437034,53.168,Master of the Story of Joseph,Joseph Interpreting the Dreams of His Fellow Prisoners,,Oil on wood,Diameter 61 1/2 in. (156.2 cm),156.2,156.2,European Paintings,https://images.metmuseum.org/CRDImages/ep/original/DT1422.jpg
437035,26.26,Master of the Virgin among Virgins,The Lamentation,,Oil on wood,34 7/8 x 20 1/4 in. (88.6 x 51.4 cm),88.6,51.4,European Paintings,https://images.metmuseum.org/CRDImages/ep/original/DP-23271-001.jpg
437040,14.40.810,Anton Mauve,Changing Pasture,ca. 1880,Oil on canvas,24 x 39 5/8 in. (61 x 100.6 cm),61.0,100.6,European Paintings,https://images.metmuseum.org/CRDImages/ep/original/DP-22428-001.jpg
437043,1985.88,Anton Mauve,A Shepherdess and Her Flock,,Oil on canvas,17 7/8 x 25 1/4 in. (45.4 x 64.1 cm),45.4,64.1,European Paintings,https://images.metmuseum.org/CRDImages/ep/original/DP-23346-001.jpg
437046,43.101,Juan Bautista Martínez del Mazo,"María Teresa (1638–1683), Infanta of Spain",1646,Oil on canvas,58 1/4 x 40 1/2 in. (148 x 102.9 cm),148.0,102.9,European Paintings,https://images.metmuseum.org/CRDImages/ep/original/DP340924.jpg
437048,95.14.60,Anne Foldsone Mee,"Portrait of a Woman, Said to Be Lady Sophia Boyle",ca. 1790,Ivory,"Oval, 2 5/8 x 2 1/8 in. (67 x 53 mm)",6.7,5.4,European Paintings,https://images.metmuseum.org/CRDImages/ep/original/DP-31476-001.jpg
437049,25.110.39,Ernest Meissonier,The Card Players,1863,Oil on wood,13 7/8 x 10 1/2 in. (35.2 x 26.7 cm),35.2,26.7,European Paintings,https://images.metmuseum.org/CRDImages/ep/original/DP-19628-001.jpg
437050,08.136.7,Ernest Meissonier,Soldier Playing the Theorbo,1865,Oil on wood,11 1/2 x 8 5/8 in. (29.2 x 21.9 cm),29.2,21.9,European Paintings,https://images.metmuseum.org/CRDImages/ep/original/DP140947.jpg
437051,87.15.37,Ernest Meissonier,A General and His Aide-de-camp,1869,Oil on wood,7 3/4 x 10 7/8 in. (19.7 x 27.6 cm),19.7,27.6,European Paintings,https://images.metmuseum.org/CRDImages/ep/original/ep87.15.37.R.jpg
437052,87.20.1,Ernest Meissonier,"1807, Friedland",ca. 1861–75,Oil on canvas,53 1/2 x 95 1/2 in. (135.9 x 242.6 cm),135.9,242.6,European Paintings,https://images.metmuseum.org/CRDImages/ep/original/DT2144.jpg
437054,14.40.634,Hans Memling,Virgin and Child with Saints Catherine of Alexandria and Barbara,early 1480s,Oil on wood,Overall 26 7/8 x 28 7/8 in. (68.3 x 73.3 cm); painted surface 26 3/8 x 28 3/8 in. (67 x 72.1 cm),68.3,73.3,European Paintings,https://images.metmuseum.org/CRDImages/ep/original/DP-33354-001.jpg
437055,14.40.648,Hans Memling,Portrait of an Old Man,ca. 1475,Oil on wood,Overall 10 3/8 x 7 5/8 in. (26.4 x 19.4 cm); painted surface 10 x 7 1/4 in. (25.4 x 18.4 cm),26.4,19.4,European Paintings,https://images.metmuseum.org/CRDImages/ep/original/DP336526.jpg
437056,14.40.626–27,Hans Memling,"Tommaso di Folco Portinari (1428–1501); Maria Portinari (Maria Maddalena Baroncelli, born 1456)",ca. 1470,Oil on oak,"(.626, Tommaso) overall 17 3/8 x 13 1/4 in. (44.1 x 33.7 cm), painted surface 16 5/8 x 12 1/2 in. (42.2 x 31.8 cm); (.627, Maria) overall 17 3/8 x 13 3/8 in. (44.1 x 34 cm); painted surface 16 5/8 x 12 5/8 in. (42.2 x 32.1 cm)",44.1,33.7,European Paintings,https://images.metmuseum.org/CRDImages/ep/original/DP-44362-005.jpg
437057,32.100.59,Hans Memling,Virgin and Child,1480–85,Oil on wood,"Overall, with integral frame, diameter 9 3/4 in. (24.8 cm); painted surface diameter 6 7/8 in. (17.5 cm)",24.8,24.8,European Paintings,https://images.metmuseum.org/CRDImages/ep/original/DP-19587-001.jpg
437059,49.7.23,Hans Memling,Young Woman with a Pink,ca. 1485–90,Oil on wood,Overall 17 x 7 3/8 in. (43.2 x 18.7 cm); painted surface 17 x 6 7/8 in. (43.2 x 17.5 cm),43.2,18.7,European Paintings,https://images.metmuseum.org/CRDImages/ep/original/DP-45396-001.jpg
437060,32.100.58,Hans Memling,Virgin and Child,ca. 1490–94,Oil on wood,Overall 14 1/8 x 10 1/4 in. (35.9 x 26 cm); painted surface 13 3/8 x 9 1/2 in. (34 x 24.1 cm),35.9,26.0,European Paintings,https://images.metmuseum.org/CRDImages/ep/original/DP-42409-001.jpg
437061,32.100.54,Hans Memling,Salvator Mundi,1480–85,Oil on wood,"Overall, with integral frame, diameter 10 3/4 in. (27.3 cm); painted surface 8 in. (20.3 cm)",27.3,27.3,European Paintings,https://images.metmuseum.org/CRDImages/ep/original/DP-19586-001.jpg
437062,49.7.22,Hans Memling,Virgin and Child,,Oil on wood,Overall 10 3/4 x 8 1/4 in. (27.3 x 21 cm); painted surface 9 x 6 5/8 in. (22.9 x 16.8 cm),27.3,21.0,European Paintings,https://images.metmuseum.org/CRDImages/ep/original/DT245520.jpg
437063,43.98.6,Lippo Memmi (Filippo di Memmo),Madonna and Child with Saints and Angels,ca. 1350,"Tempera on wood, gold ground","Overall, with shaped top and engaged (partially modern) frame, 26 1/4 x 13 in. (66.7 x 33 cm); painted surface 19 3/4 x 10 1/8 in. (50.2 x 25.7 cm); predella 1 1/2 x 10 in. (3.8 x 25.4 cm)",66.7,33.0,European Paintings,https://images.metmuseum.org/CRDImages/ep/original/DP367960.jpg
437064,64.189.2,Lippo Memmi (Filippo di Memmo),Saint Clare,ca. 1330,"Tempera on wood, gold ground","Overall, with shaped top and engaged (modern) frame, 19 x 8 in. (48.3 x 20.3 cm); painted surface 15 1/2 x 7 1/2 in. (39.4 x 19.1 cm)",48.3,20.3,European Paintings,https://images.metmuseum.org/CRDImages/ep/original/DP-24731-001.jpg
437065,88.3.99,Lippo Memmi (Filippo di Memmo),Saint Paul,ca. 1330,"Tempera on wood, gold ground","Overall, with arched top and engaged frame, 37 3/4 x 19 in. (95.9 x 48.3 cm); painted surface 35 1/8 x 16 1/2 in. (89.2 x 41.9 cm)",96.520195,48.3,European Paintings,https://images.metmuseum.org/CRDImages/ep/original/DP295031.jpg
437067,48.141,Anton Raphael Mengs,Johann Joachim Winckelmann (1717–1768),ca. 1777,Oil on canvas,25 x 19 3/8 in. (63.5 x 49.2 cm),63.5,49.2,European Paintings,https://images.metmuseum.org/CRDImages/ep/original/DP120383.jpg
437068,51.160,Anton Raphael Mengs,The Vision of Saint Anthony of Padua,,Ivory,5 1/8 x 3 3/4 in. (130 x 96 mm),13.0,9.5,European Paintings,https://images.metmuseum.org/CRDImages/ep/original/DP-40795-001.jpg
437070,91.26.11,Gabriël Metsu,A Musical Party,1659,Oil on canvas,24 1/2 x 21 3/8 in. (62.2 x 54.3 cm),62.2,54.3,European Paintings,https://images.metmuseum.org/CRDImages/ep/original/DP145948.jpg
437071,17.190.20,Gabriël Metsu,The Visit to the Nursery,1661,Oil on canvas,30 1/2 x 32 in. (77.5 x 81.3 cm),77.5,81.3,European Paintings,https://images.metmuseum.org/CRDImages/ep/original/DP146447.jpg
437072,21.134.5,Gabriël Metsu,Tavern Scene,,Oil on wood,14 3/8 x 12 5/8 in. (36.5 x 32.1 cm),36.5,32.1,European Paintings,https://images.metmuseum.org/CRDImages/ep/original/DP143160.jpg
437073,1982.60.32,Gabriël Metsu,A Woman Seated at a Window,early 1660s,Oil on wood,10 7/8 x 8 7/8 in. (27.6 x 22.5 cm),27.6,22.5,European Paintings,https://images.metmuseum.org/CRDImages/ep/original/DP146466.jpg
437074,71.96,Adam Frans van der Meulen,A Cavalry Engagement,,Oil on wood,8 5/8 x 12 1/2 in. (21.9 x 31.8 cm),21.9,31.8,European Paintings,https://images.metmuseum.org/CRDImages/ep/original/ep71.96.R.jpg
437076,95.14.78,Jeremiah Meyer,Hannah Mahady,ca. 1760,Ivory,"Oval, 7/8 x 5/8 in. (22 x 16 mm)",2.2,1.6,European Paintings,https://images.metmuseum.org/CRDImages/ep/original/DP-31445-001.jpg
437081,27.41,Michele da Verona (Michele di Zenone),Madonna and Child with the Infant Saint John the Baptist,probably late 1490s,Tempera and oil on wood,29 x 22 3/4 in. (73.7 x 57.8 cm),73.7,57.8,European Paintings,https://images.metmuseum.org/CRDImages/ep/original/EP254.jpg
437082,27.59,Jean Michelin,The Baker's Cart,1656,Oil on canvas,38 3/4 x 49 3/8 in. (98.4 x 125.4 cm),98.4,125.4,European Paintings,https://images.metmuseum.org/CRDImages/ep/original/DP366472.jpg
437083,43.98.7,Michelino da Besozzo (Michelino de Mulinari),The Marriage of the Virgin,ca. 1430,Tempera and gold on wood,25 5/8 x 18 3/4 in. (65.1 x 47.6 cm),65.1,47.6,European Paintings,https://images.metmuseum.org/CRDImages/ep/original/DP134149.jpg
437085,25.110.12,Michiel Jansz. van Mierevelt,"Margaretha van Clootwijk (born about 1580/81, died 1662)",1639,Oil on wood,27 3/4 x 22 7/8 in. (70.5 x 58.1 cm),70.5,58.1,European Paintings,https://images.metmuseum.org/CRDImages/ep/original/DP143161.jpg
437086,25.110.13,Michiel Jansz. van Mierevelt,"Jacob van Dalen (1570–1644), Called Vallensis",1640,Oil on wood,27 1/2 x 23 in. (69.9 x 58.4 cm),69.9,58.4,European Paintings,https://images.metmuseum.org/CRDImages/ep/original/DP143162.jpg
437087,30.95.257,Michiel Jansz. van Mierevelt,Portrait of a Woman with a Lace Collar,ca. 1632–35,Oil on wood,29 3/8 x 23 3/4 in. (74.6 x 60.3 cm),74.6,60.3,European Paintings,https://images.metmuseum.org/CRDImages/ep/original/DP143168.jpg
437088,60.71.3,Frans van Mieris the Elder,The Serenade,ca. 1678–80,Oil on wood,"Arched top, 5 3/4 x 4 3/8 in. (14.6 x 11.1 cm)",14.6,11.1,European Paintings,https://images.metmuseum.org/CRDImages/ep/original/DP143182.jpg
437089,68.190,Arnold Boonen,Portrait of a Man,ca. 1720,Oil on canvas,22 1/4 x 18 3/4 in. (56.5 x 47.6 cm),56.5,47.6,European Paintings,https://images.metmuseum.org/CRDImages/ep/original/DP140945.jpg
437090,06.1289,Daniël Mijtens,"Charles I (1600–1649), King of England",1629,Oil on canvas,78 7/8 x 55 3/8 in. (200.3 x 140.7 cm),200.3,140.7,European Paintings,https://images.metmuseum.org/CRDImages/ep/original/DP-17060-001.jpg
437092,06.1328,Sir John Everett Millais,Portia,1886,Oil on canvas,49 1/4 x 33 in. (125.1 x 83.8 cm),125.1,83.8,European Paintings,https://images.metmuseum.org/CRDImages/ep/original/DP169564.jpg
437098,1983.446,Jean-François Millet,Shepherdess Seated on a Rock,1856,Oil on wood,14 1/8 x 11 1/8 in. (35.9 x 28.3 cm),35.9,28.3,European Paintings,https://images.metmuseum.org/CRDImages/ep/original/DP140429.jpg
437099,38.75,Jean-François Millet,Woman with a Rake,probably 1856–57,Oil on canvas,15 5/8 x 13 1/2 in. (39.7 x 34.3 cm),39.7,34.3,European Paintings,https://images.metmuseum.org/CRDImages/ep/original/DT1978.jpg
437100,33.79.17,Ioannes Mokos,The Dormition of the Virgin,,"Tempera and oil on wood, gold ground",13 1/2 x 11 1/4 in. (34.3 x 28.6 cm),34.3,28.6,European Paintings,https://images.metmuseum.org/CRDImages/ep/original/SFMokos.jpg
437101,1993.20,Pier Francesco Mola,The Rest on the Flight into Egypt,ca. 1641,Oil on copper,9 x 11 in. (22.9 x 27.9 cm),22.9,27.9,European Paintings,https://images.metmuseum.org/CRDImages/ep/original/DP116165.jpg
437141,15.43.291,Monogrammist IS,Portrait of a Man,1621,Oil on copper,"Oval, 4 1/8 x 3 5/8 in. (105 x 91 mm)",10.5,9.2,European Paintings,https://images.metmuseum.org/CRDImages/ep/original/DP-43789-001.jpg
437142,38.50.333,Monogrammist JG,Traveling Players,ca. 1630,Vellum laid on wood,2 3/4 x 3 1/2 in. (70 x 90 mm),7.0,8.9,European Paintings,https://images.metmuseum.org/CRDImages/ep/original/DP-40806-001.jpg
437143,32.100.119,Monogrammist LAM,Portrait of a Man in White,1574,Oil on wood,16 1/8 x 9 1/2 in. (41 x 24.1 cm),41.0,24.1,European Paintings,https://images.metmuseum.org/CRDImages/ep/original/32.100.119.jpg
437144,09.102,Bartolomeo Montagna (Bartolomeo Cincani),Madonna Adoring the Child,,Oil(?) on wood,24 3/4 x 20 1/2 in. (62.9 x 52.1 cm),62.9,52.1,European Paintings,https://images.metmuseum.org/CRDImages/ep/original/DP328558.jpg
437145,14.40.606,Bartolomeo Montagna (Bartolomeo Cincani),Saint Justina of Padua,1490s,Oil on wood,"Overall, with added strips, 19 1/2 x 15 1/8 in. (49.5 x 38.4 cm); painted surface 19 1/8 x 14 3/4 in. (48.6 x 37.5 cm)",49.5,38.4,European Paintings,https://images.metmuseum.org/CRDImages/ep/original/DP-18516-001.jpg
437146,29.100.104,Francesco Montemezzano,Portrait of a Woman,,Oil on canvas,"46 3/4 x 39 in. (118.7 x 99.1 cm), including added strip of 5 1/2 in. (14 cm) at top",118.7,99.1,European Paintings,https://images.metmuseum.org/CRDImages/ep/original/DP-20210-001.jpg
437152,41.190.28a–d,Morata Master,Virgin and Child Enthroned with Scenes from the Life of the Virgin,,Tempera and gold on wood,"Central panel, below, 52 x 34 5/8 in. (132.1 x 87.9 cm); central panel, above, 43 3/4 x 34 1/2 in. (111.1 x 87.6 cm); each side panel 84 1/2 x 22 3/4 in. (214.6 x 57.8 cm)",132.1,87.9,European Paintings,https://images.metmuseum.org/CRDImages/ep/original/DP-14826-001.jpg
437153,21.134.1,Gustave Moreau,Oedipus and the Sphinx,1864,Oil on canvas,81 1/4 × 41 1/4 in. (206.4 × 104.8 cm),206.4,104.8,European Paintings,https://images.metmuseum.org/CRDImages/ep/original/DP-14201-023.jpg
437154,59.23.17,Paulus Moreelse,Portrait of a Young Boy,,Oil on wood,"Oval, 23 x 19 5/8 in. (58.4 x 49.8 cm)",58.4,49.8,European Paintings,https://images.metmuseum.org/CRDImages/ep/original/DP145934.jpg
437156,12.61,Moretto da Brescia (Alessandro Bonvicino),The Entombment,1554,Oil on canvas,94 1/2 x 74 1/2 in. (240 x 189.2 cm),240.0,189.2,European Paintings,https://images.metmuseum.org/CRDImages/ep/original/DP-15282-001.jpg
437158,28.79,Moretto da Brescia (Alessandro Bonvicino),Portrait of a Man,ca. 1520–25,Oil on canvas,34 1/4 x 32 in. (87 x 81.3 cm),87.0,81.3,European Paintings,https://images.metmuseum.org/CRDImages/ep/original/DP-25741-001.jpg
437161,25.110.20,George Morland,The Bell Inn,late 1780s,Oil on canvas,20 1/2 x 26 1/4 in. (52.1 x 66.7 cm),52.1,66.7,European Paintings,https://images.metmuseum.org/CRDImages/ep/original/DP169631.jpg
437163,30.95.255,Giovanni Battista Moroni,Lucrezia Agliardi Vertova (1490?–1558),1557,Oil on canvas,36 x 27 in. (91.4 x 68.6 cm),91.4,68.6,European Paintings,https://images.metmuseum.org/CRDImages/ep/original/DP105661.jpg
437164,13.177,Giovanni Battista Moroni,Bartolomeo Bonghi (died 1584),shortly after 1553,Oil on canvas,40 x 32 1/4 in. (101.6 x 81.9 cm),101.6,81.9,European Paintings,https://images.metmuseum.org/CRDImages/ep/original/DP-25740-001.jpg
437165,30.95.238,Giovanni Battista Moroni,Portrait of a Man,,Oil on canvas,48 x 40 1/2 in. (121.9 x 102.9 cm),121.9,102.9,European Paintings,https://images.metmuseum.org/CRDImages/ep/original/DP-17625-001.jpg
437166,25.106.15,Mortier,A Hunter with a Dog,1794–95,Ivory,"Octagonal, 2 3/4 x 3 1/4 in. (70 x 83 mm)",7.0,8.3,European Paintings,https://images.metmuseum.org/CRDImages/ep/original/DP327725.jpg
437167,62.122.69,Jean Laurent Mosnier,"Louis XVI (1754–1793), King of France",1790,Ivory,Diameter 2 3/4 in. (69 mm),7.0,7.0,European Paintings,https://images.metmuseum.org/CRDImages/ep/original/ep62.122.69.R.jpg
437168,1982.60.25,Jan Mostaert,Christ Shown to the People,1510–15,Oil on wood,Overall 12 x 8 7/8 in. (30.5 x 22.5 cm); painted surface 11 1/2 x 8 1/4 in. (29.2 x 21 cm),30.5,22.5,European Paintings,https://images.metmuseum.org/CRDImages/ep/original/DT8855.jpg
437170,08.136.11,Mihály Munkácsy,The Music Room,1878,Oil on wood,35 x 46 in. (88.9 x 116.8 cm),88.9,116.8,European Paintings,https://images.metmuseum.org/CRDImages/ep/original/DT224403.jpg
437172,1976.100.17,Bartolomé Estebán Murillo,The Crucifixion,ca. 1675,Oil on canvas,20 x 13 in. (50.8 x 33 cm),50.8,33.0,European Paintings,https://images.metmuseum.org/CRDImages/ep/original/DT10248.jpg
437173,27.219,Bartolomé Estebán Murillo,Don Andrés de Andrade y la Cal,ca. 1665–72,Oil on canvas,79 × 47 in. (200.7 × 119.4 cm),200.7,119.4,European Paintings,https://images.metmuseum.org/CRDImages/ep/original/DP-16333-001.jpg
437174,54.190,Bartolomé Estebán Murillo,A Knight of Alcántara or Calatrava,ca. 1650–55,Oil on canvas,"Overall, with added strips, 77 x 43 3/4 in. (195.6 x 111.1 cm); original canvas 77 x 38 1/2 in. (195.6 x 97.8 cm)",195.6,111.1,European Paintings,https://images.metmuseum.org/CRDImages/ep/original/DP223490.jpg
437175,43.13,Bartolomé Estebán Murillo,Virgin and Child,1670s,Oil on canvas,65 1/4 x 43 in. (165.7 x 109.2 cm),165.7,109.2,European Paintings,https://images.metmuseum.org/CRDImages/ep/original/DP-14936-010.jpg
437177,50.50,Martin van Meytens the Younger,Count Giacomo Durazzo (1717–1794) and Ernestine Aloisia Ungnad von Weissenwolff (1732–1794),probably early 1760s,Oil on canvas,90 1/8 x 75 in. (228.9 x 190.5 cm),228.9,190.5,European Paintings,https://images.metmuseum.org/CRDImages/ep/original/DP104989.jpg
437178,71.160,Matthijs Naiveu,The Newborn Baby,1675,Oil on canvas,25 1/4 x 31 1/2 in. (64.1 x 80 cm),64.1,80.0,European Paintings,https://images.metmuseum.org/CRDImages/ep/original/DP146497.jpg
437180,1987.279,Charles Joseph Natoire,The Rebuke of Adam and Eve,1740,Oil on copper,26 3/4 x 19 3/4 in. (67.9 x 50.2 cm),67.9,50.2,European Paintings,https://images.metmuseum.org/CRDImages/ep/original/DP-19456-001.jpg
437181,45.172,Jean Marc Nattier,Madame Marsollier and Her Daughter,1749,Oil on canvas,57 1/2 x 45 in. (146.1 x 114.3 cm),146.1,114.3,European Paintings,https://images.metmuseum.org/CRDImages/ep/original/DP247889.jpg
437182,1982.60.42,Jean Marc Nattier,Portrait of a Woman,1753,Oil on canvas,"31 1/2 x 25 1/4 in. (80 x 64.1 cm), with later additions of 1 1/4 in. (3.2 cm) at bottom, 1 in. (2.5 cm) at left, and 1/2 in. (1.3 cm) at right",80.0,64.1,European Paintings,https://images.metmuseum.org/CRDImages/ep/original/DT8872.jpg
437183,03.37.3,Jean Marc Nattier,Madame Bergeret de Frouville as Diana,1756,Oil on canvas,53 3/4 x 41 3/8 in. (136.5 x 105.1 cm),136.5,105.1,European Paintings,https://images.metmuseum.org/CRDImages/ep/original/DP169499.jpg
437184,56.100.2,Jean Marc Nattier,The Spring (La Source),1738,Oil on canvas,31 3/4 x 25 5/8 in. (80.6 x 65.1 cm),80.6,65.1,European Paintings,https://images.metmuseum.org/CRDImages/ep/original/DP298059.jpg
437185,58.102.1,Jean Marc Nattier,"Marie Françoise de La Cropte de St. Abre, Marquise d'Argence (born 1714)",1744,Oil on canvas,32 1/2 x 25 1/2 in. (82.6 x 64.8 cm),82.6,64.8,European Paintings,https://images.metmuseum.org/CRDImages/ep/original/DP298061.jpg
437193,32.100.9,Eglon van der Neer,The Reader,,Oil on canvas,15 x 11 in. (38.1 x 27.9 cm),38.1,27.9,European Paintings,https://images.metmuseum.org/CRDImages/ep/original/DP146484.jpg
437195,61.43,Neroccio de' Landi,Madonna and Child with Saints Jerome and Mary Magdalen,ca. 1490,Tempera on wood,24 x 17 1/4 in. (61 x 43.8 cm),61.0,43.8,European Paintings,https://images.metmuseum.org/CRDImages/ep/original/DT5277.jpg
437199,1982.60.18–19,Netherlandish (Bruges) Painter,Saint Donatian; Saint Victor Presenting a Donor,,Oil on wood,(18) 9 1/2 x 3 7/8 in. (24.1 x 9.8 cm); (19) 9 1/2 x 4 in. (24.1 x 10.2 cm),24.1,9.8,European Paintings,https://images.metmuseum.org/CRDImages/ep/original/DT8850.jpg
437202,43.95,North Netherlandish (Bruges) Painter,Christ Bearing the Cross,,Oil on wood,42 3/8 x 32 3/8 in. (107.6 x 82.2 cm),107.6,82.2,European Paintings,https://images.metmuseum.org/CRDImages/ep/original/DP-20751-001.jpg
437203,50.145.15,Netherlandish Painter,"Portrait of a Noblewoman, Probably Isabella of Portugal (1397–1472)",,Oil on wood,"Overall 13 5/8 x 10 5/8 in. (34.6 x 27 cm), with added strips of 1/8 in. (0.3 cm) at each side",34.6,27.0,European Paintings,https://images.metmuseum.org/CRDImages/ep/original/DP102430.jpg
437204,32.100.46,Netherlandish Painter,"Charles V (1500–1558), Holy Roman Emperor",,Oil on wood,11 5/8 x 8 7/8 in. (29.5 x 22.5 cm),29.5,22.5,European Paintings,https://images.metmuseum.org/CRDImages/ep/original/DP-44522-001.jpg
437205,49.7.32,Netherlandish Painter,Portrait of a Young Woman,,Oil on wood,10 1/2 x 8 1/4 in. (26.7 x 21 cm),26.7,21.0,European Paintings,https://images.metmuseum.org/CRDImages/ep/original/DP321072.jpg
437206,91.26.3,Netherlandish Painter,"Portrait of a Man, Possibly Jean de Langeac (died 1541), Bishop of Limoges",,Oil on wood,47 1/4 x 34 1/2 in. (120 x 87.6 cm),120.0,87.6,European Paintings,https://images.metmuseum.org/CRDImages/ep/original/DP-13350-001.jpg
437207,69.282,Netherlandish Painter,Portrait of a Woman,,Oil on wood,29 1/4 x 22 5/8 in. (74.3 x 57.5 cm),74.3,57.5,European Paintings,https://images.metmuseum.org/CRDImages/ep/original/DP-44523-001.jpg
437208,30.95.287,Netherlandish Painter,Portrait of a Surgeon,,Oil on wood,8 1/4 x 6 1/8 in. (21 x 15.6 cm),21.0,15.6,European Paintings,https://images.metmuseum.org/CRDImages/ep/original/DT1483.jpg
437209,1982.60.28,Netherlandish Painter,Portrait of a Man,,Oil on wood,"Overall, with arched top, 8 1/4 x 6 1/2 in. (21 x 16.5 cm); painted surface 8 1/8 x 6 1/8 in. (20.6 x 15.6 cm)",21.0,16.5,European Paintings,https://images.metmuseum.org/CRDImages/ep/original/DT8858.jpg
437210,32.100.45,Netherlandish Painter,Portrait of a Young Man of the Van Steynoert Family,,Oil on wood,"Overall, with arched top and engaged frame, 16 1/8 x 12 3/4 in. (41 x 32.4 cm); painted surface 13 5/8 x 10 1/8 in. (34.6 x 25.7 cm)",41.0,32.4,European Paintings,https://images.metmuseum.org/CRDImages/ep/original/DP-42411-001.jpg
437211,29.100.599,Netherlandish (Antwerp) Painters,The Rest on the Flight into Egypt,,Oil on wood,23 3/8 x 28 in. (59.4 x 71.1 cm),59.4,71.1,European Paintings,https://images.metmuseum.org/CRDImages/ep/original/LC-29_100_599.jpg
437212,21.132.2,Netherlandish (Antwerp Mannerist) Painter,The Adoration of the Magi,,Oil on wood,27 1/8 x 21 1/2 in. (68.9 x 54.6 cm),68.9,54.6,European Paintings,https://images.metmuseum.org/CRDImages/ep/original/DP102153.jpg
437213,17.190.18a–c,Netherlandish (Antwerp Mannerist) Painters,The Last Supper,1515–20,Oil on wood,"Overall, with shaped top and engaged frame: central panel 47 x 33 3/4 in. (119.4 x 85.7 cm); left wing 47 x 16 7/8 in. (119.4 x 42.9 cm); right wing 47 1/8 x 17 in. (119.7 x 43.2 cm)",119.4,85.7,European Paintings,https://images.metmuseum.org/CRDImages/ep/original/DT2910.jpg
437214,08.183.2,Netherlandish (Antwerp Mannerist) Painter,A Sermon on Charity (possibly the Conversion of Saint Anthony),,Oil on wood,33 1/2 x 23 in. (85.1 x 58.4 cm),85.1,58.4,European Paintings,https://images.metmuseum.org/CRDImages/ep/original/DT208762.jpg
437216,1987.290.3a–p,Netherlandish (Brussels) Painter,The Fifteen Mysteries and the Virgin of the Rosary,ca. 1515–20,Oil on wood,(a) 9 7/8 x 21 in. (25.1 x 53.3 cm); (b–p) each 5 x 4 1/8 in. (12.7 x 10.5 cm),25.1,53.3,European Paintings,https://images.metmuseum.org/CRDImages/ep/original/DT5754.jpg
437217,50.70,Master of the Dinteville Allegory,Moses and Aaron before Pharaoh: An Allegory of the Dinteville Family,1537,Oil on wood,69 1/2 x 75 7/8 in. (176.5 x 192.7 cm),176.5,192.7,European Paintings,https://images.metmuseum.org/CRDImages/ep/original/DT1462.jpg
437218,89.15.6,Caspar Netscher,The Card Party,ca. 1665,Oil on canvas,19 3/4 x 17 3/4 in. (50.2 x 45.1 cm),50.2,45.1,European Paintings,https://images.metmuseum.org/CRDImages/ep/original/DP143200.jpg
437219,25.110.26,Alphonse-Marie-Adolphe de Neuville,The Dispatch-Bearer,1880,Oil on canvas,51 1/4 x 84 in. (130.2 x 213.4 cm),130.2,213.4,European Paintings,https://images.metmuseum.org/CRDImages/ep/original/DT228197.jpg
437220,15.30.20,Alphonse-Marie-Adolphe de Neuville,A Cavalryman,1884,Oil on canvas,18 1/8 x 15 in. (46 x 38.1 cm),46.0,38.1,European Paintings,https://images.metmuseum.org/CRDImages/ep/original/ep15.30.20.R.jpg
437222,23.64,Niccolò di Pietro,Saint Ursula and Her Maidens,ca. 1410,Tempera and gold on wood,37 x 31 in. (94 x 78.7 cm),94.0,78.7,European Paintings,https://images.metmuseum.org/CRDImages/ep/original/DP-24150-001.jpg
437224,95.14.66,Johann Esaias Nilson,Portrait of a Man,,Ivory,"Oval, 1 7/8 x 1 1/2 in. (49 x 37 mm)",4.8,3.8,European Paintings,https://images.metmuseum.org/CRDImages/ep/original/DP-31477-001.jpg
437225,39.122,James Nixon,Portrait of a Young Woman,ca. 1780–85,Ivory,"Oval, 3 3/4 x 3 in. (97 x 75 mm)",9.5,7.6,European Paintings,https://images.metmuseum.org/CRDImages/ep/original/DP-43795-001.jpg
437227,1980.203.5,Jacob Ochtervelt,The Love Letter,early 1670s,Oil on canvas,36 x 25 in. (91.4 x 63.5 cm),91.4,63.5,European Paintings,https://images.metmuseum.org/CRDImages/ep/original/DP146509.jpg
437229,14.40.632,Bernard van Orley,Virgin and Child with Angels,ca. 1518,Oil on wood,33 5/8 x 27 1/2 in. (85.4 x 69.9 cm),85.4,69.9,European Paintings,https://images.metmuseum.org/CRDImages/ep/original/DP-14962-001.jpg
437230,41.190.14,Bernard van Orley,Four Scenes from the Passion,,Oil on wood,11 3/4 x 11 3/8 in. (29.8 x 28.9 cm),29.8,28.9,European Paintings,https://images.metmuseum.org/CRDImages/ep/original/DT11876.jpg
437231,30.95.296,L'Ortolano (Giovanni Battista Benvenuti),The Adoration of the Shepherds,late 1520s,"Oil on canvas, transferred from wood",19 3/8 x 28 3/4 in. (49.2 x 73 cm),49.2,73.0,European Paintings,https://images.metmuseum.org/CRDImages/ep/original/DT5284.jpg
437233,29.100.198,Adriaen van Ostade,Man with a Tankard,,Oil on wood,10 1/8 x 8 1/2 in. (25.7 x 21.6 cm),25.7,21.6,European Paintings,https://images.metmuseum.org/CRDImages/ep/original/DP143167.jpg
437236,17.190.22,Albert van Ouwater,Head of a Donor,ca. 1465–70,Oil on wood,3 7/8 x 3 1/2 in. (9.8 x 8.9 cm),9.8,8.9,European Paintings,https://images.metmuseum.org/CRDImages/ep/original/DP-26281-001.jpg
437237,89.15.28,Jürgen Ovens,Portrait of a Woman,1650,Oil on canvas,49 3/8 x 37 3/4 in. (125.4 x 95.9 cm),125.4,95.9,European Paintings,https://images.metmuseum.org/CRDImages/ep/original/DP-17462-001.jpg
437239,1986.264.4,William Owen,"The Grandchildren of Sir William Heathcote, 3rd Baronet",,Oil on canvas,55 1/4 x 67 1/2 in. (140.3 x 171.5 cm),140.3,171.5,European Paintings,https://images.metmuseum.org/CRDImages/ep/original/DP169388.jpg
437240,64.189.3ab,Pacino di Bonaguida,"Saint John on Patmos, Madonna and Child Enthroned, and Death of the Virgin; The Crucifixion",,"Tempera on wood, gold ground",Left wing 24 3/8 x 16 in. (61.9 x 40.6 cm); right wing 24 3/8 x 15 3/4 in. (61.9 x 40 cm),61.9,40.6,European Paintings,https://images.metmuseum.org/CRDImages/ep/original/DT261715.jpg
437244,52.63.1,Giovanni Paolo Panini,Ancient Rome,1757,Oil on canvas,67 3/4 x 90 1/2 in. (172.1 x 229.9 cm),172.1,229.9,European Paintings,https://images.metmuseum.org/CRDImages/ep/original/DT1418.jpg
437245,52.63.2,Giovanni Paolo Panini,Modern Rome,1757,Oil on canvas,67 3/4 x 91 3/4 in. (172.1 x 233 cm),172.1,233.0,European Paintings,https://images.metmuseum.org/CRDImages/ep/original/DT1403.jpg
437248,41.190.13,Paolo di Giovanni Fei,Madonna and Child,1370s,"Tempera on wood, gold ground","Overall, with engaged frame, 34 1/4 x 23 1/4 in. (87 x 59.1 cm); painted surface 27 x 16 7/8 in. (68.6 x 42.9 cm)",87.0,59.1,European Paintings,https://images.metmuseum.org/CRDImages/ep/original/DP293270.jpg
437249,1971.115.5,Paolo Veneziano,Madonna and Child Enthroned,ca. 1350,"Tempera on wood, gold ground","Overall, with shaped top, 32 1/4 x 19 3/4 in. (81.9 x 50.2 cm); painted surface 31 1/2 x 18 3/4 in. (80 x 47.6 cm)",81.9,50.2,European Paintings,https://images.metmuseum.org/CRDImages/ep/original/EP178.jpg
437250,1982.319,Girolamo Mazzola Bedoli,The Annunciation,,Oil on wood,33 3/8 x 23 1/8 in. (84.8 x 58.7 cm),84.8,58.7,European Paintings,https://images.metmuseum.org/CRDImages/ep/original/DP-18296-031.jpg
437253,25.106.20,Pierre Pasquier,Abbé Charles Bossut (1730–1814),1772,Enamel,"Oval, 2 3/8 x 2 in. (62 x 50 mm)",6.0,5.1,European Paintings,https://images.metmuseum.org/CRDImages/ep/original/ep25.106.20.R.jpg
437255,41.100.5,Mirabello Cavalori,"Portrait of a Knight of Malta, Probably Fra Jacopo Salviati",1566,Oil on canvas,35 x 26 1/4 in. (88.9 x 66.7 cm),88.9,66.7,European Paintings,https://images.metmuseum.org/CRDImages/ep/original/DP-17608-001.jpg
437256,37.27,Jean-Baptiste Joseph Pater,Concert Champêtre,ca. 1734,Oil on canvas,20 1/2 x 26 3/4 in. (52.1 x 67.9 cm),52.1,67.9,European Paintings,https://images.metmuseum.org/CRDImages/ep/original/DP317730.jpg
437257,49.7.52,Jean-Baptiste Joseph Pater,The Fair at Bezons,ca. 1733,Oil on canvas,42 x 56 in. (106.7 x 142.2 cm),106.7,142.2,European Paintings,https://images.metmuseum.org/CRDImages/ep/original/DP317732.jpg
437258,1982.60.43,Jean-Baptiste Joseph Pater,The Golden Age,,Oil on wood,6 3/8 x 9 in. (16.2 x 22.9 cm),16.2,22.9,European Paintings,https://images.metmuseum.org/CRDImages/ep/original/DP317728.jpg
437259,56.55.2,Jean-Baptiste Joseph Pater,Troops at Rest,ca. 1725,Oil on canvas,21 1/4 x 25 3/4 in. (54 x 65.4 cm),54.0,65.4,European Paintings,https://images.metmuseum.org/CRDImages/ep/original/DP123852.jpg
437260,56.55.1,Jean-Baptiste Joseph Pater,Troops on the March,ca. 1725,Oil on canvas,21 1/4 x 25 3/4 in. (54 x 65.4 cm),54.0,65.4,European Paintings,https://images.metmuseum.org/CRDImages/ep/original/DP123851.jpg
437261,36.14a–c,Joachim Patinir,The Penitence of Saint Jerome,ca. 1515,Oil on wood,"Shaped top: central panel, overall, with engaged frame, 46 1/4 x 32 in. (117.5 x 81.3 cm); each wing, overall, with engaged frame, 47 1/2 x 14 in. (120.7 x 35.6 cm)",117.5,81.3,European Paintings,https://images.metmuseum.org/CRDImages/ep/original/DT5549.jpg
437262,44.27,Robert Peake the Elder,"Henry Frederick (1594–1612), Prince of Wales, with Sir John Harington (1592–1614), in the Hunting Field",1603,Oil on canvas,79 1/2 x 58 in. (201.9 x 147.3 cm),201.9,147.3,European Paintings,https://images.metmuseum.org/CRDImages/ep/original/DP169396.jpg
437263,51.194.1,Robert Peake the Elder,"Princess Elizabeth (1596–1662), Later Queen of Bohemia",ca. 1606,Oil on canvas,60 3/4 × 31 1/4 in. (154.3 × 79.4 cm),154.3,79.4,European Paintings,https://images.metmuseum.org/CRDImages/ep/original/DP162159.jpg
437264,32.75.8,Thomas Peat,Sir Joshua Reynolds (1723–1792),1792,Enamel,"Oval, 4 x 3 1/8 in. (101 x 80 mm)",10.2,7.9,European Paintings,https://images.metmuseum.org/CRDImages/ep/original/ep32.75.8.R.jpg
437265,26.260.9,Laurent Pécheux,"Maria Luisa of Parma (1751–1819), Later Queen of Spain",1765,Oil on canvas,90 7/8 x 64 3/4 in. (230.8 x 164.5 cm),230.8,164.5,European Paintings,https://images.metmuseum.org/CRDImages/ep/original/DP120724.jpg
437268,1984.458,Giovanni Antonio Pellegrini,Bacchus and Ariadne,1720s,Oil on canvas,46 x 50 1/2 in. (116.8 x 128.3 cm),116.8,128.3,European Paintings,https://images.metmuseum.org/CRDImages/ep/original/DP-17631-001.jpg
437271,64.164.385,Peruvian (Cuzco) Painter,Our Lady of Guápulo,18th century,Oil on canvas,67 1/4 x 43 1/2 in. (170.8 x 110.5 cm),170.8,110.5,The American Wing,https://images.metmuseum.org/CRDImages/ad/original/DP-16347-001.jpg
437272,11.65,Perugino (Pietro di Cristoforo Vannucci),The Resurrection,,Tempera on wood,10 5/8 x 18 in. (27 x 45.7 cm),27.0,45.7,European Paintings,https://images.metmuseum.org/CRDImages/ep/original/DP-24050-001.jpg
437273,1981.293.1–2,Perugino (Pietro di Cristoforo Vannucci),Saint John the Baptist; Saint Lucy,,Oil(?) on wood,Each 63 x 26 3/8 in. (160 x 67 cm),160.0,67.0,European Paintings,https://images.metmuseum.org/CRDImages/ep/original/DP-18296-029.jpg
437275,1986.339.1,Baldassarre Tommaso Peruzzi,Portrait of an Olivetan Monk,,Oil on canvas,38 1/4 x 28 5/8 in. (97.2 x 72.7 cm),97.2,72.7,European Paintings,https://images.metmuseum.org/CRDImages/ep/original/DP-17614-001.jpg
437276,50.145.30,Pesellino (Francesco di Stefano),Madonna and Child with Six Saints,late 1440s,"Tempera on wood, gold ground",8 7/8 x 8 in. (22.5 x 20.3 cm),22.5,20.3,European Paintings,https://images.metmuseum.org/CRDImages/ep/original/DP247059.jpg
437280,44.159,Charles Philips,The Strong Family,1732,Oil on canvas,29 5/8 x 37 in. (75.2 x 94 cm),75.2,94.0,European Paintings,https://images.metmuseum.org/CRDImages/ep/original/DP164826.jpg
437281,67.187.90,Giovanni Battista Piazzetta,Saint Christopher Carrying the Infant Christ,1730s,Oil on canvas,28 1/4 x 22 1/8 in. (71.8 x 56.2 cm),71.8,56.2,European Paintings,https://images.metmuseum.org/CRDImages/ep/original/DP287612.jpg
437282,1976.100.22,Nicolaes Eliasz Pickenoy,Man with a Celestial Globe,1624,Oil on wood,41 1/4 x 30 in. (104.8 x 76.2 cm),104.8,76.2,European Paintings,https://images.metmuseum.org/CRDImages/ep/original/DP143211.jpg
437283,75.7.2,Piero di Cosimo (Piero di Lorenzo di Piero d'Antonio),A Hunting Scene,ca. 1494–1500,Tempera and oil transferred to Masonite,27 3/4 x 66 3/4 in. (70.5 x 169.5 cm),70.5,169.5,European Paintings,https://images.metmuseum.org/CRDImages/ep/original/DP-19296-001.jpg
437284,75.7.1,Piero di Cosimo (Piero di Lorenzo di Piero d'Antonio),The Return from the Hunt,ca. 1494–1500,Tempera and oil on wood,27 3/4 x 66 1/2 in. (70.5 x 168.9 cm),70.5,168.9,European Paintings,https://images.metmuseum.org/CRDImages/ep/original/DP-24048-001.jpg
437286,69.129,Jean-Baptiste Marie Pierre,The Death of Harmonia,ca. 1740–41,Oil on canvas,77 1/2 x 58 1/4 in. (196.9 x 148 cm),196.9,148.0,European Paintings,https://images.metmuseum.org/CRDImages/ep/original/DP335085.jpg
437287,24.80.529,Pieter Pietersz the Younger,Portrait of a Moravian Woman,,Vellum,10 1/2 x 7 1/4 in. (266 x 183 mm),26.6,18.4,European Paintings,https://images.metmuseum.org/CRDImages/ep/original/CT_40743.jpg
437290,07.201,Pietro di Domenico da Montepulciano,Madonna and Child with Angels,1420,"Tempera on wood, gold ground","Overall, with engaged frame, 34 5/8 x 26 1/4 in. (87.9 x 66.7 cm); painted surface 30 5/8 x 22 1/4 in. (77.8 x 56.5 cm)",87.9,66.7,European Paintings,https://images.metmuseum.org/CRDImages/ep/original/DP-19500-001.jpg
437291,22.60.61,Pietro di Francesco Orioli,Processional Crucifix,ca. 1480s,"Tempera on wood, gold ground",Overall 21 1/4 x 18 1/2 in. (54 x 47 cm); painted surface 18 5/8 x 14 in. (47.3 x 35.6 cm),54.0,47.0,European Paintings,https://images.metmuseum.org/CRDImages/ep/original/SF front 22.60.61.jpg
437298,1982.60.3,Alvaro Pirez,The Presentation in the Temple,ca. 1405–15,Tempera and gold on wood,13 3/8 x 15 7/8 in. (34 x 40.3 cm),34.0,40.3,European Paintings,https://images.metmuseum.org/CRDImages/ep/original/DT8826.jpg
437303,56.184.1,Camille Pissarro,"Washerwoman, Study",1880,Oil on canvas,28 3/4 × 23 1/4 in. (73 × 59.1 cm),73.0,59.1,European Paintings,https://images.metmuseum.org/CRDImages/ep/original/DP-21955-001.jpg
437320,26.168.59,Andrew Plimer,Elizabeth Bushby,1804,Ivory,"Oval, 3 x 2 1/4 in. (75 x 57 mm)",7.6,5.7,European Paintings,https://images.metmuseum.org/CRDImages/ep/original/DP-43799-001.jpg
437324,39.143,Pieter Jansz. Pourbus,Portrait of a Young Woman,,Oil on wood,15 1/2 x 12 1/2 in. (39.4 x 31.8 cm),39.4,31.8,European Paintings,https://images.metmuseum.org/CRDImages/ep/original/DP-44524-001.jpg
437325,25.110.21,Frans Pourbus the Younger,"Margherita Gonzaga (1591–1632), Princess of Mantua",,Oil on canvas,36 1/2 × 27 1/4 in. (92.7 × 69.2 cm),92.7,69.2,European Paintings,https://images.metmuseum.org/CRDImages/ep/original/DP-24151-001.jpg
437327,1977.1.2,Nicolas Poussin,The Companions of Rinaldo,ca. 1633,Oil on canvas,46 1/2 x 40 1/4 in. (118.1 x 102.2 cm),118.1,102.2,European Paintings,https://images.metmuseum.org/CRDImages/ep/original/DT5182.jpg
437329,46.160,Nicolas Poussin,The Abduction of the Sabine Women,probably 1633–34,Oil on canvas,60 7/8 x 82 5/8 in. (154.6 x 209.9 cm),154.6,209.9,European Paintings,https://images.metmuseum.org/CRDImages/ep/original/DP-29324-001.jpg
437330,24.45.2,Nicolas Poussin,Saints Peter and John Healing the Lame Man,1655,Oil on canvas,49 1/2 x 65 in. (125.7 x 165.1 cm),125.7,165.1,European Paintings,https://images.metmuseum.org/CRDImages/ep/original/DP340180.jpg
437331,29.100.20,Nicolas Poussin,Orpheus and Eurydice,,Oil on canvas,47 1/2 x 70 3/4 in. (120.7 x 179.7 cm),120.7,179.7,European Paintings,https://images.metmuseum.org/CRDImages/ep/original/DP-22881-001.jpg
437332,91.26.5,Marco d'Oggiono,Girl with Cherries,ca. 1491–95,Oil on wood,19 1/4 x 14 3/4 in. (48.9 x 37.5 cm),48.9,37.5,European Paintings,https://images.metmuseum.org/CRDImages/ep/original/DP-25755-001.jpg
437333,1978.402,Mattia Preti (Il Cavalier Calabrese),Pilate Washing His Hands,1663,Oil on canvas,81 1/8 x 72 3/4 in. (206.1 x 184.8 cm),206.1,184.8,European Paintings,https://images.metmuseum.org/CRDImages/ep/original/DP277246.jpg
437336,1979.209,Giulio Cesare Procaccini,Madonna and Child with Saints Francis and Dominic and Angels,ca. 1612,Oil on canvas,101 1/8 x 56 3/8 in. (256.9 x 143.2 cm),256.9,143.2,European Paintings,https://images.metmuseum.org/CRDImages/ep/original/DT9442.jpg
437337,1976.201.17,Netherlandish (Bruges) Painter,Virgin and Child,ca. 1495–1500,Oil on wood,Overall 12 1/4 x 6 3/4 in. (31.1 x 17.1 cm); painted surface 11 3/4 x 6 1/8 in. (29.8 x 15.6 cm),31.1,17.1,European Paintings,https://images.metmuseum.org/CRDImages/ep/original/DT7239.jpg
437338,1982.60.21,Jan Provoost,The Crucifixion,ca. 1495,Oil on wood,Overall 13 1/8 x 10 3/4 in. (33.3 x 27.3 cm); painted surface 12 5/8 x 10 1/4 in. (32.1 x 26 cm),33.3,27.3,European Paintings,https://images.metmuseum.org/CRDImages/ep/original/DT8851.jpg
437339,25.110.14,Pierre Paul Prud'hon,Andromache and Astyanax,?1813–17; 1823–24?,Oil on canvas,52 x 67 1/8 in. (132.1 x 170.5 cm),132.1,170.5,European Paintings,https://images.metmuseum.org/CRDImages/ep/original/DP-647-001.jpg
437340,1994.190,Pierre Paul Prud'hon,"Charles Maurice de Talleyrand Périgord (1754–1838), Prince de Talleyrand",1817,Oil on canvas,85 x 55 7/8 in. (215.9 x 141.9 cm),215.9,141.9,European Paintings,https://images.metmuseum.org/CRDImages/ep/original/DP148275.jpg
437342,1984.74,Scipione Pulzone (Il Gaetano),The Lamentation,1593,Oil on canvas,114 x 68 in. (289.6 x 172.7 cm),289.6,172.7,European Paintings,https://images.metmuseum.org/CRDImages/ep/original/DT7692.jpg
437343,29.100.117,Pierre Puvis de Chavannes,The Allegory of the Sorbonne,1889,Oil on canvas,32 5/8 x 180 1/4 in. (82.9 x 457.8 cm),82.9,457.8,European Paintings,https://images.metmuseum.org/CRDImages/ep/original/DP-14201-031.jpg
437344,06.177,Pierre Puvis de Chavannes,The Shepherd's Song,1891,Oil on canvas,41 1/8 x 43 1/4 in. (104.5 x 109.9 cm),104.5,109.9,European Paintings,https://images.metmuseum.org/CRDImages/ep/original/DP-14201-001.jpg
437346,58.15.2,Pierre Puvis de Chavannes,Inter artes et naturam (Between Art and Nature),ca. 1890–95,Oil on canvas,15 7/8 x 44 3/4 in. (40.3 x 113.7 cm),40.3,113.7,European Paintings,https://images.metmuseum.org/CRDImages/ep/original/DP-14201-039.jpg
437347,58.15.1,Pierre Puvis de Chavannes,Ludus pro patria (Patriotic Games),ca. 1883–89,Oil on canvas,13 1/8 x 52 7/8 in. (33.3 x 134.3 cm),33.3,134.3,European Paintings,https://images.metmuseum.org/CRDImages/ep/original/DP-14201-037.jpg
437349,30.95.253,Pierre Puvis de Chavannes,Sleep,ca. 1867–70,Oil on canvas,26 1/8 x 41 3/4 in. (66.4 x 106 cm),66.4,106.0,European Paintings,https://images.metmuseum.org/CRDImages/ep/original/DP-14201-033.jpg
437350,30.20,Pierre Puvis de Chavannes,Tamaris,ca. 1886–87,Oil on canvas,10 x 15 1/2 in. (25.4 x 39.4 cm),25.4,39.4,European Paintings,https://images.metmuseum.org/CRDImages/ep/original/DP-14201-009.jpg
437351,1971.255,Jacob Pynas,Paul and Barnabas at Lystra,,Oil on wood,19 x 28 7/8 in. (48.3 x 73.3 cm),48.3,73.3,European Paintings,https://images.metmuseum.org/CRDImages/ep/original/DP133560.jpg
437352,1973.155.1,Pieter Jansz. Quast,A Party of Merrymakers,ca. 1635–38,Oil on wood,14 3/4 x 19 1/2 in. (37.5 x 49.5 cm),37.5,49.5,European Paintings,https://images.metmuseum.org/CRDImages/ep/original/DP146502.jpg
437354,50.145.31,Sir Henry Raeburn,The Drummond Children,ca. 1808–9,Oil on canvas,94 1/4 x 60 1/4 in. (239.4 x 153 cm),239.4,153.0,European Paintings,https://images.metmuseum.org/CRDImages/ep/original/DP170905.jpg
437355,49.142,Sir Henry Raeburn,George Harley Drummond (1783–1855),ca. 1808–9,Oil on canvas,94 1/4 x 58 in. (239.4 x 147.3 cm),239.4,147.3,European Paintings,https://images.metmuseum.org/CRDImages/ep/original/DP170904.jpg
437356,60.94.1,Sir Henry Raeburn,Alexander Maconochie (1777–1861) of Meadowbank,,Oil on canvas,30 1/4 x 25 in. (76.8 x 63.5 cm),76.8,63.5,European Paintings,https://images.metmuseum.org/CRDImages/ep/original/DP162164.jpg
437357,65.181.13,Sir Henry Raeburn,James Johnston of Straiton (died 1841),,Oil on canvas,35 1/4 x 27 1/4 in. (89.5 x 69.2 cm),89.5,69.2,European Paintings,https://images.metmuseum.org/CRDImages/ep/original/DP162166.jpg
437358,46.13.5,Sir Henry Raeburn,Janet Law,,Oil on canvas,35 1/4 x 27 1/4 in. (89.5 x 69.2 cm),89.5,69.2,European Paintings,https://images.metmuseum.org/CRDImages/ep/original/DP162154.jpg
437359,60.71.13,Sir Henry Raeburn,John Gray (1731–1811) of Newholm,,Oil on canvas,49 3/8 x 40 in. (125.4 x 101.6 cm),125.4,101.6,European Paintings,https://images.metmuseum.org/CRDImages/ep/original/DP162163.jpg
437360,53.180,Sir Henry Raeburn,"Lady Maitland (Catherine Connor, died 1865)",,Oil on canvas,49 3/4 x 39 3/4 in. (126.4 x 101 cm),126.4,101.0,European Paintings,https://images.metmuseum.org/CRDImages/ep/original/DP169400.jpg
437361,1980.305,Sir Henry Raeburn,"Mrs. Richard Alexander Oswald (Louisa Johnston, ?born about 1760, died 1797)",ca. 1794,Oil on canvas,48 1/2 x 40 7/8 in. (123.2 x 103.8 cm),123.2,103.8,European Paintings,https://images.metmuseum.org/CRDImages/ep/original/DP162179.jpg
437363,96.30.5,Sir Henry Raeburn,William Forsyth (1749–1814),ca. 1800,Oil on canvas,30 x 24 7/8 in. (76.2 x 63.2 cm),76.2,63.2,European Paintings,https://images.metmuseum.org/CRDImages/ep/original/DP164852.jpg
437365,50.145.32,Sir Henry Raeburn,"William Robertson (1753–1835), Lord Robertson",1805,Oil on canvas,49 1/2 x 39 1/4 in. (125.7 x 99.7 cm),125.7,99.7,European Paintings,https://images.metmuseum.org/CRDImages/ep/original/DP169641.jpg
437368,14.40.641,Raffaellino del Garbo (also known as Raffaelle de' Capponi and Raffaelle de' Carli),Holy Family with an Angel,ca. 1490,"Tempera on canvas, transferred from wood",22 x 15 in. (55.9 x 38.1 cm),55.9,38.1,European Paintings,https://images.metmuseum.org/CRDImages/ep/original/DP-15089-001.jpg
437371,32.130.1,Raphael (Raffaello Sanzio or Santi),The Agony in the Garden,ca. 1504,Oil on wood,9 1/2 × 11 3/8 in. (24.1 × 28.9 cm),24.1,28.9,European Paintings,https://images.metmuseum.org/CRDImages/ep/original/DP136373.jpg
437372,16.30ab,Raphael (Raffaello Sanzio or Santi),Madonna and Child Enthroned with Saints,ca. 1504,Oil and gold on wood,"Main panel, overall 67 7/8 x 67 7/8 in. (172.4 x 172.4 cm), painted surface 66 3/4 x 66 1/2 in. (169.5 x 168.9 cm) 
Lunette, overall 29 1/2 x 70 7/8 in. (74.9 x 180 cm), painted surface 25 1/2 x 67 1/2 in. (64.8 x 171.5 cm)",172.4,172.4,European Paintings,https://images.metmuseum.org/CRDImages/ep/original/DP-43051-001.jpg
437373,49.7.12,Raphael,"Giuliano de' Medici (1479–1516), Duke of Nemours",,Tempera and oil on canvas,32 3/4 x 26 in. (83.2 x 66 cm),83.2,66.0,European Paintings,https://images.metmuseum.org/CRDImages/ep/original/DP265692.jpg
437374,12.202,Jan van Ravesteyn,Portrait of a Woman,1635,Oil on wood,26 7/8 x 22 7/8 in. (68.3 x 58.1 cm),68.3,58.1,European Paintings,https://images.metmuseum.org/CRDImages/ep/original/DP143159.jpg
437376,71.17,Giuseppe Recco,A Cat Stealing Fish,late 1660s,Oil on canvas,38 x 50 1/2 in. (96.5 x 128.3 cm),96.5,128.3,European Paintings,https://images.metmuseum.org/CRDImages/ep/original/DP-1149-001.jpg
437384,16.95,Henri Regnault,Salome,1870,Oil on canvas,63 x 40 1/2 in. (160 x 102.9 cm),160.0,102.9,European Paintings,https://images.metmuseum.org/CRDImages/ep/original/ep16.95.R.jpg
437385,20.155.2,Rembrandt (Rembrandt van Rijn),Man in a Turban,1632,Oil on canvas,60 1/16 × 48 15/16 in. (152.6 × 124.3 cm),152.55905,124.3015,European Paintings,https://images.metmuseum.org/CRDImages/ep/original/DP146479.jpg
437386,29.100.3,Rembrandt (Rembrandt van Rijn),"Portrait of a Man, probably a Member of the Van Beresteyn Family",1632,Oil on canvas,44 x 35 in. (111.8 x 88.9 cm),111.8,88.9,European Paintings,https://images.metmuseum.org/CRDImages/ep/original/DP121326.jpg
437387,64.126,Rembrandt (Rembrandt van Rijn),Portrait of a Man,1632,Oil on wood,"Oval, 29 3/4 x 20 1/2 in. (75.6 x 52.1 cm)",75.6,52.1,European Paintings,https://images.metmuseum.org/CRDImages/ep/original/DP145938.jpg
437388,29.100.4,Rembrandt (Rembrandt van Rijn),"Portrait of a Woman, probably a Member of the Van Beresteyn Family",1632,Oil on canvas,44 × 35 in. (111.8 × 88.9 cm),111.8,88.9,European Paintings,https://images.metmuseum.org/CRDImages/ep/original/DP145399.jpg
437389,32.100.23,Rembrandt (Rembrandt van Rijn),Bellona,1633,Oil on canvas,50 x 38 3/8 in. (127 x 97.5 cm),127.0,97.5,European Paintings,https://images.metmuseum.org/CRDImages/ep/original/DP146454.jpg
437390,14.40.625,Rembrandt (Rembrandt van Rijn),Portrait of a Woman,1633,Oil on wood,"Oval, 26 3/4 x 19 3/4 in. (67.9 x 50.2 cm)",67.9,50.2,European Paintings,https://images.metmuseum.org/CRDImages/ep/original/DP145913.jpg
437391,43.125,Rembrandt (Rembrandt van Rijn),Portrait of a Young Woman with a Fan,1633,Oil on canvas,49 1/2 x 39 3/4 in. (125.7 x 101 cm),125.7,101.0,European Paintings,https://images.metmuseum.org/CRDImages/ep/original/DP-16969-001.jpg
437392,29.100.1,Rembrandt (Rembrandt van Rijn),Herman Doomer (ca. 1595–1650),1640,Oil on wood,29 5/8 x 21 3/4 in. (75.2 x 55.2 cm),75.2,55.2,European Paintings,https://images.metmuseum.org/CRDImages/ep/original/DP145921.jpg
437393,14.40.651,Rembrandt (Rembrandt van Rijn),The Toilet of Bathsheba,1643,Oil on wood,22 1/2 x 30 in. (57.2 x 76.2 cm),57.2,76.2,European Paintings,https://images.metmuseum.org/CRDImages/ep/original/DP145915.jpg
437394,61.198,Rembrandt (Rembrandt van Rijn),Aristotle with a Bust of Homer,1653,Oil on canvas,56 1/2 x 53 3/4 in. (143.5 x 136.5 cm),143.5,136.5,European Paintings,https://images.metmuseum.org/CRDImages/ep/original/DP-30758-001.jpg
437395,49.7.35,Rembrandt (Rembrandt van Rijn),"The Standard Bearer (probably Floris Soop, 1604–1657)",1654,Oil on canvas,55 1/4 × 45 1/4 in. (140.3 × 114.9 cm),140.3,114.9,European Paintings,https://images.metmuseum.org/CRDImages/ep/original/DP121330.jpg
437396,26.101.9,Rembrandt (Rembrandt van Rijn),Hendrickje Stoffels (1626–1663),mid-1650s,Oil on canvas,30 7/8 x 27 1/8 in. (78.4 x 68.9 cm),78.4,68.9,European Paintings,https://images.metmuseum.org/CRDImages/ep/original/DP145920.jpg
437397,14.40.618,Rembrandt (Rembrandt van Rijn),Self-Portrait,1660,Oil on canvas,31 5/8 x 26 1/2 in. (80.3 x 67.3 cm),80.3,67.3,European Paintings,https://images.metmuseum.org/CRDImages/ep/original/DP-16323-001.jpg
437398,26.101.10,Rembrandt (Rembrandt van Rijn),Flora,ca. 1654,Oil on canvas,39 3/8 x 36 1/8 in. (100 x 91.8 cm),100.0,91.8,European Paintings,https://images.metmuseum.org/CRDImages/ep/original/DP120785.jpg
437399,14.40.621,Rembrandt (Rembrandt van Rijn),Man with a Magnifying Glass,early 1660s,Oil on canvas,36 x 29 1/4 in. (91.4 x 74.3 cm),91.4,74.3,European Paintings,https://images.metmuseum.org/CRDImages/ep/original/DP145909.jpg
437400,91.26.7,Rembrandt (Rembrandt van Rijn),Portrait of a Man,ca. 1655–60,Oil on canvas,32 7/8 x 25 3/8 in. (83.5 x 64.5 cm),83.5,64.5,European Paintings,https://images.metmuseum.org/CRDImages/ep/original/DP145947.jpg
437401,14.40.620,Rembrandt (Rembrandt van Rijn),Portrait of a Man Holding Gloves,1648,Oil on wood,31 3/4 x 26 1/2 in. (80.6 x 67.3 cm),80.6,67.3,European Paintings,https://images.metmuseum.org/CRDImages/ep/original/DP120783.jpg
437402,14.40.622,Rembrandt (Rembrandt van Rijn),Woman with a Pink,early 1660s,Oil on canvas,36 1/4 x 29 3/8 in. (92.1 x 74.6 cm),92.1,74.6,European Paintings,https://images.metmuseum.org/CRDImages/ep/original/DP145910.jpg
437403,60.71.14,Rembrandt,Christ and the Woman of Samaria,,Oil on wood,25 x 19 1/4 in. (63.5 x 48.9 cm),63.5,48.9,European Paintings,https://images.metmuseum.org/CRDImages/ep/original/DP145935.jpg
437404,17.120.222,Rembrandt,Head of Christ,,Oil on canvas,16 3/4 x 13 1/2 in. (42.5 x 34.3 cm); with added strips 18 5/8 x 14 5/8 in. (47.3 x 37.1 cm),47.3,37.1,European Paintings,https://images.metmuseum.org/CRDImages/ep/original/DP145916.jpg
437405,60.71.15,Govert Flinck,A Young Woman as a Shepherdess,,"Oil on canvas, transferred from wood","Oval, 26 1/4 x 19 7/8 in. (66.7 x 50.5 cm)",66.7,50.5,European Paintings,https://images.metmuseum.org/CRDImages/ep/original/DP146492.jpg
437406,14.40.624,Rembrandt,"Portrait of a Man (""The Auctioneer"")",probably ca. 1658–62,Oil on canvas,42 3/4 x 34 in. (108.6 x 86.4 cm),108.6,86.4,European Paintings,https://images.metmuseum.org/CRDImages/ep/original/DP145912.jpg
437407,49.7.37,Rembrandt,Christ with a Staff,,Oil on canvas,37 1/2 x 32 1/2 in. (95.3 x 82.6 cm),95.3,82.6,European Paintings,https://images.metmuseum.org/CRDImages/ep/original/DT1347.jpg
437408,1975.373,Rembrandt,Man in a Beret,,Oil on canvas,29 7/8 x 24 3/4 in. (75.9 x 62.9 cm),75.9,62.9,European Paintings,https://images.metmuseum.org/CRDImages/ep/original/DP146507.jpg
437409,29.100.103,Rembrandt,Portrait of a Woman,,Oil on canvas,47 5/8 x 38 5/8 in. (121 x 98.1 cm),121.0,98.1,European Paintings,https://images.metmuseum.org/CRDImages/ep/original/DP146483.jpg
437410,29.100.102,Rembrandt,Portrait of a Man with a Breastplate and Plumed Hat,,Oil on canvas,47 3/4 x 38 3/4 in. (121.3 x 98.4 cm),121.3,98.4,European Paintings,https://images.metmuseum.org/CRDImages/ep/original/DP146482.jpg
437411,14.40.601,Rembrandt,Man with a Steel Gorget,,Oil on canvas,37 1/8 x 30 5/8 in. (94.3 x 77.8 cm),94.3,77.8,European Paintings,https://images.metmuseum.org/CRDImages/ep/original/DP146472.jpg
437412,14.40.609,Rembrandt (Rembrandt van Rijn),Old Woman Cutting Her Nails,ca. 1655–60,Oil on canvas,49 5/8 x 40 1/8 in. (126.1 x 101.9 cm),126.0,101.9,European Paintings,https://images.metmuseum.org/CRDImages/ep/original/DP146474.jpg
437413,49.7.36,Rembrandt,Man in a Red Cloak,,Oil on wood,15 1/8 x 12 1/4 in. (38.4 x 31.1 cm),38.4,31.1,European Paintings,https://images.metmuseum.org/CRDImages/ep/original/DP145928.jpg
437414,14.40.610,Rembrandt,Pilate Washing His Hands,probably 1660s,Oil on canvas,51 1/4 x 65 3/4 in. (130.2 x 167 cm),130.2,167.0,European Paintings,https://images.metmuseum.org/CRDImages/ep/original/DP145903.jpg
437415,30.95.268,Willem Drost,The Sibyl,ca. 1654,Oil on canvas,38 1/2 x 30 3/4 in. (97.8 x 78.1 cm),97.8,78.1,European Paintings,https://images.metmuseum.org/CRDImages/ep/original/DP145401.jpg
437416,71.84,Rembrandt,Man in Armor (Mars?),,Oil on canvas,40 1/8 x 35 5/8 in. (101.9 x 90.5 cm),101.9,90.5,European Paintings,https://images.metmuseum.org/CRDImages/ep/original/DP145410.jpg
437417,50.145.33,Rembrandt (Rembrandt van Rijn),"Lieven Willemsz van Coppenol (born about 1599, died 1671 or later)",,Oil on oak,14 3/8 x 11 3/8 in. (36.5 x 28.9 cm),36.5,28.9,European Paintings,https://images.metmuseum.org/CRDImages/ep/original/DP146489.jpg
437418,89.15.3,Rembrandt,Man with a Beard,,Oil on canvas,28 7/8 x 25 1/4 in. (73.3 x 64.1 cm),73.3,64.1,European Paintings,https://images.metmuseum.org/CRDImages/ep/original/DP146456.jpg
437419,53.18,Rembrandt,Rembrandt (1606–1669) as a Young Man,,Oil on wood,8 5/8 x 6 1/2 in. (21.9 x 16.5 cm),21.9,16.5,European Paintings,https://images.metmuseum.org/CRDImages/ep/original/DP145931.jpg
437420,14.40.608,Rembrandt,Rembrandt's Son Titus (1641–1668),,Oil on canvas,31 1/8 x 23 1/4 in. (79.1 x 59.1 cm),79.1,59.1,European Paintings,https://images.metmuseum.org/CRDImages/ep/original/DP146443.jpg
437421,60.71.16,Rembrandt,Study Head of an Old Man,,Oil on wood,8 1/4 x 6 7/8 in. (21 x 17.5 cm),21.0,17.5,European Paintings,https://images.metmuseum.org/CRDImages/ep/original/DP143183.jpg
437422,1974.348,Guido Reni,Charity,ca. 1630,Oil on canvas,54 x 41 3/4 in. (137.2 x 106 cm),137.2,106.0,European Paintings,https://images.metmuseum.org/CRDImages/ep/original/DT10776.jpg
437423,59.32,Guido Reni,The Immaculate Conception,1627,Oil on canvas,105 1/2 x 73 in. (268 x 185.4 cm),268.0,185.4,European Paintings,https://images.metmuseum.org/CRDImages/ep/original/DT1138.jpg
437424,51.200,Auguste Renoir,"Madame Édouard Bernier (Marie-Octavie-Stéphanie Laurens, 1838–1920)",1871,Oil on canvas,30 3/4 x 24 1/2 in. (78.1 x 62.2 cm),78.1,62.2,European Paintings,https://images.metmuseum.org/CRDImages/ep/original/DT1399.jpg
437425,61.101.15,Auguste Renoir,Marguerite-Thérèse (Margot) Berard (1874–1956),1879,Oil on canvas,16 1/8 x 12 3/4 in. (41 x 32.4 cm),41.0,32.4,European Paintings,https://images.metmuseum.org/CRDImages/ep/original/DT1489.jpg
437430,29.100.125,Auguste Renoir,By the Seashore,1883,Oil on canvas,36 1/4 x 28 1/2 in. (92.1 x 72.4 cm),92.1,72.4,European Paintings,https://images.metmuseum.org/CRDImages/ep/original/DP-14936-039.jpg
437432,61.101.13,Auguste Renoir,"Tilla Durieux (Ottilie Godeffroy, 1880–1971)",1914,Oil on canvas,36 1/4 x 29 in. (92.1 x 73.7 cm),92.1,73.7,European Paintings,https://images.metmuseum.org/CRDImages/ep/original/DP-25036-001.jpg
437437,61.101.14,Auguste Renoir,Young Woman (La Servante),ca. 1875,Oil on canvas,39 1/2 x 28 1/8 in. (100.3 x 71.4 cm),100.3,71.4,European Paintings,https://images.metmuseum.org/CRDImages/ep/original/DT1488.jpg
437438,64.150,Auguste Renoir,Young Girl in a Pink-and-Black Hat,ca. 1891,Oil on canvas,16 x 12 3/4 in. (40.6 x 32.4 cm),40.6,32.4,European Paintings,https://images.metmuseum.org/CRDImages/ep/original/DP-33709-001.jpg
437439,59.21,Auguste Renoir,A Young Girl with Daisies,1889,Oil on canvas,25 5/8 x 21 1/4 in. (65.1 x 54 cm),65.1,54.0,European Paintings,https://images.metmuseum.org/CRDImages/ep/original/DP-14936-053.jpg
437443,1986.264.5,Sir Joshua Reynolds,"Thomas (1740–1825) and Martha Neate (1741–after 1795) with His Tutor, Thomas Needham",1748,Oil on canvas,66 1/8 x 71 in. (168 x 180.3 cm),168.0,180.3,European Paintings,https://images.metmuseum.org/CRDImages/ep/original/DP168995.jpg
437444,50.238.2,Sir Joshua Reynolds,"Anne Dashwood (1743–1830), Later Countess of Galloway",1764,Oil on canvas,"52 1/2 x 46 3/4 in. (133.4 x 118.7 cm), with strip of 7 1/8 in. (18.1 cm) folded over the top of the stretcher",133.4,118.7,European Paintings,https://images.metmuseum.org/CRDImages/ep/original/DP169642.jpg
437445,48.181,Sir Joshua Reynolds,"George Capel, Viscount Malden (1757–1839), and Lady Elizabeth Capel (1755–1834)",1768,Oil on canvas,71 1/2 x 57 1/4 in. (181.6 x 145.4 cm),181.6,145.4,European Paintings,https://images.metmuseum.org/CRDImages/ep/original/DP168994.jpg
437447,20.155.3,Sir Joshua Reynolds,Captain George K. H. Coussmaker (1759–1801),1782,Oil on canvas,93 3/4 x 57 1/4 in. (238.1 x 145.4 cm),238.1,145.4,European Paintings,https://images.metmuseum.org/CRDImages/ep/original/DP169215.jpg
437448,15.30.38,Sir Joshua Reynolds,"Georgiana Augusta Frederica Elliott (1782–1813), Later Lady Charles Bentinck",1784,Oil on canvas,35 x 30 in. (88.9 x 76.2 cm),88.9,76.2,European Paintings,https://images.metmuseum.org/CRDImages/ep/original/DP169382.jpg
437449,87.16,Sir Joshua Reynolds,The Honorable Henry Fane (1739–1802) with Inigo Jones and Charles Blair,1761–66,Oil on canvas,100 1/4 x 142 in. (254.6 x 360.7 cm),254.6,360.7,European Paintings,https://images.metmuseum.org/CRDImages/ep/original/DP213052.jpg
437450,1987.47.2,Sir Joshua Reynolds,"Mrs. Lewis Thomas Watson (Mary Elizabeth Milles, 1767–1818)",1789,Oil on canvas,50 x 40 in. (127 x 101.6 cm),127.0,101.6,European Paintings,https://images.metmuseum.org/CRDImages/ep/original/DP162170.jpg
437451,54.192,Sir Joshua Reynolds,John Barker (1707–1787),1786,Oil on canvas,68 1/4 x 47 1/2 in. (173.4 x 120.7 cm),173.4,120.7,European Paintings,https://images.metmuseum.org/CRDImages/ep/original/DP162171.jpg
437452,25.110.10,Sir Joshua Reynolds,"Lady Smith (Charlotte Delaval) and Her Children (George Henry, Louisa, and Charlotte)",1787,Oil on canvas,55 3/8 x 44 1/8 in. (140.7 x 112.1 cm),140.7,112.1,European Paintings,https://images.metmuseum.org/CRDImages/ep/original/DP162169.jpg
437453,42.152.1,Sir Joshua Reynolds,Portrait of a Woman,,Oil on canvas,29 5/8 x 24 1/2 in. (75.2 x 62.2 cm),75.2,62.2,European Paintings,https://images.metmuseum.org/CRDImages/ep/original/DP162172.jpg
437454,06.1241,Sir Joshua Reynolds,"Mrs. George Baldwin (Jane Maltass, 1763–1839)",1782 or later,Oil on canvas,36 1/8 x 29 1/8 in. (91.8 x 74 cm),91.8,74.0,European Paintings,https://images.metmuseum.org/CRDImages/ep/original/DP169212.jpg
437455,34.73,Jusepe de Ribera (called Lo Spagnoletto),The Holy Family with Saints Anne and Catherine of Alexandria,1648,Oil on canvas,82 1/2 x 60 3/4 in. (209.6 x 154.3 cm),209.6,154.3,European Paintings,https://images.metmuseum.org/CRDImages/ep/original/DT16.jpg
437456,48.187.736,Théodule-Augustin Ribot,Breton Fishermen and Their Families,possibly ca. 1880–85,Oil on canvas,21 3/4 x 18 1/4 in. (55.2 x 46.4 cm),55.2,46.4,European Paintings,https://images.metmuseum.org/CRDImages/ep/original/DP-23429-001.jpg
437458,1986.347,Sebastiano Ricci,The Holy Family with Angels,ca. 1700,Oil on canvas,50 x 45 1/2 in. (127 x 115.6 cm),127.0,115.6,European Paintings,https://images.metmuseum.org/CRDImages/ep/original/DP-17632-001.jpg
437459,24.80.508,Christian Richter,"John Churchill (1650–1722), First Duke of Marlborough",,Vellum,"Oval, 3 1/4 x 2 5/8 in. (82 x 67 mm)",8.3,6.7,European Paintings,https://images.metmuseum.org/CRDImages/ep/original/DT282640.jpg
437463,59.119,Hyacinthe Rigaud,Portrait of a General Officer,ca. 1710,Oil on canvas,54 x 41 3/8 in. (137.2 x 105.1 cm),137.2,105.1,European Paintings,https://images.metmuseum.org/CRDImages/ep/original/DP-413-001.jpg
437464,60.6,Hyacinthe Rigaud,Louis XV (1710–1774) as a Child,ca. 1716–24,Oil on canvas,77 x 55 1/2 in. (195.6 x 141 cm),195.6,141.0,European Paintings,https://images.metmuseum.org/CRDImages/ep/original/DP312842.jpg
437465,48.187.733,Hyacinthe Rigaud,Portrait of a Man,1693,Oil on canvas,"Oval, 32 1/2 x 25 3/4 in. (82.6 x 65.4 cm)",82.6,65.4,European Paintings,https://images.metmuseum.org/CRDImages/ep/original/DP275490.jpg
437466,17.190.13–15,German Painter,"Christ Blessing, Surrounded by a Donor Family",ca. 1573–82,Oil and gold on oak,Central panel 31 3/8 x 37 5/8 in. (79.7 x 95.6 cm); each wing 32 x 14 5/8 in. (81.3 x 37.1 cm),79.7,95.6,European Paintings,https://images.metmuseum.org/CRDImages/ep/original/DT302497.jpg
437467,1980.510.3,Briton Riviere,Pallas Athena and the Herdsman's Dogs,1876,Oil on canvas,44 1/8 x 70 1/8 in. (112.1 x 178.1 cm),112.1,178.1,European Paintings,https://images.metmuseum.org/CRDImages/ep/original/DP169386.jpg
437472,17.190.31,Hubert Robert,Arches in Ruins,,Oil on canvas,23 1/8 x 61 1/4 in. (58.7 x 155.6 cm),58.7,155.6,European Paintings,https://images.metmuseum.org/CRDImages/ep/original/DP312866.jpg
437474,07.225.264a,Hubert Robert,Bridge over a Cascade,,Oil on canvas,32 x 54 1/8 in. (81.3 x 137.5 cm),81.3,137.5,European Paintings,https://images.metmuseum.org/CRDImages/ep/original/DP230526.jpg
437475,17.190.32,Hubert Robert,A Colonnade in Ruins,,Oil on canvas,23 x 61 1/8 in. (58.4 x 155.3 cm),58.4,155.3,European Paintings,https://images.metmuseum.org/CRDImages/ep/original/DP312868.jpg
437479,35.40.1,Hubert Robert,The Return of the Cattle,ca. 1773–75,Oil on canvas,80 3/4 x 48 in. (205.1 x 121.9 cm),205.1,121.9,European Paintings,https://images.metmuseum.org/CRDImages/ep/original/DP264408.jpg
437482,1986.390,Andrew Robertson,Portrait of a Man,1828,Ivory,"Oval, 3 3/4 x 2 7/8 in. (80 x 63 mm)",9.5,7.3,European Paintings,https://images.metmuseum.org/CRDImages/ep/original/DP-40814-001.jpg
437483,24.21,Archibald Robertson,Sir Joshua Reynolds (1723–1792),1786–91,Ivory,"Oval, 3 x 2 3/8 in. (75 x 60 mm)",7.6,6.0,European Paintings,https://images.metmuseum.org/CRDImages/ep/original/ep24.21.R.jpg
437485,95.14.72,Sampson Towgood Roch,Portrait of a Girl,ca. 1790,Ivory,"Oval, 2 1/4 x 1 7/8 in. (58 x 48 mm)",5.7,4.8,European Paintings,https://images.metmuseum.org/CRDImages/ep/original/DP-31482-001.jpg
437486,62.122.90,François-Théodore Rochard,Portrait of a Woman,1829,Ivory,3 7/8 x 3 1/4 in. (98 x 83 mm),9.8,8.3,European Paintings,https://images.metmuseum.org/CRDImages/ep/original/DP-40812-001.jpg
437487,32.100.43,Rogier van der Weyden,"Francesco d'Este (born ca. 1429, died after 1486)",ca. 1460,Oil on wood,"Overall 12 1/2 x 8 3/4 in. (31.8 x 22.2 cm): painted surface, each side 11 3/4 x 8 in. (29.8 x 20.3 cm)",31.8,22.2,European Paintings,https://images.metmuseum.org/CRDImages/ep/original/DP-26278-001.jpg
437488,49.7.24,Netherlandish Painter,Portrait of a Man in a Chaperon,,Oil on wood,Overall 11 x 7 3/4 in. (27.9 x 19.7 cm); painted surface 10 5/8 x 7 1/4 in. (27 x 18.4 cm),27.9,19.7,European Paintings,https://images.metmuseum.org/CRDImages/ep/original/DT200207.jpg
437489,22.60.58,Juan de Flandes,Christ Appearing to His Mother,ca. 1496,Oil on wood,25 x 15 in. (63.5 x 38.1 cm); painted surface 24 1/2 x 14 5/8 in. (62.2 x 37.1 cm),63.5,38.1,European Paintings,https://images.metmuseum.org/CRDImages/ep/original/DT2649.jpg
437490,17.190.7,Hans Memling,The Annunciation,ca. 1465–70,Oil on wood,73 1/4 x 45 1/4 in. (186.1 x 114.9 cm),186.1,114.9,European Paintings,https://images.metmuseum.org/CRDImages/ep/original/DP240360.jpg
437491,21.134.3a–c,Master of the Saint Catherine Legend,Saint Michael; The Mass of Saint Gregory; Saint Jerome,,Oil on wood,Central panel 6 1/8 x 3 3/4 in. (15.6 x 9.5 cm); left panel 6 1/4 x 3 7/8 in. (15.9 x 9.8 cm); right panel 6 1/4 x 3 3/4 in. (15.9 x 9.5 cm),15.6,9.5,European Paintings,https://images.metmuseum.org/CRDImages/ep/original/DP264733.jpg
437492,32.100.44,Rogier van der Weyden,The Holy Family with Saint Paul and a Donor,,Oil on wood,"Overall, with added strip, 22 5/8 x 19 in. (57.5 x 48.3 cm); painted surface 22 x 18 1/8 in. (55.9 x 46 cm)",57.5,48.3,European Paintings,https://images.metmuseum.org/CRDImages/ep/original/DT241494.jpg
437494,07.245.1,Franz Wolfgang Rohrich,"Friedrich I (1460–1536), Margrave of Brandenburg-Ansbach",,Oil on canvas,30 1/4 x 22 3/8 in. (76.8 x 56.8 cm),76.8,56.8,European Paintings,https://images.metmuseum.org/CRDImages/ep/original/DP-22747-001.jpg
437495,07.245.2,Franz Wolfgang Rohrich,Sophia (1464–1512) of Poland,,Oil on canvas,30 1/4 x 22 1/4 in. (76.8 x 56.5 cm),76.8,56.5,European Paintings,https://images.metmuseum.org/CRDImages/ep/original/DP-22748-001.jpg
437496,54.166,Giovanni Francesco Romanelli,The Sacrifice of Polyxena,,Oil on canvas,77 3/4 x 88 in. (197.5 x 223.5 cm),197.5,223.5,European Paintings,https://images.metmuseum.org/CRDImages/ep/original/DP307492.jpg
437497,1989.86,Girolamo Romanino,The Flagellation; (reverse) The Madonna of Mercy,ca. 1540,Distemper and oil(?) on canvas,70 7/8 x 47 1/2 in. (180 x 120.7 cm),180.0,120.7,European Paintings,https://images.metmuseum.org/CRDImages/ep/original/DT6075.jpg
437498,58.102.2,George Romney,"Portrait of a Woman, Said to Be Emily Bertie Pott (died 1782)",1781,Oil on canvas,29 3/4 x 24 7/8 in. (75.6 x 63.2 cm),75.6,63.2,European Paintings,https://images.metmuseum.org/CRDImages/ep/original/DP162161.jpg
437499,50.169,George Romney,Portrait of a Man,,Oil on canvas,30 x 24 3/4 in. (76.2 x 62.9 cm),76.2,62.9,European Paintings,https://images.metmuseum.org/CRDImages/ep/original/DP162158.jpg
437500,49.7.57,George Romney,"Lady Elizabeth Stanley (1753–1797), Countess of Derby",1776–78,Oil on canvas,50 x 40 in. (127 x 101.6 cm),127.0,101.6,European Paintings,https://images.metmuseum.org/CRDImages/ep/original/DP162156.jpg
437502,45.59.5,George Romney,"Mrs. Charles Frederick (Martha Rigden, died 1794)",,Oil on canvas,29 3/4 x 24 3/4 in. (75.6 x 62.9 cm),75.6,62.9,European Paintings,https://images.metmuseum.org/CRDImages/ep/original/DP169217.jpg
437503,39.65.1,John Westbrooke Chandler,"Mrs. George Horsley (Charlotte Mary Talbot, died 1828)",,Oil on canvas,30 x 24 7/8 in. (76.2 x 63.2 cm),76.2,63.2,European Paintings,https://images.metmuseum.org/CRDImages/ep/original/DP162149.jpg
437504,15.30.37,George Romney,Self-Portrait,1795,Oil on canvas,30 x 25 in. (76.2 x 63.5 cm),76.2,63.5,European Paintings,https://images.metmuseum.org/CRDImages/ep/original/DP162144.jpg
437505,53.220,George Romney,Admiral Sir Chaloner Ogle (1726–1816),,Oil on canvas,30 x 24 5/8 in. (76.2 x 62.5 cm),76.2,62.5,European Paintings,https://images.metmuseum.org/CRDImages/ep/original/DP169401.jpg
437507,65.118,Salvator Rosa,The Dream of Aeneas,1660–65,Oil on canvas,77 1/2 x 47 1/2 in. (196.9 x 120.7 cm),196.9,120.7,European Paintings,https://images.metmuseum.org/CRDImages/ep/original/DP160249.jpg
437508,21.105,Salvator Rosa,Self-Portrait,ca. 1647,Oil on canvas,39 x 31 1/4 in. (99.1 x 79.4 cm),99.1,79.4,European Paintings,https://images.metmuseum.org/CRDImages/ep/original/DP323414.jpg
437509,32.100.84,Cosimo Rosselli,Madonna and Child with Two Angels,early 1480s,Tempera and gold on wood,33 1/2 x 23 in. (85.1 x 58.4 cm),85.1,58.4,European Paintings,https://images.metmuseum.org/CRDImages/ep/original/DP-25979-001.jpg
437510,50.135.1,Cosimo Rosselli,Portrait of a Man,ca. 1481–82,Tempera on wood,20 3/8 x 13 in. (51.8 x 33 cm),51.8,33.0,European Paintings,https://images.metmuseum.org/CRDImages/ep/original/DP-17311-001.jpg
437523,44.22,Peter Paul Rubens,Atalanta and Meleager,ca. 1616,Oil on wood,52 1/2 x 42 in. (133.4 x 106.7 cm),133.4,106.7,European Paintings,https://images.metmuseum.org/CRDImages/ep/original/DP261342.jpg
437524,1984.433.336,Peter Paul Rubens,The Coronation of the Virgin,ca. 1632–33,Oil on wood,19 5/8 x 16 in. (49.8 x 40.6 cm),49.8,40.6,European Paintings,https://images.metmuseum.org/CRDImages/ep/original/DT7932.jpg
437525,45.141,Peter Paul Rubens,The Feast of Acheloüs,ca. 1615,Oil on wood,42 1/2 x 64 1/2 in. (108 x 163.8 cm),108.0,163.8,European Paintings,https://images.metmuseum.org/CRDImages/ep/original/DT1581.jpg
437527,37.160.12,Peter Paul Rubens,The Glorification of the Eucharist,ca. 1630–32,Oil on wood,28 1/8 in. × 19 in. (71.4 × 48.2 cm),71.4,48.2,European Paintings,https://images.metmuseum.org/CRDImages/ep/original/DP-18296-021.jpg
437528,02.24,Peter Paul Rubens,The Holy Family with Saints Francis and Anne and the Infant Saint John the Baptist,early or mid-1630s,Oil on canvas,69 1/2 x 82 1/2 in. (176.5 x 209.6 cm),176.5,209.55042,European Paintings,https://images.metmuseum.org/CRDImages/ep/original/DP-17640-001.jpg
437529,55.135.1,Peter Paul Rubens,"The Holy Family with Saint Elizabeth, Saint John, and a Dove",ca. 1608–9,Oil on oak,26 x 20 1/4 in. (66 x 51.4 cm),66.0,51.4,European Paintings,https://images.metmuseum.org/CRDImages/ep/original/DP-37758-001.jpg
437530,1982.60.24,Peter Paul Rubens,"Portrait of a Man, Possibly an Architect or Geographer",1597,Oil on copper,8 1/2 x 5 3/4 in. (21.6 x 14.6 cm),21.6,14.6,European Paintings,https://images.metmuseum.org/CRDImages/ep/original/DT8854.jpg
437531,1976.218,Peter Paul Rubens,"Portrait of a Woman, Probably Susanna Lunden (Susanna Fourment, 1599–1628)",ca. 1625–27,Oil on wood,"30 1/4 x 23 5/8 in. (76.8 x 60 cm), including added strip of 3 3/4 in. (9.5 cm) at bottom",76.8,60.0,European Paintings,https://images.metmuseum.org/CRDImages/ep/original/DP-20395-001.jpg
437532,1981.238,Peter Paul Rubens,"Rubens, Helena Fourment (1614–1673), and Their Son Frans (1633–1678)",ca. 1635,Oil on wood,80 1/4 x 62 1/4 in. (203.8 x 158.1 cm),203.8,158.1,European Paintings,https://images.metmuseum.org/CRDImages/ep/original/DP-14286-003.jpg
437533,67.187.99,Peter Paul Rubens,Study of Two Heads,ca. 1609,Oil on wood,27 1/2 x 20 1/2 in. (69.9 x 52.1 cm),69.9,52.1,European Paintings,https://images.metmuseum.org/CRDImages/ep/original/DP104990.jpg
437534,42.187,Peter Paul Rubens,The Triumph of Henry IV,ca. 1630,Oil on wood,19 1/2 x 32 7/8 in. (49.5 x 83.5 cm),49.5,83.5,European Paintings,https://images.metmuseum.org/CRDImages/ep/original/DT5154.jpg
437535,37.162,Peter Paul Rubens,Venus and Adonis,probably mid-1630s,Oil on canvas,"With added strips, 77 3/4 x 95 5/8 in. (197.5 x 242.9 cm)",197.5,242.9,European Paintings,https://images.metmuseum.org/CRDImages/ep/original/DT2737.jpg
437536,10.73,Peter Paul Rubens,Wolf and Fox Hunt,ca. 1616,Oil on canvas,96 5/8 x 148 1/8 in. (245.4 x 376.2 cm),245.4,376.2,European Paintings,https://images.metmuseum.org/CRDImages/ep/original/DP-27136-001.jpg
437540,32.100.37,Peter Paul Rubens,Frans Francken I (1542–1616),,Oil on wood,25 1/4 x 19 1/8 in. (64.1 x 48.6 cm),64.1,48.6,European Paintings,https://images.metmuseum.org/CRDImages/ep/original/ep32.100.37.R.jpg
437542,17.190.19,Peter Paul Rubens,Saint Teresa of Avila Interceding for Souls in Purgatory,,Oil on wood,25 1/4 x 19 1/4 in. (64.1 x 48.9 cm),64.1,48.9,European Paintings,https://images.metmuseum.org/CRDImages/ep/original/DP-18296-013.jpg
437543,91.26.4,Peter Paul Rubens,Susanna and the Elders,,Oil on wood,18 1/4 x 25 3/8 in. (46.4 x 64.5 cm),46.4,64.5,European Paintings,https://images.metmuseum.org/CRDImages/ep/original/DP-23547-001.jpg
437558,1972.145.13,Russian Painter,Saint George,,Tempera on wood,27 1/4 x 19 3/4 in. (69.2 x 50.2 cm),69.2,50.2,European Paintings,https://images.metmuseum.org/CRDImages/ep/original/EP446.jpg
437559,"33.84a, b",Russian Painter,The Christ Child with Saints Boris and Gleb,,(a) tempera and gold on wood; (b) gold and enamel studded with jewels,"(a) overall 4 3/8 x 4 in. (11.1 x 10.2 cm), painted surface 3 1/2 x 3 1/4 in. (8.9 x 8.3 cm); (b) 4 1/2 x 4 1/4 in. (11.4 x 10.8 cm)",11.1,10.2,European Paintings,https://images.metmuseum.org/CRDImages/ep/original/sf33-84s1.jpg
437578,44.101,Russian (Novgorod?) Painter,Christ in Glory,,Tempera on wood,42 1/8 x 30 7/8 in. (107 x 78.4 cm),107.0,78.4,European Paintings,https://images.metmuseum.org/CRDImages/ep/original/DT238453.jpg
437579,61.182.1,John Russell,William Man Godschall (1720–1802),1791,"Pastel on paper, laid down on canvas",23 3/4 x 17 3/4 in. (60.3 x 45.1 cm),60.3,45.1,European Paintings,https://images.metmuseum.org/CRDImages/ep/original/DP161646.jpg
437580,67.132,John Russell,"Mrs. Robert Shurlock (Henrietta Ann Jane Russell, 1775–1849) and Her Daughter Ann",1801,"Pastel on paper, laid down on canvas",23 7/8 x 17 3/4 in. (60.6 x 45.1 cm),60.6,45.1,European Paintings,https://images.metmuseum.org/CRDImages/ep/original/DP161649.jpg
437581,1975.217.2,John Russell,Mrs. Robert Shurlock Sr. (Ann Manwaring),1801,"Pastel on paper, laid down on canvas",24 x 17 7/8 in. (61 x 45.4 cm),61.0,45.4,European Paintings,https://images.metmuseum.org/CRDImages/ep/original/DP161651.jpg
437582,67.131,John Russell,Robert Shurlock (1772–1847),1801,"Pastel on paper, laid down on canvas",23 3/4 x 17 3/8 in. (60.3 x 44.1 cm),60.3,44.1,European Paintings,https://images.metmuseum.org/CRDImages/ep/original/DP161648.jpg
437583,61.182.2,John Russell,"Mrs. William Man Godschall (Sarah Godschall, 1730–1795)",1791,"Pastel on paper, laid down on canvas",23 3/4 x 17 3/4 in. (60.3 x 45.1 cm),60.3,45.1,European Paintings,https://images.metmuseum.org/CRDImages/ep/original/DP161647.jpg
437585,60.55.4,Salomon van Ruysdael,Market by the Seashore,1637,Oil on wood,16 x 23 3/8 in. (40.6 x 59.4 cm),40.6,59.4,European Paintings,https://images.metmuseum.org/CRDImages/ep/original/DP143181.jpg
437588,71.75,Salomon van Ruysdael,Drawing the Eel,early 1650s,Oil on wood,29 1/2 x 41 3/4 in. (74.9 x 106 cm),74.9,106.0,European Paintings,https://images.metmuseum.org/CRDImages/ep/original/DP147902.jpg
437591,71.13,David Ryckaert III,Rustic Interior,,Oil on canvas,36 3/8 x 45 5/8 in. (92.4 x 115.9 cm),92.4,115.9,European Paintings,https://images.metmuseum.org/CRDImages/ep/original/DP-22531-001.jpg
437593,1981.317,Andrea Sacchi,Marcantonio Pasqualini (1614–1691) Crowned by Apollo,1641,Oil on canvas,96 x 76 1/2 in. (243.8 x 194.3 cm),243.8,194.3,European Paintings,https://images.metmuseum.org/CRDImages/ep/original/DP-25648-001.jpg
437594,59.72.1,Jacques Saillant,Gaspard de Daillon du Lude (ca. 1602–1676),1628,Vellum stretched over copper,"Octagonal, 6 1/8 x 4 3/4 in. (157 x 122 mm)",15.6,12.1,European Paintings,https://images.metmuseum.org/CRDImages/ep/original/ep59.72.1.R.jpg
437595,59.72.2,Jacques Saillant,Portrait of a Man,ca. 1628,Vellum stretched over wood,"Octagonal, 6 3/4 x 5 5/8 in. (170 x 142 mm)",17.1,14.3,European Paintings,https://images.metmuseum.org/CRDImages/ep/original/ep59.72.2.R.jpg
437596,1977.383,"Jean Claude Richard, Abbé de Saint-Non",The Two Sisters,1770,"Pastel on paper, laid down on canvas",31 5/8 x 25 in. (80.3 x 63.5 cm),80.3,63.5,European Paintings,https://images.metmuseum.org/CRDImages/ep/original/DP231082.jpg
437598,55.14,Francesco Salviati (Francesco de' Rossi),Portrait of a Man,,Oil on canvas,48 1/4 x 36 3/4 in. (122.6 x 93.4 cm),122.6,93.3,European Paintings,https://images.metmuseum.org/CRDImages/ep/original/DT200205.jpg
437599,62.122.80,Jean-Baptiste Sambat,Portrait of a Man,,Ivory,Diameter 2 5/8 in. (70 mm),6.7,6.7,European Paintings,https://images.metmuseum.org/CRDImages/ep/original/DP327721.jpg
437600,1976.100.18,Rolán de Moys,Portrait of a Woman,,Oil on canvas,38 3/4 x 28 3/8 in. (98.4 x 72.1 cm),98.4,72.1,European Paintings,https://images.metmuseum.org/CRDImages/ep/original/DP-23427-001.jpg
437602,58.189.2,Sano di Pietro (Ansano di Pietro di Mencio),The Adoration of the Magi,ca. 1470,Tempera and gold on wood,11 7/8 x 18 3/4 in. (30.2 x 47.6 cm),30.2,47.6,European Paintings,https://images.metmuseum.org/CRDImages/ep/original/DT1449.jpg
437603,65.181.7,Sano di Pietro (Ansano di Pietro di Mencio),The Burial of Saint Martha,ca. 1460–70,Tempera and gold on wood,5 1/2 x 11 1/2 in. (14 x 29.2 cm),14.0,29.2,European Paintings,https://images.metmuseum.org/CRDImages/ep/original/DP367964.jpg
437604,1987.290.2ab,Sano di Pietro (Ansano di Pietro di Mencio),"Madonna and Child with the Dead Christ, Saints Agnes and Catherine of Alexandria, and Two Angels",ca. 1470–80,"Tempera on wood, gold ground","Main panel, overall, with engaged (modern) frame, 12 3/4 x 11 3/4 in. (32.4 x 29.8 cm), painted surface 10 7/8 x 9 7/8 in. (27.6 x 25.1 cm); predella, overall, with engaged (modern) frame, 3 5/8 x 12 5/8 in. (9.2 x 32.1 cm), painted surface 2 5/8 x 11 7/8 in. (6.7 x 30.2 cm)",32.4,29.8,European Paintings,https://images.metmuseum.org/CRDImages/ep/original/DP149941.jpg
437606,58.189.1,Sano di Pietro (Ansano di Pietro di Mencio),The Massacre of the Innocents,ca. 1470,Tempera on wood,11 7/8 x 17 3/8 in. (30.2 x 44.1 cm),30.2,44.1,European Paintings,https://images.metmuseum.org/CRDImages/ep/original/SF 58.189.1.jpg
437607,1971.93,Carlo Saraceni,Paradise,ca. 1598,Oil on copper,Overall 21 3/8 x 18 7/8 in. (54.3 x 47.9 cm); painted surface 20 7/8 x 18 3/8 in. (53 x 46.7 cm),54.3,47.9,European Paintings,https://images.metmuseum.org/CRDImages/ep/original/DP-24115-001.jpg
437608,32.100.89,Franciabigio (Francesco di Cristofano),Head of the Madonna,ca. 1509,Oil on wood,15 x 11 1/2 in. (38.1 x 29.2 cm),38.1,29.2,European Paintings,https://images.metmuseum.org/CRDImages/ep/original/DP-17627-001.jpg
437609,22.75,Andrea del Sarto (Andrea d'Agnolo),The Holy Family with the Young Saint John the Baptist,ca. 1528,Oil on wood,53 1/2 x 39 5/8 in. (135.9 x 100.6 cm),135.9,100.6,European Paintings,https://images.metmuseum.org/CRDImages/ep/original/DP295025.jpg
437610,1982.60.9,Andrea del Sarto (Andrea d'Agnolo),Portrait of a Man,1528–29,"Oil on canvas, transferred from wood",26 1/4 x 19 7/8 in. (66.7 x 50.5 cm),66.7,50.5,European Paintings,https://images.metmuseum.org/CRDImages/ep/original/DP-19632-001.jpg
437611,43.98.1,Sassetta (Stefano di Giovanni),The Journey of the Magi,ca. 1433–35,Tempera and gold on wood,8 1/2 x 11 3/4 in. (21.6 x 29.8 cm),21.6,29.8,European Paintings,https://images.metmuseum.org/CRDImages/ep/original/DP-29215-001.jpg
437612,41.100.20,Sassetta (Stefano di Giovanni),Madonna and Child with Angels,ca. 1445–50,"Tempera on wood, gold ground","Overall, with shaped top and engaged (modern) frame, 31 3/4 x 19 3/4 in. (80.6 x 50.2 cm); painted surface 25 1/8 x 13 1/2 in. (63.8 x 34.3 cm)",80.6,50.2,European Paintings,https://images.metmuseum.org/CRDImages/ep/original/DT7229.jpg
437618,07.225.314b,Piat Joseph Sauvage,Infant Bacchanal,1780s,Oil on canvas,10 1/4 x 29 5/8 in. (26 x 75.2 cm),26.0,75.2,European Paintings,https://images.metmuseum.org/CRDImages/ep/original/DP-14405-001.jpg
437620,07.225.306ab,Piat Joseph Sauvage,Nymph and Putti; Nymph with a Wreath and Putti with Garlands of Flowers,,Oil on slate,(a) 9 1/2 x 23 1/4 in. (24.1 x 59.1 cm); (b) 9 5/8 x 23 3/4 in. (24.4 x 60.3 cm),24.1,59.1,European Paintings,https://images.metmuseum.org/CRDImages/ep/original/DP253872.jpg
437624,07.225.272,Piat Joseph Sauvage,The Triumph of Bacchus,early 1780s,Oil on canvas,19 1/4 x 46 1/8 in. (48.9 x 117.2 cm),48.8951,117.15774,European Paintings,https://images.metmuseum.org/CRDImages/ep/original/DP-13511-001.jpg
437625,07.225.314a,Piat Joseph Sauvage,The Triumph of Bacchus,1780s,Oil on canvas,14 x 32 7/8 in. (35.6 x 83.5 cm),35.6,83.5,European Paintings,https://images.metmuseum.org/CRDImages/ep/original/DP-13513-001.jpg
437630,12.14,Giovanni Gerolamo Savoldo,Saint Matthew and the Angel,,Oil on canvas,36 3/4 x 49 in. (93.4 x 124.5 cm),93.3,124.5,European Paintings,https://images.metmuseum.org/CRDImages/ep/original/DP-26762-001.jpg
437632,95.14.85,Heinrich Franz Schalck,Joseph and Karl August von Klein,ca. 1810–15,Ivory,4 5/8 x 5 1/8 in. (117 x 131 mm),11.7,13.0,European Paintings,https://images.metmuseum.org/CRDImages/ep/original/ep95.14.85.R.jpg
437633,1974.109,Godfried Schalcken,Cephalus and Procris,probably 1680s,Oil on canvas,25 1/2 x 31 3/8 in. (64.8 x 79.7 cm),64.8,79.7,European Paintings,https://images.metmuseum.org/CRDImages/ep/original/DP-18164-001.jpg
437636,1971.115.6,German Painter,Domestic Scene,,Oil on canvas,18 x 14 7/8 in. (45.7 x 37.8 cm),45.7,37.8,European Paintings,https://images.metmuseum.org/CRDImages/ep/original/DT11332.jpg
437638,1973.116,Andrea Schiavone (Andrea Meldola),The Marriage of Cupid and Psyche,ca. 1540,"Oil on wood, transferred to Masonite","Overall, with corners made up, 51 1/2 x 61 7/8 in. (130.8 x 157.2 cm); painted surface 50 1/2 x 61 1/2 in. (128.3 x 156.2 cm)",130.8,157.2,European Paintings,https://images.metmuseum.org/CRDImages/ep/original/DT11094.jpg
437639,1982.60.34ab,Ludwig Schongauer,Christ before Pilate; The Resurrection,,Oil on fir,"(a) overall 15 1/8 x 8 1/4 in. (38.4 x 21 cm), painted surface 14 3/8 x 7 3/4 in. (36.5 x 19.7 cm); (b) overall 15 1/8 x 8 1/4 in. (38.4 x 21 cm), painted surface 14 1/2 x 7 3/4 in. (36.8 x 19.7 cm)",38.4,21.0,European Paintings,https://images.metmuseum.org/CRDImages/ep/original/DP164861.jpg
437640,89.20,Julius Schrader,Baron Alexander von Humboldt (1769–1859),1859,Oil on canvas,62 1/2 x 54 3/8 in. (158.8 x 138.1 cm),158.8,138.1,European Paintings,https://images.metmuseum.org/CRDImages/ep/original/DP-1411-001.jpg
437644,15.43.287,Noah Seaman,Portrait of a Man,ca. 1730,Enamel,"Oval, 1 7/8 x 1 1/2 in. (47 x 37 mm)",4.8,3.8,European Paintings,https://images.metmuseum.org/CRDImages/ep/original/DP-18558-001.jpg
437645,00.18.2,Sebastiano del Piombo (Sebastiano Luciani),"Portrait of a Man, Said to be Christopher Columbus (born about 1446, died 1506)",1519,Oil on canvas,42 x 34 3/4 in. (106.7 x 88.3 cm),106.7,88.3,European Paintings,https://images.metmuseum.org/CRDImages/ep/original/DP-17778-001.jpg
437646,1973.155.5,Sebastiano del Piombo,Madonna and Child with Saints and Donors,,Oil on wood,Overall 26 1/2 x 40 1/2 in. (67.3 x 102.9 cm); painted surface 26 x 39 3/4 in. (66 x 101 cm),67.3,102.9,European Paintings,https://images.metmuseum.org/CRDImages/ep/original/DT5283.jpg
437648,56.190,Enoch Seeman the Younger,Sir James Dashwood (1715–1779),1737,Oil on canvas,96 x 60 1/4 in. (243.8 x 153 cm),243.8,153.0,European Paintings,https://images.metmuseum.org/CRDImages/ep/original/DP168992.jpg
437649,65.181.2,Segna di Buonaventura,Christ Blessing,ca. 1311,"Tempera on wood, gold ground","Overall, with shaped top, 15 1/2 x 9 1/2 in. (39.4 x 24.1 cm); painted surface 14 x 8 1/8 in. (35.6 x 20.6 cm)",39.4,24.1,European Paintings,https://images.metmuseum.org/CRDImages/ep/original/DP367962.jpg
437650,24.78a,Segna di Buonaventura,Madonna and Child,ca. 1320,"Tempera on wood, gold ground","Overall, with framing elements, 60 1/8 x 26 3/8 in. (152.7 x 67 cm); Madonna and Child, painted surface 37 x 23 1/8 in. (94 x 58.7 cm); pinnacle, painted surface 12 1/8 x 23 in. (30.8 x 58.4 cm)",152.7178,66.99264,European Paintings,https://images.metmuseum.org/CRDImages/ep/original/DP333087.jpg
437651,41.100.22,Segna di Buonaventura,Saint John the Evangelist,ca. 1320,"Tempera on wood, gold ground","Overall, with engaged (largely modern) frame, 35 x 22 in. (88.9 x 55.9 cm); painted surface 27 1/4 x 16 1/2 in. (69.2 x 41.9 cm)",88.9,55.9,European Paintings,https://images.metmuseum.org/CRDImages/ep/original/EP310a.jpg
437652,41.100.10,Jacopo di Arcangelo (called Jacopo del Sellaio),The Virgin Adoring the Child with the Infant Saint John the Baptist,late 1480s,Tempera and gold on wood,"Arched top, 41 x 27 in. (104.1 x 68.6 cm)",104.1,68.6,European Paintings,https://images.metmuseum.org/CRDImages/ep/original/DP-42550-001.jpg
437660,56.54.1,James Seymour,Portrait of a Horseman,,Oil on canvas,37 x 51 5/8 in. (94 x 131.1 cm),94.0,131.1,European Paintings,https://images.metmuseum.org/CRDImages/ep/original/DP169220.jpg
437662,15.30.48,Sir Martin Archer Shee,"William Archer Shee (1810–1899), the Artist's Son",ca. 1820,Oil on canvas,30 x 24 3/4 in. (76.2 x 62.9 cm),76.2,62.9,European Paintings,https://images.metmuseum.org/CRDImages/ep/original/DP169500.jpg
437663,26.168.71,Samuel Shelley,The Hours,1801,Ivory,5 1/2 x 4 1/4 in. (140 x 109 mm),14.0,10.8,European Paintings,https://images.metmuseum.org/CRDImages/ep/original/DP-40801-001.jpg
437673,29.164,Luca Signorelli,The Assumption of the Virgin with Saints Michael and Benedict,ca. 1493–96,Oil and gold on wood,67 1/4 x 51 3/4 in. (170.8 x 131.4 cm),170.8,131.4,European Paintings,https://images.metmuseum.org/CRDImages/ep/original/DP102429.jpg
437674,49.7.13,Luca Signorelli (Luca d'Egidio di Luca di Ventura),Madonna and Child,ca. 1505–7,Oil and gold on wood,20 1/4 x 18 3/4 in. (51.4 x 47.6 cm),51.4,47.6,European Paintings,https://images.metmuseum.org/CRDImages/ep/original/DP-25976-001.jpg
437675,41.100.23,Simone Martini,Saint Andrew,ca. 1326,"Tempera on wood, gold ground",22 1/2 x 14 7/8 in. (57.2 x 37.8 cm),57.2,37.8,European Paintings,https://images.metmuseum.org/CRDImages/ep/original/DP343101.jpg
437676,43.98.12,Simone Martini,Saint Andrew,ca. 1317–19,"Tempera on wood, gold ground","Overall, with arched top and engaged frame, 11 3/4 x 8 3/4 in. (29.8 x 22.2 cm); painted surface 10 3/8 x 7 7/8 in. (26.4 x 20 cm)",29.8,22.2,European Paintings,https://images.metmuseum.org/CRDImages/ep/original/DP168806.jpg
437678,43.98.11,Simone Martini,Saint Matthias,ca. 1317–19,"Tempera on wood, gold ground","Overall, with arched top and engaged frame, 11 5/8 x 8 5/8 in. (29.5 x 21.9 cm); painted surface 10 1/4 x 7 3/4 in. (26 x 19.7 cm)",29.5,21.9,European Paintings,https://images.metmuseum.org/CRDImages/ep/original/DP168805.jpg
437679,43.98.9,Simone Martini,Saint Thomas,ca. 1317–19,"Tempera on wood, gold ground","Overall, with arched top and engaged frame, 11 5/8 x 8 5/8 in. (29.5 x 21.9 cm); painted surface 10 3/8 x 7 3/4 in. (26.4 x 19.7 cm)",29.5,21.9,European Paintings,https://images.metmuseum.org/CRDImages/ep/original/DP168803.jpg
437687,71.70,Pieter van Slingelandt,Johan Hulshout (1623–1687),ca. 1670 or slightly later,Oil on wood,14 1/2 x 11 3/4 in. (36.8 x 29.8 cm),36.8,29.8,European Paintings,https://images.metmuseum.org/CRDImages/ep/original/DP143190.jpg
437688,60.55.1,Pieter van Slingelandt,Portrait of a Man,ca. 1680,Oil on copper,"Oval, 3 3/8 x 2 1/2 in. (8.6 x 6.4 cm)",8.6,6.4,European Paintings,https://images.metmuseum.org/CRDImages/ep/original/DP147932.jpg
437689,24.80.493,John Smart,Sir William Hood,ca. 1766,Ivory,"Oval, 1 1/2 x 1 1/4 in. (37 x 32 mm)",3.8,3.2,European Paintings,https://images.metmuseum.org/CRDImages/ep/original/ep24.80.493.R.jpg
437697,32.75.3,Pieter Snayers,Soldiers Bivouacking,,Oil on wood,28 5/8 x 41 1/8 in. (72.7 x 104.5 cm),72.7,104.5,European Paintings,https://images.metmuseum.org/CRDImages/ep/original/DT340534.jpg
437698,22.16.12,Andrea Solario,Christ Blessing,ca. 1524,Oil on wood,80 1/4 x 51 1/2 in. (203.8 x 130.8 cm),203.8,130.8,European Paintings,https://images.metmuseum.org/CRDImages/ep/original/DP-25349-001.jpg
437699,32.100.81,Andrea Solario,Salome with the Head of Saint John the Baptist,ca. 1507–9,Oil on wood,22 1/2 x 18 1/2 in. (57.2 x 47 cm),57.2,47.0,European Paintings,https://images.metmuseum.org/CRDImages/ep/original/DP105662.jpg
437700,07.66,Francesco Solimena,The Birth of the Virgin,ca. 1690,Oil on canvas,80 1/2 x 67 1/4 in. (204.5 x 170.8 cm),204.5,170.8,European Paintings,https://images.metmuseum.org/CRDImages/ep/original/DT11676.jpg
437701,67.102,Francesco Solimena,Diego Pignatelli d'Aragona (1687–1750) and an Enslaved Servant,probably 1731 or 1732,Oil on canvas,23 1/4 x 18 1/4 in. (59.1 x 46.4 cm),59.1,46.4,European Paintings,https://images.metmuseum.org/CRDImages/ep/original/DP-14155-001.jpg
437703,89.15.7,Hendrick Sorgh,A Kitchen,ca. 1643,Oil on wood,20 1/2 x 17 3/8 in. (52.1 x 44.1 cm),52.1,44.1,European Paintings,https://images.metmuseum.org/CRDImages/ep/original/DP145945.jpg
437722,1976.100.24,Spanish Painter,The Mass of Saint Gregory,,Oil and gold on wood,28 3/8 x 21 7/8 in. (72.1 x 55.6 cm),72.1,55.6,European Paintings,https://images.metmuseum.org/CRDImages/ep/original/DT10252.jpg
437724,32.100.105,Spanish Painter,Virgin and Child Enthroned with Saints Catherine and Jerome,,"Tempera, oil, and gold on wood",20 3/8 x 13 3/4 in. (51.8 x 34.9 cm),51.8,34.9,European Paintings,https://images.metmuseum.org/CRDImages/ep/original/DP-24005-001.jpg
437728,32.100.7,Spanish (Andalusian) Painter,Portrait of a Man,,Oil on canvas,25 x 20 5/8 in. (63.5 x 52.4 cm),63.5,52.4,European Paintings,https://images.metmuseum.org/CRDImages/ep/original/DP-22886-001.jpg
437729,89.15.17,Ignacio de Ries,Saint Michael the Archangel,1640s,Oil on canvas,64 3/4 x 43 1/4 in. (164.5 x 109.9 cm),164.5,109.9,European Paintings,https://images.metmuseum.org/CRDImages/ep/original/DP-26763-001.jpg
437733,41.190.27a–e,Spanish (Castilian) Painter,Virgin and Child with the Pietà and Saints,,Tempera and gold on wood,(a) 49 1/4 x 24 1/4 in. (125.1 x 61.5 cm); (b) 49 x 24 3/4 in. (124.5 x 62.9 cm); (c) 57 x 29 in. (144.8 x 73.7 cm); (d) 49 x 24 3/4 in. (124.5 x 62.9 cm); (e) 49 x 24 1/2 in. (124.5 x 62.2 cm),125.1,61.6,European Paintings,https://images.metmuseum.org/CRDImages/ep/original/DP-14825-001.jpg
437734,29.100.607,Spanish (Castilian) Painter,Head of a Man,,Oil on canvas,14 x 10 3/4 in. (35.6 x 27.3 cm),35.6,27.3,European Paintings,https://images.metmuseum.org/CRDImages/ep/original/DP-17487-001.jpg
437736,32.100.123,Spanish (Catalan) Painter,Christ among the Doctors,,Tempera and gold on wood,44 x 30 in. (111.8 x 76.2 cm),111.8,76.2,European Paintings,https://images.metmuseum.org/CRDImages/ep/original/DP-30262-001.jpg
437738,32.100.127,Spanish (Catalan) Painter,The Beheading of Saint John the Baptist,,Tempera and gold on wood,33 3/4 x 34 in. (85.7 x 86.4 cm),85.7,86.4,European Paintings,https://images.metmuseum.org/CRDImages/ep/original/DP300711.jpg
437739,32.100.126,Spanish (Catalan) Painter,Salome Dancing before Herod,,Tempera and gold on wood,34 1/4 x 33 3/4 in. (87 x 85.7 cm),87.0,85.7,European Paintings,https://images.metmuseum.org/CRDImages/ep/original/DP300709.jpg
437741,61.249,Spanish (Oña) Painter,Six Apostles,,"Tempera on wood, gold ground",Overall 35 1/8 x 93 in. (89.2 x 236.2 cm),89.2,236.2,European Paintings,https://images.metmuseum.org/CRDImages/ep/original/DP256667.jpg
437743,39.54,Spanish Painter,The Trinity Adored by All Saints,,Tempera and gold on wood,"Central panel, overall 67 1/2 x 22 in. (171.5 x 55.9 cm); left panel, overall 67 3/4 x 20 1/8 in. (172.1 x 51.1 cm); right panel, overall 67 7/8 x 20 1/8 in. (172.4 x 51.1 cm)",171.5,55.9,European Paintings,https://images.metmuseum.org/CRDImages/ep/original/DP200558.jpg
437744,13.175,Spinello Aretino (Spinello di Luca Spinelli),Saint Mary Magdalen Holding a Crucifix; (reverse) The Flagellation,ca. 1395–1400,"Tempera on canvas, gold ground; photographic facsimile (Christ’s face on reverse)",69 1/2 x 47 1/4 in. (176.5 x 120 cm),176.5,120.0,European Paintings,https://images.metmuseum.org/CRDImages/ep/original/DP296527.jpg
437745,59.40,Massimo Stanzione,Judith with the Head of Holofernes,ca. 1640,Oil on canvas,78 1/2 x 57 1/2 in. (199.4 x 146.1 cm),199.4,146.1,European Paintings,https://images.metmuseum.org/CRDImages/ep/original/DT1446.jpg
437747,1982.60.31,Jan Steen,The Dissolute Household,ca. 1663–64,Oil on canvas,42 1/2 x 35 1/2 in. (108 x 90.2 cm),108.0,90.2,European Paintings,https://images.metmuseum.org/CRDImages/ep/original/DP146465.jpg
437748,46.13.2,Jan Steen,The Lovesick Maiden,ca. 1660,Oil on canvas,34 x 39 in. (86.4 x 99.1 cm),86.4,99.1,European Paintings,https://images.metmuseum.org/CRDImages/ep/original/DP147594.jpg
437749,58.89,Jan Steen,Merry Company on a Terrace,ca. 1670,Oil on canvas,55 1/2 x 51 3/4 in. (141 x 131.4 cm),141.0,131.4,European Paintings,https://images.metmuseum.org/CRDImages/ep/original/DP146455.jpg
437754,46.150.1,Alfred Stevens,After the Ball,1874,Oil on canvas,37 3/4 x 27 1/8 in. (95.9 x 68.9 cm),95.9,68.9,European Paintings,https://images.metmuseum.org/CRDImages/ep/original/DT12025.jpg
437755,1986.339.2,Alfred Stevens,In the Studio,1888,Oil on canvas,42 x 53 1/2 in. (106.7 x 135.9 cm),106.7,135.9,European Paintings,https://images.metmuseum.org/CRDImages/ep/original/DT8475.jpg
437756,87.15.56,Alfred Stevens,The Japanese Robe,ca. 1872,Oil on canvas,36 1/2 x 25 1/8 in. (92.7 x 63.8 cm),92.7,63.8,European Paintings,https://images.metmuseum.org/CRDImages/ep/original/DP-42347-001.jpg
437757,1981.25,Matthias Stom,Old Woman Praying,late 1630s or early 1640s,Oil on canvas,30 5/8 x 25 1/8 in. (77.8 x 63.8 cm),77.8,63.8,European Paintings,https://images.metmuseum.org/CRDImages/ep/original/DP146510.jpg
437759,71.34,Bernhard Strigel,Portrait of a Woman,ca. 1510–15,Oil on linden,15 1/8 x 10 1/2 in. (38.4 x 26.7 cm),38.4,26.7,European Paintings,https://images.metmuseum.org/CRDImages/ep/original/DP280381.jpg
437761,50.57,Peter Edward Stroely,Portrait of a Woman,ca. 1800,Ivory,"Octagonal, 3 3/8 x 2 5/8 in. (87 x 67 mm)",8.6,6.7,European Paintings,https://images.metmuseum.org/CRDImages/ep/original/DP-40809-001.jpg
437763,57.23,Bernardo Strozzi,Tobias Curing His Father's Blindness,1630–35,Oil on canvas,57 1/2 x 88 in. (146.1 x 223.5 cm),146.1,223.5,European Paintings,https://images.metmuseum.org/CRDImages/ep/original/DP277247.jpg
437768,49.7.14,Lambert Sustris,Portrait of a Man,,Oil on canvas,47 1/2 x 36 1/2 in. (120.7 x 92.7 cm),120.7,92.7,European Paintings,https://images.metmuseum.org/CRDImages/ep/original/DP-22707-001.jpg
437769,1984.459.1,Michiel Sweerts,Clothing the Naked,ca. 1661,Oil on canvas,32 1/4 x 45 in. (81.9 x 114.3 cm),81.9,114.3,European Paintings,https://images.metmuseum.org/CRDImages/ep/original/DP-15762-001.jpg
437770,71.40ab,Swiss Painter,Saint Agapitus of Praeneste in the Arena; (interior) The Beheading of Saint Agapitus of Praeneste,ca. 1500–1505,"Oil, gold, and white metal on wood",54 1/4 x 30 1/2 in. (137.8 x 77.5 cm),137.8,77.5,European Paintings,https://images.metmuseum.org/CRDImages/ep/original/DP164845.jpg
437771,71.33ab,Swiss Painter,Saint Remigius Replenishing the Barrel of Wine; (interior) Saint Remigius and the Burning Wheat,ca. 1500–1505,"Oil, gold, and white metal on wood",54 1/4 x 30 1/2 in. (137.8 x 77.5 cm),137.8,77.5,European Paintings,https://images.metmuseum.org/CRDImages/ep/original/DT256630.jpg
437772,32.100.116,French Painter,Portrait of a Man Wearing the Order of the Annunziata of Savoy,,Oil on wood,14 1/4 x 11 in. (36.2 x 27.9 cm),36.2,27.9,European Paintings,https://images.metmuseum.org/CRDImages/ep/original/DP-43094-001.jpg
437774,1991.27.1,Taddeo di Bartolo,Christ and the Twelve Apostles,ca. 1400,"Tempera on wood, gold ground",9 5/8 x 73 1/8 in. (24.4 x 185.7 cm),24.4,185.7,European Paintings,https://images.metmuseum.org/CRDImages/ep/original/DP278476.jpg
437775,1982.60.49,Nicolas Antoine Taunay,The Billiard Room,after 1810,Oil on wood,6 3/8 x 8 5/8 in. (16.2 x 21.9 cm),16.2,21.9,European Paintings,https://images.metmuseum.org/CRDImages/ep/original/DP-415-001.jpg
437777,64.65.5,David Teniers the Younger,Guardroom with the Deliverance of Saint Peter,ca. 1645–47,Oil on wood,21 3/4 x 29 7/8 in. (55.2 x 75.9 cm),55.2,75.9,European Paintings,https://images.metmuseum.org/CRDImages/ep/original/DP-25891-001.jpg
437778,72.2,David Teniers the Younger,Judith with the Head of Holofernes,1650s,Oil on copper,14 1/2 x 10 3/8 in. (36.8 x 26.4 cm),36.8,26.4,European Paintings,https://images.metmuseum.org/CRDImages/ep/original/DP-24047-001.jpg
437779,71.99,David Teniers the Younger,Peasants Dancing and Feasting,ca. 1660,Oil on canvas,25 1/8 x 29 1/2 in. (63.8 x 74.9 cm); with added strip 26 7/8 x 29 1/2 in. (68.3 x 74.9 cm),68.3,74.9,European Paintings,https://images.metmuseum.org/CRDImages/ep/original/DP120379.jpg
437780,89.15.22,David Teniers the Younger,Shepherds and Sheep,,Oil on wood,6 5/8 x 9 in. (16.8 x 22.9 cm),16.8,22.9,European Paintings,https://images.metmuseum.org/CRDImages/ep/original/DT280207.jpg
437784,1987.75,Pietro Testa,Alexander the Great Rescued from the River Cydnus,ca. 1650,Oil on canvas,38 x 54 in. (96.5 x 137.2 cm),96.5,137.2,European Paintings,https://images.metmuseum.org/CRDImages/ep/original/DP-22844-001.jpg
437785,24.80.520,Carl Friedrich Thienpondt,A Sea Nymph,ca. 1760,Enamel,2 7/8 x 2 1/4 in. (74 x 59 mm),7.3,5.7,European Paintings,https://images.metmuseum.org/CRDImages/ep/original/DP-40799-001.jpg
437786,24.80.519,Carl Friedrich Thienpondt,Diana,ca. 1760,Enamel,2 7/8 x 2 1/4 in. (74 x 59 mm),7.3,5.7,European Paintings,https://images.metmuseum.org/CRDImages/ep/original/DP-40798-001.jpg
437788,65.183.1,Giovanni Battista Tiepolo,The Triumph of Marius,1729,Oil on canvas,"Irregular painted surface, 220 x 128 5/8 in. (558.8 x 326.7 cm)",558.8,326.7,European Paintings,https://images.metmuseum.org/CRDImages/ep/original/DT9353.jpg
437789,37.165.1,Giovanni Battista Tiepolo,The Adoration of the Magi,late 1750s,Oil on canvas,23 3/4 x 18 3/4 in. (60.3 x 47.6 cm),60.3,47.6,European Paintings,https://images.metmuseum.org/CRDImages/ep/original/DT1202.jpg
437790,1977.1.3,Giovanni Battista Tiepolo,Allegory of the Planets and Continents,1752,Oil on canvas,73 x 54 7/8 in. (185.4 x 139.4 cm),185.4,139.4,European Paintings,https://images.metmuseum.org/CRDImages/ep/original/DP-14286-007.jpg
437791,1980.363,Giovanni Battista Tiepolo,The Apotheosis of the Spanish Monarchy,1760s,Oil on canvas,"Oval painted surface, 33 1/8 x 27 1/8 in. (84.1 x 68.9 cm)",84.1,68.9,European Paintings,https://images.metmuseum.org/CRDImages/ep/original/DT9053.jpg
437793,43.85.14,Giovanni Battista Tiepolo,Allegorical Figure Representing Arithmetic,1760,"Fresco, transferred to canvas",146 x 57 7/8 in. (370.8 x 147 cm),370.8,147.0,European Paintings,https://images.metmuseum.org/CRDImages/ep/original/DP287639.jpg
437795,65.183.2,Giovanni Battista Tiepolo,The Capture of Carthage,1725–29,Oil on canvas,"Irregular painted surface, 162 x 148 3/8 in. (411.5 x 376.9 cm)",411.5,376.9,European Paintings,https://images.metmuseum.org/CRDImages/ep/original/DT1445b.jpg
437796,1984.49,Giovanni Battista Tiepolo,A Female Allegorical Figure,ca. 1740–50,"Oil on canvas, gold ground","Oval, 32 x 24 7/8 in. (81.3 x 63.2 cm)",81.3,63.2,European Paintings,https://images.metmuseum.org/CRDImages/ep/original/Wrightsman_1984 49.jpg
437797,43.85.15,Giovanni Battista Tiepolo,Allegorical Figure Representing Geometry,1760,"Fresco, transferred to canvas",146 x 57 7/8 in. (370.8 x 147 cm),370.8,147.0,European Paintings,https://images.metmuseum.org/CRDImages/ep/original/DP291734.jpg
437798,23.128,Giovanni Battista Tiepolo,The Glorification of the Barbaro Family,ca. 1750,Oil on canvas,"Irregular oval, 96 x 183 3/4 in. (243.8 x 466.7 cm)",243.8,466.7,European Paintings,https://images.metmuseum.org/CRDImages/ep/original/DP287646.jpg
437799,43.85.16,Giovanni Battista Tiepolo,Allegorical Figure Representing Grammar,1760,"Fresco, transferred to canvas",146 x 57 7/8 in. (370.8 x 147 cm),370.8,147.0,European Paintings,https://images.metmuseum.org/CRDImages/ep/original/DP287641.jpg
437800,71.121,Giovanni Battista Tiepolo,The Investiture of Bishop Harold as Duke of Franconia,ca. 1751–52,Oil on canvas,28 1/4 x 20 1/4 in. (71.8 x 51.4 cm),71.8,51.4,European Paintings,https://images.metmuseum.org/CRDImages/ep/original/DP123856.jpg
437801,43.85.13,Giovanni Battista Tiepolo,Allegorical Figure Representing Metaphysics,1760,"Fresco, transferred to canvas",146 x 57 7/8 in. (370.8 x 147 cm),370.8,147.0,European Paintings,https://images.metmuseum.org/CRDImages/ep/original/DP287638.jpg
437802,37.165.4,Giovanni Battista Tiepolo,Neptune and the Winds,1760s,Oil on canvas,"Round painted surface, 24 1/2 x 24 1/2 in. (62.2 x 62.2 cm)",62.2,62.2,European Paintings,https://images.metmuseum.org/CRDImages/ep/original/DP-17536-001.jpg
437803,37.165.2,Giovanni Battista Tiepolo,Saint Thecla Praying for the Plague-Stricken,1758–59,Oil on canvas,32 x 17 5/8 in. (81.3 x 44.8 cm),81.3,44.8,European Paintings,https://images.metmuseum.org/CRDImages/ep/original/DT11803.jpg
437804,43.85.12,Giovanni Battista Tiepolo,Allegorical Figures Representing Virtue and Abundance,1760,"Fresco, transferred to canvas",Diameter 114 in. (289.6 cm),289.6,289.6,European Paintings,https://images.metmuseum.org/CRDImages/ep/original/DP287634.jpg
437805,43.85.24,Giovanni Battista Tiepolo,Allegorical Figure Representing Fortitude,1760,"Fresco, transferred to canvas","Oval, 45 5/8 x 33 1/2 in. (115.9 x 85.1 cm)",115.9,85.1,European Paintings,https://images.metmuseum.org/CRDImages/ep/original/DP357807.jpg
437806,43.85.21,Giovanni Battista Tiepolo,Allegorical Figure Representing Prudence,1760,"Fresco, transferred to canvas","Oval, 49 1/8 x 36 1/4 in. (124.8 x 92.1 cm)",124.8,92.1,European Paintings,https://images.metmuseum.org/CRDImages/ep/original/DP357798.jpg
437808,43.85.22,Giovanni Battista Tiepolo,"Allegorical Figure Representing a Virtue, Possibly Patriotism",1760,"Fresco, transferred to canvas","Oval, 49 3/8 x 36 1/4 in. (125.4 x 92.1 cm)",125.4,92.1,European Paintings,https://images.metmuseum.org/CRDImages/ep/original/DP357801.jpg
437809,43.85.18,Giovanni Domenico Tiepolo,Allegorical Figure Representing Africa,,"Fresco, transferred to canvas",32 1/4 x 42 3/4 in. (81.9 x 108.6 cm),81.9,108.6,European Paintings,https://images.metmuseum.org/CRDImages/ep/original/DP287643.jpg
437810,43.85.20,Giovanni Domenico Tiepolo,Allegorical Figure Representing America,,"Fresco, transferred to canvas",32 1/4 x 42 3/4 in. (81.9 x 108.6 cm),81.9,108.6,European Paintings,https://images.metmuseum.org/CRDImages/ep/original/DP287645.jpg
437811,43.85.17,Giovanni Domenico Tiepolo,Allegorical Figure Representing Asia,,"Fresco, transferred to canvas",32 1/4 x 41 3/4 in. (81.9 x 106 cm),81.9,106.0,European Paintings,https://images.metmuseum.org/CRDImages/ep/original/DT201331.jpg
437812,1980.67,Giovanni Domenico Tiepolo,A Dance in the Country,ca. 1755,Oil on canvas,29 3/4 x 47 1/4 in. (75.6 x 120 cm),75.6,120.0,European Paintings,https://images.metmuseum.org/CRDImages/ep/original/DT8976.jpg
437813,43.85.19,Giovanni Domenico Tiepolo,Allegorical Figure Representing Europe,,"Fresco, transferred to canvas",32 1/4 x 42 3/4 in. (81.9 x 108.6 cm),81.9,108.6,European Paintings,https://images.metmuseum.org/CRDImages/ep/original/DT201333.jpg
437814,13.2,Giovanni Domenico Tiepolo,The Glorification of the Giustiniani Family,1783,Oil on canvas,46 x 32 1/2 in. (116.8 x 82.6 cm),116.8,82.6,European Paintings,https://images.metmuseum.org/CRDImages/ep/original/DP123832.jpg
437815,71.28,Giovanni Domenico Tiepolo,The Sacrifice of Isaac,mid-1750s,Oil on canvas,15 3/8 x 21 in. (39.1 x 53.3 cm),39.1,53.3,European Paintings,https://images.metmuseum.org/CRDImages/ep/original/DP-25224-001.jpg
437817,71.32,Gillis van Tilborgh,Group Portrait: A Wedding Celebration,,Oil on canvas,45 1/2 x 63 1/4 in. (115.6 x 160.7 cm),115.6,160.7,European Paintings,https://images.metmuseum.org/CRDImages/ep/original/EP602.jpg
437819,10.206,Jacopo Tintoretto (Jacopo Robusti),Doge Alvise Mocenigo (1507–1577) Presented to the Redeemer,probably 1577,Oil on canvas,38 1/4 x 78 in. (97.2 x 198.1 cm),97.2,198.1,European Paintings,https://images.metmuseum.org/CRDImages/ep/original/DT216453.jpg
437820,39.55,Jacopo Tintoretto (Jacopo Robusti),The Finding of Moses,1560s?,Oil on canvas,30 1/2 x 52 3/4 in. (77.5 x 134 cm),77.5,134.0,European Paintings,https://images.metmuseum.org/CRDImages/ep/original/DP239507.jpg
437821,13.75,Jacopo Tintoretto (Jacopo Robusti),The Miracle of the Loaves and Fishes,ca. 1545–50,Oil on canvas,61 x 160 1/2 in. (154.9 x 407.7 cm),154.9,407.7,European Paintings,https://images.metmuseum.org/CRDImages/ep/original/DT5476.jpg
437822,41.100.12,Jacopo Tintoretto (Jacopo Robusti),Portrait of a Man,1550s,Oil on canvas,44 3/8 x 35 in. (112.7 x 88.9 cm),112.7,88.9,European Paintings,https://images.metmuseum.org/CRDImages/ep/original/DP-16041-001.jpg
437823,14.40.650,Titian (Tiziano Vecellio),"Filippo Archinto (born about 1500, died 1558), Archbishop of Milan",mid-1550s,Oil on canvas,46 1/2 x 37 in. (118.1 x 94 cm),118.1,94.0,European Paintings,https://images.metmuseum.org/CRDImages/ep/original/DP-25977-001.jpg
437824,49.7.15,Titian (Tiziano Vecellio),Madonna and Child,ca. 1508,Oil on wood,Overall 18 x 22 in. (45.7 x 55.9 cm); painted surface 17 x 21 1/2 in. (43.2 x 54.6 cm),45.7,55.9,European Paintings,https://images.metmuseum.org/CRDImages/ep/original/DP-17398-001.jpg
437825,14.40.640,Titian (Tiziano Vecellio),Portrait of a Man,ca. 1515,Oil on canvas,19 3/4 x 17 3/4 in. (50.2 x 45.1 cm),50.2,45.1,European Paintings,https://images.metmuseum.org/CRDImages/ep/original/DP-23080-001.jpg
437826,49.7.16,Titian (Tiziano Vecellio),Venus and Adonis,1550s,Oil on canvas,42 x 52 1/2 in. (106.7 x 133.4 cm),106.7,133.4,European Paintings,https://images.metmuseum.org/CRDImages/ep/original/DP-19299-001.jpg
437827,36.29,Titian,Venus and the Lute Player,ca. 1565–70,Oil on canvas,65 x 82 1/2 in. (165.1 x 209.6 cm),165.1,209.6,European Paintings,https://images.metmuseum.org/CRDImages/ep/original/DP-28918-001.jpg
437828,27.56,Titian,"Alfonso d'Este (1486–1534), Duke of Ferrara",,Oil on canvas,50 x 38 3/4 in. (127 x 98.4 cm),127.0,98.4,European Paintings,https://images.metmuseum.org/CRDImages/ep/original/DT226035.jpg
437830,32.100.85,Titian,Doge Andrea Gritti (1455–1538),,Oil on canvas,40 1/4 x 31 3/4 in. (102.2 x 80.6 cm),102.2,80.6,European Paintings,https://images.metmuseum.org/CRDImages/ep/original/DP-22887-001.jpg
437831,55.205.1,Louis Tocqué,Jean Marc Nattier (1685–1766),ca. 1740,Oil on canvas,30 1/2 x 23 1/4 in. (77.5 x 59.1 cm),77.5,59.1,European Paintings,https://images.metmuseum.org/CRDImages/ep/original/DP280391.jpg
437832,17.190.8,Tommaso Fiorentino (Tommaso di Stefano Lunetti),Portrait of a Man,1521,Oil on wood,32 1/4 x 23 7/8 in. (81.9 x 60.6 cm),81.9,60.6,European Paintings,https://images.metmuseum.org/CRDImages/ep/original/DP-20749-001.jpg
437834,1974.356.36,Henri de Toulouse-Lautrec,Mademoiselle Nys,1899,Oil on unprimed wood,10 5/8 x 8 5/8 in. (27 x 21.9 cm),27.0,21.9,European Paintings,https://images.metmuseum.org/CRDImages/ep/original/ep1974.356.36.R.jpg
437835,67.187.108,Henri de Toulouse-Lautrec,"The Englishman (William Tom Warrener, 1861–1934) at the Moulin Rouge",1892,Oil on cardboard,33 3/4 x 26 in. (85.7 x 66 cm),85.7,66.0,European Paintings,https://images.metmuseum.org/CRDImages/ep/original/DT1500.jpg
437836,1979.135.14,Henri de Toulouse-Lautrec,Albert (René) Grenier (1858–1925),1887,Oil on wood,13 3/8 x 10 in. (34 x 25.4 cm),34.0,25.4,European Paintings,https://images.metmuseum.org/CRDImages/ep/original/DT2167.jpg
437837,51.33.2,Henri de Toulouse-Lautrec,The Sofa,ca. 1894–96,Oil on cardboard,24 3/4 x 31 7/8 in. (62.9 x 81 cm),62.9,81.0,European Paintings,https://images.metmuseum.org/CRDImages/ep/original/DT1924.jpg
437838,1976.201.15,Henri de Toulouse-Lautrec,Woman in the Garden of Monsieur Forest,1889–91,Oil on canvas,21 7/8 x 18 1/4 in. (55.6 x 46.4 cm),55.6,46.4,European Paintings,https://images.metmuseum.org/CRDImages/ep/original/DP124056.jpg
437841,68.182,Gaspare Traversi,Saint Margaret of Cortona,ca. 1758,Oil on canvas,67 3/4 x 48 1/4 in. (172.1 x 122.6 cm),172.1,122.6,European Paintings,https://images.metmuseum.org/CRDImages/ep/original/DT11449.jpg
437842,1976.100.19,Gaspare Traversi,Teasing a Sleeping Girl,ca. 1760,Oil on canvas,34 1/8 x 42 3/8 in. (86.7 x 107.6 cm),86.7,107.6,European Paintings,https://images.metmuseum.org/CRDImages/ep/original/DP-22991-001.jpg
437843,29.100.179,Italian Painter,Portrait of a Man,,Oil on canvas,22 x 17 1/2 in. (55.9 x 44.5 cm),55.9,44.5,European Paintings,https://images.metmuseum.org/CRDImages/ep/original/DP-22883-001.jpg
437844,1974.356.27,Pierre Charles Trémolières,Comedy,ca. 1736,Oil on canvas,14 3/4 × 17 3/4 in. (37.5 × 45.1 cm),47.6,59.05512,European Paintings,https://images.metmuseum.org/CRDImages/ep/original/DP356152.jpg
437845,07.225.285,Jean François de Troy,The Triumph of Mordecai,ca. 1736,Oil on canvas,33 5/8 x 59 1/4 in. (86 x 150.2 cm),85.4,150.4953,European Paintings,https://images.metmuseum.org/CRDImages/ep/original/DP-14284-001.jpg
437849,49.7.17,Cosmè Tura (Cosimo di Domenico di Bonaventura),The Flight into Egypt,1470s,Tempera on wood,"Overall, with corners made up, 15 5/8 x 15 1/8 in. (39.7 x 38.4 cm); painted surface, diameter 15 1/4 in. (38.7 cm)",39.7,38.4,European Paintings,https://images.metmuseum.org/CRDImages/ep/original/DP-19503-001.jpg
437850,30.95.259,Cosmè Tura (Cosimo di Domenico di Bonaventura),Saint Louis of Toulouse,1484?,"Tempera on canvas, stretched over wood, transferred from wood, gold ground",Overall 28 1/2 x 15 5/8 in. (72.4 x 39.7 cm); original size 28 1/4 x 12 5/8 in. (71.8 x 32.1 cm),72.4,39.7,European Paintings,https://images.metmuseum.org/CRDImages/ep/original/DP121336.jpg
437855,29.158.746,Nicolaos Tzafouris,Christ Bearing the Cross,,"Oil and tempera on wood, gold ground",27 1/4 x 21 1/2 in. (69.2 x 54.6 cm),69.2,54.6,European Paintings,https://images.metmuseum.org/CRDImages/ep/original/DP215890.jpg
437861,57.104,Wallerant Vaillant,Portrait of a Boy with a Falcon,,Oil on canvas,29 3/4 x 25 in. (75.6 x 63.5 cm),75.6,63.5,European Paintings,https://images.metmuseum.org/CRDImages/ep/original/DP-22709-001.jpg
437862,54.168,Juan de Valdés Leal,Pietà,ca. 1657–60,Oil on canvas,63 1/4 x 56 1/2 in. (160.7 x 143.5 cm),160.7,143.5,European Paintings,https://images.metmuseum.org/CRDImages/ep/original/DP-25350-001.jpg
437865,1995.317,Carle (Charles André) Vanloo,Halt of the Hunt,ca. 1737,Oil on canvas,23 1/4 x 19 1/2 in. (59.1 x 49.5 cm),59.1,49.5,European Paintings,https://images.metmuseum.org/CRDImages/ep/original/DP-12951-001.jpg
437868,52.125,Juan Bautista Martínez del Mazo,"Don Gaspar de Guzmán (1587–1645), Count-Duke of Olivares",ca. 1636 or later,Oil on canvas,50 1/4 x 41 in. (127.6 x 104.1 cm),127.6,104.1,European Paintings,https://images.metmuseum.org/CRDImages/ep/original/DP-14936-011.jpg
437869,1971.86,Velázquez (Diego Rodríguez de Silva y Velázquez),Juan de Pareja (ca. 1608–1670),1650,Oil on canvas,32 x 27 1/2 in. (81.3 x 69.9 cm),81.3,69.9,European Paintings,https://images.metmuseum.org/CRDImages/ep/original/DP-14286-001.jpg
437870,49.7.43,Velázquez (Diego Rodríguez de Silva y Velázquez),"María Teresa (1638–1683), Infanta of Spain",1651–54,Oil on canvas,Overall 13 1/2 x 15 3/4 in. (34.3 x 40 cm); original painted surface 12 7/8 x 15 1/8 in. (32.7 x 38.4 cm),34.3,40.0,European Paintings,https://images.metmuseum.org/CRDImages/ep/original/DP-24467-001.jpg
437871,14.40.631,Velázquez (Diego Rodríguez de Silva y Velázquez),The Supper at Emmaus,1622–23,Oil on canvas,48 1/2 x 52 1/4 in. (123.2 x 132.7 cm),123.2,132.7,European Paintings,https://images.metmuseum.org/CRDImages/ep/original/DP120945.jpg
437872,89.15.18,Velázquez,"Mariana of Austria (1634–1696), Queen of Spain",,Oil on canvas,32 1/4 x 39 1/2 in. (81.9 x 100.3 cm),81.9,100.3,European Paintings,https://images.metmuseum.org/CRDImages/ep/original/DP276130.jpg
437873,14.40.639,Velázquez (Diego Rodríguez de Silva y Velázquez),"Philip IV (1605–1665), King of Spain",probably 1624,Oil on canvas,78 3/4 x 40 1/2 in. (200 x 102.9 cm),200.0,102.9,European Paintings,https://images.metmuseum.org/CRDImages/ep/original/DP239023.jpg
437874,49.7.42,Velázquez (Diego Rodríguez de Silva y Velázquez),"Portrait of a Man, Possibly a Self-Portrait",ca. 1635,Oil on canvas,27 x 21 3/4 in. (68.6 x 55.2 cm),68.6,55.2,European Paintings,https://images.metmuseum.org/CRDImages/ep/original/DP221248.jpg
437875,89.15.29,Velázquez,Portrait of a Man,ca. 1650,Oil on canvas,27 1/4 x 22 1/4 in. (69.2 x 56.5 cm),69.2,56.5,European Paintings,https://images.metmuseum.org/CRDImages/ep/original/DP276131.jpg
437877,32.100.18,Johannes Vermeer,Allegory of the Catholic Faith,ca. 1670–72,Oil on canvas,45 x 35 in. (114.3 x 88.9 cm),114.3,88.9,European Paintings,https://images.metmuseum.org/CRDImages/ep/original/DP145924.jpg
437878,14.40.611,Johannes Vermeer,A Maid Asleep,ca. 1656–57,Oil on canvas,34 1/2 x 30 1/8 in. (87.6 x 76.5 cm),87.6,76.5,European Paintings,https://images.metmuseum.org/CRDImages/ep/original/DP355525.jpg
437879,1979.396.1,Johannes Vermeer,Study of a Young Woman,ca. 1665–67,Oil on canvas,17 1/2 x 15 3/4 in. (44.5 x 40 cm),44.5,40.0,European Paintings,https://images.metmuseum.org/CRDImages/ep/original/DP353256.jpg
437880,25.110.24,Johannes Vermeer,Young Woman with a Lute,ca. 1662–63,Oil on canvas,20 1/4 x 18 in. (51.4 x 45.7 cm),51.4,45.7,European Paintings,https://images.metmuseum.org/CRDImages/ep/original/DP354965.jpg
437881,89.15.21,Johannes Vermeer,Young Woman with a Water Pitcher,ca. 1662,Oil on canvas,18 x 16 in. (45.7 x 40.6 cm),45.7,40.6,European Paintings,https://images.metmuseum.org/CRDImages/ep/original/DP353257.jpg
437883,1982.60.27,Jan Cornelisz Vermeyen,Portrait of a Man with a Rosary,1545,Oil on wood,20 x 16 1/4 in. (50.8 x 41.3 cm),50.8,41.3,European Paintings,https://images.metmuseum.org/CRDImages/ep/original/DT8857.jpg
437884,1982.60.26,Jan Cornelisz Vermeyen,"Mary (1505–1558), Queen of Hungary",,Oil on wood,21 1/2 x 18 in. (54.6 x 45.7 cm),54.6,45.7,European Paintings,https://images.metmuseum.org/CRDImages/ep/original/DT8856.jpg
437885,06.144,Carle (Antoine Charles Horace) Vernet,The Triumph of Aemilius Paulus,1789,Oil on canvas,51 1/8 x 172 1/2 in. (129.9 x 438.2 cm),129.9,438.2,European Paintings,https://images.metmuseum.org/CRDImages/ep/original/DT11657.jpg
437887,62.254,Horace Vernet,Bertel Thorvaldsen (1768–1844) with the Bust of Horace Vernet,1833 or later,Oil on canvas,38 x 29 1/2 in. (96.5 x 74.9 cm),96.5,74.9,European Paintings,https://images.metmuseum.org/CRDImages/ep/original/DT2137.jpg
437888,87.15.47,Horace Vernet,The Start of the Race of the Riderless Horses,1820,Oil on canvas,18 1/8 x 21 1/4 in. (46 x 54 cm),46.0,54.0,European Paintings,https://images.metmuseum.org/CRDImages/ep/original/DP-25221-001.jpg
437889,46.31,Paolo Veronese (Paolo Caliari),Alessandro Vittoria (1525–1608),ca. 1580,Oil on canvas,43 1/2 x 32 1/4 in. (110.5 x 81.9 cm),110.5,81.9,European Paintings,https://images.metmuseum.org/CRDImages/ep/original/DP-17461-001.jpg
437890,29.100.105,Paolo Veronese (Paolo Caliari),Boy with a Greyhound,possibly 1570s,Oil on canvas,68 3/8 x 40 1/8 in. (173.7 x 101.9 cm),173.7,101.9,European Paintings,https://images.metmuseum.org/CRDImages/ep/original/DP-14936-005.jpg
437891,10.189,Paolo Veronese (Paolo Caliari),Mars and Venus United by Love,1570s,Oil on canvas,81 x 63 3/8 in. (205.7 x 161 cm),205.7,161.0,European Paintings,https://images.metmuseum.org/CRDImages/ep/original/DP167124.jpg
437892,14.40.647,Andrea del Verrocchio,Madonna and Child,ca. 1470,Tempera and gold on wood,26 x 19 in. (66 x 48.3 cm),66.0,48.3,European Paintings,https://images.metmuseum.org/CRDImages/ep/original/DP-19523-001.jpg
437893,36.162.1,Johannes Verspronck,Portrait of a Man,1645,Oil on canvas,31 1/4 x 25 1/4 in. (79.4 x 64.1 cm),79.4,64.1,European Paintings,https://images.metmuseum.org/CRDImages/ep/original/DP143176.jpg
437894,1983.405,Antoine Vestier,Eugène Joseph Stanislas Foullon d'Ecotier (1753–1821),1785,Oil on canvas,"Oval, 31 5/8 x 25 1/8 in. (80.3 x 63.8 cm)",80.3,63.8,European Paintings,https://images.metmuseum.org/CRDImages/ep/original/DP-13041-001.jpg
437895,87.15.101,Jean-Georges Vibert,The Reprimand,1874,Oil on canvas,20 3/8 x 33 in. (51.8 x 83.8 cm),51.8,83.8,European Paintings,https://images.metmuseum.org/CRDImages/ep/original/EP1436.jpg
437896,25.110.140,Jean-Georges Vibert,The Missionary's Adventures,ca. 1883,Oil on wood,39 x 53 in. (99.1 x 134.6 cm),99.1,134.6,European Paintings,https://images.metmuseum.org/CRDImages/ep/original/EP1435.jpg
437897,71.170,Jan Victors,Abraham's Parting from the Family of Lot,ca. 1655–65,Oil on canvas,58 x 65 1/8 in. (147.3 x 165.4 cm),147.3,165.4,European Paintings,https://images.metmuseum.org/CRDImages/ep/original/DP143196.jpg
437898,50.135.2,Elisabeth Louise Vigée Le Brun,"Madame Grand (Noël Catherine Vorlée, 1761–1835)",1783,Oil on canvas,"Oval, 36 1/4 x 28 1/2 in. (92.1 x 72.4 cm)",92.1,72.4,European Paintings,https://images.metmuseum.org/CRDImages/ep/original/DP320094.jpg
437899,49.7.53,Elisabeth Louise Vigée Le Brun,Alexandre Charles Emmanuel de Crussol-Florensac (1743–1815),1787,Oil on wood,35 3/8 x 25 1/2 in. (89.9 x 64.8 cm),89.9,64.8,European Paintings,https://images.metmuseum.org/CRDImages/ep/original/DP320090.jpg
437900,54.182,Elisabeth Louise Vigée Le Brun,"Comtesse de la Châtre (Marie Charlotte Louise Perrette Aglaé Bontemps, 1762–1848)",1789,Oil on canvas,45 x 34 1/2 in. (114.3 x 87.6 cm),114.3,87.6,European Paintings,https://images.metmuseum.org/CRDImages/ep/original/DP320086.jpg
437902,87.15.39,José Villegas y Cordero,Examining Antique Arms,1870,Oil on wood,15 5/8 x 12 1/2 in. (39.7 x 31.8 cm),39.7,31.8,European Paintings,https://images.metmuseum.org/CRDImages/ep/original/Villegas_87_15_39_Examining_Arms_Cropped.jpg
437903,17.120.204,Marie Denise Villers,Marie Joséphine Charlotte du Val d'Ognes (1786–1868),1801,Oil on canvas,63 1/2 × 50 5/8 in. (161.3 × 128.6 cm),161.3,128.6,European Paintings,https://images.metmuseum.org/CRDImages/ep/original/DP-416-001.jpg
437904,26.168.55,Villers,Portrait of a Woman,ca. 1790,Ivory,"Oval, 2 3/8 x 1 7/8 in. (60 x 48 mm)",6.0,4.8,European Paintings,https://images.metmuseum.org/CRDImages/ep/original/DP327718.jpg
437905,25.106.21,Villers,A Man with the Initials JD,1790,Ivory,Diameter 2 1/2 in. (62 mm),6.3,6.3,European Paintings,https://images.metmuseum.org/CRDImages/ep/original/DP327719.jpg
437909,37.163.4,Antonio Vivarini,Saint Peter Martyr Healing the Leg of a Young Man,ca. 1450,Tempera and gold on wood,20 7/8 x 13 1/8 in. (53 x 33.3 cm),53.0,33.3,European Paintings,https://images.metmuseum.org/CRDImages/ep/original/DP154560.jpg
437910,65.181.6,Antonio Vivarini,Saint Jerome,1440s,"Tempera on wood, gold ground",10 1/4 x 6 5/8 in. (26 x 16.8 cm),26.0,16.8,European Paintings,https://images.metmuseum.org/CRDImages/ep/original/EP322.jpg
437912,50.229.1,Bartolomeo Vivarini,The Death of the Virgin,1484,Tempera on wood,"Arched top, 74 3/4 x 59 in. (189.9 x 149.9 cm)",189.9,149.9,European Paintings,https://images.metmuseum.org/CRDImages/ep/original/DP231371.jpg
437913,65.181.1,Bartolomeo Vivarini,A Saint (Mark?) Reading,ca. 1470,"Tempera on wood, gold ground",18 5/8 x 14 3/4 in. (47.3 x 37.5 cm),47.3,37.5,European Paintings,https://images.metmuseum.org/CRDImages/ep/original/DP256393.jpg
437916,18.22.1,Antoine Vollon,Still Life with Cheese,probably late 1870s,Oil on canvas,33 3/8 x 35 3/8 in. (84.8 x 89.9 cm),84.8,89.9,European Paintings,https://images.metmuseum.org/CRDImages/ep/original/DT1989.jpg
437917,89.15.37,Cornelis de Vos,Portrait of a Woman,,Oil on wood,49 3/8 x 38 in. (125.4 x 96.5 cm),125.4,96.5,European Paintings,https://images.metmuseum.org/CRDImages/ep/original/ep89.15.37.jpg
437918,71.46,Cornelis de Vos,Portrait of a Young Woman,,Oil on canvas,"46 1/2 x 37 1/4 in. (118.1 x 94.6 cm), including added strip of 2 3/4 in. (7 cm) at top",118.1,94.6,European Paintings,https://images.metmuseum.org/CRDImages/ep/original/DP-17623-001.jpg
437919,06.1039,Anthony van Dyck,Two Tritons at the Feast of Acheloüs,,Oil on canvas,62 3/4 x 45 7/8 in. (159.4 x 116.5 cm),159.4,116.5,European Paintings,https://images.metmuseum.org/CRDImages/ep/original/DP-37653-001.jpg
437921,71.63,Abraham de Vries,Portrait of a Man,1643,Oil on wood,25 1/4 x 21 in. (64.1 x 53.3 cm),64.1,53.3,European Paintings,https://images.metmuseum.org/CRDImages/ep/original/DP143188.jpg
437925,49.7.54,Antoine Watteau,The French Comedians,ca. 1720,Oil on canvas,22 1/2 x 28 3/4 in. (57.2 x 73 cm),57.2,73.0,European Paintings,https://images.metmuseum.org/CRDImages/ep/original/DP120381.jpg
437926,34.138,Antoine Watteau,Mezzetin,ca. 1718–20,Oil on canvas,21 3/4 x 17 in. (55.2 x 43.2 cm),55.2,43.2,European Paintings,https://images.metmuseum.org/CRDImages/ep/original/DP170811.jpg
437927,60.71.21,Antoine Watteau,The Cascade,,Oil on wood,Diameter 8 1/2 in. (21.6 cm),21.6,21.6,European Paintings,https://images.metmuseum.org/CRDImages/ep/original/DP-1418-001.jpg
437928,60.71.20,Antoine Watteau,The Country Dance,,Oil on wood,Diameter 8 1/2 in. (21.6 cm),21.6,21.6,European Paintings,https://images.metmuseum.org/CRDImages/ep/original/DP-1417-001.jpg
437936,05.39.1,George Frederic Watts,Ariadne,1894,Oil on canvas,24 x 20 in. (61 x 50.8 cm),61.0,50.8,European Paintings,https://images.metmuseum.org/CRDImages/ep/original/DP169627.jpg
437938,44.36.6,Robert White,Portrait of a Man,1690,Plumbago on vellum,"Oval, 4 1/4 x 3 3/8 in. (106 x 85 mm)",10.8,8.6,European Paintings,https://images.metmuseum.org/CRDImages/ep/original/DP-43793-001.jpg
437939,15.30.52,Sir David Wilkie,The Highland Family,1824,Oil on wood,24 x 36 in. (61 x 91.4 cm),61.0,91.4,European Paintings,https://images.metmuseum.org/CRDImages/ep/original/DP169629.jpg
437943,67.187.119,Franz Xaver Winterhalter,"Countess Alexander Nikolaevitch Lamsdorff (Maria Ivanovna Beck, 1835–1866)",1859,Oil on canvas,57 1/4 × 45 1/4 in. (145.4 × 114.9 cm),145.4,114.9,European Paintings,https://images.metmuseum.org/CRDImages/ep/original/DT2553.jpg
437944,01.21,Franz Xaver Winterhalter,Florinda,1853,Oil on canvas,70 1/4 x 96 3/4 in. (178.4 x 245.7 cm),178.4,245.7,European Paintings,https://images.metmuseum.org/CRDImages/ep/original/DP159188.jpg
437945,39.65.7,Willem Wissing,Portrait of a Woman,ca. 1687,Oil on canvas,49 3/4 x 40 1/4 in. (126.4 x 102.2 cm),126.4,102.2,European Paintings,https://images.metmuseum.org/CRDImages/ep/original/DP169636.jpg
437949,07.225.257,Jacob de Wit,Children Playing with a Goat,,Oil on canvas,26 3/4 x 41 in. (67.9 x 104.1 cm),67.9,104.1,European Paintings,https://images.metmuseum.org/CRDImages/ep/original/DP146935.jpg
437951,95.14.97,William Wood,"Portrait of a Man, Possibly William Abington (1770–1839)",ca. 1798,Ivory,"Oval, 3 1/4 x 2 5/8 in. (81 x 66 mm)",8.3,6.7,European Paintings,https://images.metmuseum.org/CRDImages/ep/original/DP-43798-001.jpg
437953,1971.48,Philips Wouwerman,A Man and a Woman on Horseback,ca. 1653–54,Oil on wood,12 1/8 x 16 1/4 in. (30.8 x 41.3 cm),30.8,41.3,European Paintings,https://images.metmuseum.org/CRDImages/ep/original/DP143205.jpg
437954,1986.264.6,Joseph Wright (Wright of Derby),Portrait of a Woman,ca. 1770,Oil on canvas,49 7/8 x 40 in. (126.7 x 101.6 cm),126.7,101.6,European Paintings,https://images.metmuseum.org/CRDImages/ep/original/DP169653.jpg
437955,1993.333,Joachim Wtewael,The Golden Age,1605,Oil on copper,8 7/8 x 12 in. (22.5 x 30.5 cm),22.5,30.5,European Paintings,https://images.metmuseum.org/CRDImages/ep/original/DP145413.jpg
437956,06.288,Peter Wtewael,Kitchen Scene,1620s,Oil on canvas,44 3/4 x 63 in. (113.7 x 160 cm),113.7,160.0,European Paintings,https://images.metmuseum.org/CRDImages/ep/original/DP146469.jpg
437960,95.14.61,Christian Friedrich Zincke,Richard Abell,1724,Enamel,"Oval, 1 3/4 x 1 3/8 in. (45 x 35 mm)",4.4,3.5,European Paintings,https://images.metmuseum.org/CRDImages/ep/original/ep95.14.61.R.jpg
437961,95.14.99,Christian Friedrich Zincke,Mrs. Vanderbank,ca. 1730,Enamel,"Oval, 1 3/8 x 1 1/2 in. (35 x 38 mm)",3.5,3.8,European Paintings,https://images.metmuseum.org/CRDImages/ep/original/ep95.14.99.R.jpg
437962,48.187.495,Christian Friedrich Zincke,Portrait of a Young Man,,Enamel,"Oval, 1 3/4 x 1 3/8 in. (45 x 36 mm)",4.4,3.5,European Paintings,https://images.metmuseum.org/CRDImages/ep/original/DT200585.jpg
437964,1988.72,Anders Zorn,"Frieda Schiff (1876–1958), Later Mrs. Felix M. Warburg",1894,Oil on canvas,Overall: 39 3/4 x 30 in. (101 x 76.2 cm),101.0,76.2,European Paintings,https://images.metmuseum.org/CRDImages/ep/original/DP160821.jpg
437965,19.112,Anders Zorn,Edward R. Bacon (1846–1915),1897,Oil on canvas,48 1/4 x 35 1/4 in. (122.6 x 89.5 cm),122.6,89.5,European Paintings,https://images.metmuseum.org/CRDImages/ep/original/DT239221.jpg
437966,17.204,Anders Zorn,"Mrs. Walter Rathbone Bacon (Virginia Purdy Barker, 1862–1919)",1897,Oil on canvas,67 1/4 x 42 1/2 in. (170.8 x 108 cm),170.8,108.0,European Paintings,https://images.metmuseum.org/CRDImages/ep/original/DT400.jpg
437967,60.85,Anders Zorn,"Mrs. John Crosby Brown (Mary Elizabeth Adams, 1842–1918)",ca. 1900,Oil on canvas,29 x 23 3/4 in. (73.7 x 60.3 cm),73.7,60.3,European Paintings,https://images.metmuseum.org/CRDImages/ep/original/DP-14178-001.jpg
437969,20.104,Francisco de Zurbarán,Battle between Christians and Muslims at El Sotillo,ca. 1637–39,Oil on canvas,"Arched top, 131 7/8 x 75 1/4 in. (335 x 191.1 cm)",335.0,191.1,European Paintings,https://images.metmuseum.org/CRDImages/ep/original/DP-20747-001.jpg
437970,1976.100.21,Francisco de Zurbarán,Saint Benedict,ca. 1640–45,Oil on canvas,74 x 40 3/4 in. (188 x 103.5 cm),188.0,103.5,European Paintings,https://images.metmuseum.org/CRDImages/ep/original/DP-25223-001.jpg
437971,27.137,Francisco de Zurbarán,The Young Virgin,ca. 1632–33,Oil on canvas,46 x 37 in. (116.8 x 94 cm),116.8,94.0,European Paintings,https://images.metmuseum.org/CRDImages/ep/original/DP-26971-001.jpg
437974,1996.285,Théodore Chassériau,Scene in the Jewish Quarter of Constantine,1851,Oil on canvas,22 3/8 × 18 3/8 in. (56.8 × 46.7 cm),56.8,46.7,European Paintings,https://images.metmuseum.org/CRDImages/ep/original/DT1038.jpg
437977,1996.9,Marcantonio Franceschini,The Last Communion of Saint Mary of Egypt,1680,Oil on copper,16 3/4 x 21 3/8 in. (42.5 x 54.3 cm),42.5,54.3,European Paintings,https://images.metmuseum.org/CRDImages/ep/original/DP-24112-001.jpg
437978,1996.261,Sodoma (Giovanni Antonio Bazzi),Christ Presented to the People (Ecce Homo),ca. 1540–49,Oil on canvas,23 5/8 x 23 1/4 in. (60 x 59.1 cm),60.0,59.1,European Paintings,https://images.metmuseum.org/CRDImages/ep/original/DT4034.jpg
437983,1997.157,Goffredo Wals,A Roman Landscape with Figures,probably 1630s,Oil on copper,Diameter 16 in. (40.6 cm),40.6,40.6,European Paintings,https://images.metmuseum.org/CRDImages/ep/original/DP293064.jpg
437984,1996.435,Vincent van Gogh,"La Berceuse (Woman Rocking a Cradle; Augustine-Alix Pellicot Roulin, 1851–1930)",1889,Oil on canvas,36 1/2 × 29 in. (92.7 × 73.7 cm),92.7,73.7,European Paintings,https://images.metmuseum.org/CRDImages/ep/original/DP-19279-001.jpg
437986,1997.167,Caravaggio (Michelangelo Merisi),The Denial of Saint Peter,1610,Oil on canvas,37 x 49 3/8 in. (94 x 125.4 cm),94.0,125.4,European Paintings,https://images.metmuseum.org/CRDImages/ep/original/DP-12413-001.jpg
437987,2003.20.1,Eugène Boudin,"On the Beach, Dieppe",1864,Oil on wood,12 1/2 x 11 1/2 in. (31.8 x 29.2 cm),31.8,29.2,European Paintings,https://images.metmuseum.org/CRDImages/ep/original/DT11491.jpg
437989,1997.60.1,Paul Cézanne,Dish of Apples,ca. 1876–77,Oil on canvas,18 1/8 x 21 3/4 in. (46 x 55.2 cm),46.0,55.2,European Paintings,https://images.metmuseum.org/CRDImages/ep/original/DT1939.jpg
437990,1997.60.2,Paul Cézanne,Seated Peasant,ca. 1892–96,Oil on canvas,21 1/2 x 17 3/4 in. (54.6 x 45.1 cm),54.6,45.1,European Paintings,https://images.metmuseum.org/CRDImages/ep/original/DT1944.jpg
437991,1999.288.2,Camille Corot,The Curious Little Girl,1860–64,"Oil on cardboard, laid down on wood",16 1/4 x 11 1/4 in. (41.3 x 28.6 cm),41.3,28.6,European Paintings,https://images.metmuseum.org/CRDImages/ep/original/DT2016.jpg
438000,1997.60.3,Paul Gauguin,Three Tahitian Women,1896,Oil on wood,9 5/8 x 17 in. (24.4 x 43.2 cm),24.4,43.2,European Paintings,https://images.metmuseum.org/CRDImages/ep/original/DT1954.jpg
438001,1997.391.3,Paul Gauguin,Two Women,1901 or 1902,Oil on canvas,29 x 36 1/4 in. (73.7 x 92.1 cm),73.7,92.1,European Paintings,https://images.metmuseum.org/CRDImages/ep/original/DT1953.jpg
438009,2003.20.8,Berthe Morisot,"The Pink Dress (Albertie-Marguerite Carré, later Madame Ferdinand-Henri Himmes, 1854–1935)",ca. 1870,Oil on canvas,21 1/2 x 26 1/2 in. (54.6 x 67.3 cm),53.97511,67.3,European Paintings,https://images.metmuseum.org/CRDImages/ep/original/DT1927.jpg
438010,2002.62.2,Auguste Renoir,Nini in the Garden (Nini Lopez),1876,Oil on canvas,24 3/8 x 20 in. (61.9 x 50.8 cm),61.9,50.8,European Paintings,https://images.metmuseum.org/CRDImages/ep/original/DT1874.jpg
438011,2003.20.9,Auguste Renoir,"Eugène Murer (Hyacinthe-Eugène Meunier, 1841–1906)",1877,Oil on canvas,18 1/2 x 15 1/2 in. (47 x 39.4 cm),47.0,39.4,European Paintings,https://images.metmuseum.org/CRDImages/ep/original/DT1882.jpg
438014,1998.325.3,Auguste Renoir,"The Daughters of Catulle Mendès, Huguette (1871–1964), Claudine (1876–1937), and Helyonne (1879–1955)",1888,Oil on canvas,63 3/4 x 51 1/8 in. (161.9 x 129.9 cm),161.9,129.9,European Paintings,https://images.metmuseum.org/CRDImages/ep/original/DT1879.jpg
438016,2003.20.13,Henri de Toulouse-Lautrec,The Streetwalker,ca. 1890–91,Oil on cardboard,25 1/2 x 21 in. (64.8 x 53.3 cm),64.8,53.3,European Paintings,https://images.metmuseum.org/CRDImages/ep/original/DT10262.jpg
438020,1997.117.1,Taddeo Gaddi,Saint Julian,1340s,"Tempera on wood, gold ground","Overall, with added strips, 21 1/4 x 14 1/4 in. (54 x 36.2 cm); painted surface 20 3/4 x 13 7/8 in. (52.7 x 35.2 cm)",54.0,36.2,European Paintings,https://images.metmuseum.org/CRDImages/ep/original/DT4166.jpg
438021,1997.117.2,Giovanni di Paolo (Giovanni di Paolo di Grazia),The Mystic Marriage of Saint Catherine of Siena,,Tempera and gold on wood,"Overall, with added strips, 12 x 12 in. (30.5 x 30.5 cm); painted surface 11 3/4 x 11 3/4 in. (28.9 x 28.9 cm)",30.48006,30.5,European Paintings,https://images.metmuseum.org/CRDImages/ep/original/DP-16826-001.jpg
438022,1997.117.3,Giovanni di Paolo (Giovanni di Paolo di Grazia),Saint Catherine of Siena Exchanging Her Heart with Christ,,Tempera and gold on wood,"Overall, with added strips, 11 3/4 x 9 1/2 in. (29.8 x 24.1 cm); painted surface 11 3/8 x 8 7/8 in. (28.9 x 22.5 cm)",29.8,24.1,European Paintings,https://images.metmuseum.org/CRDImages/ep/original/DP-16827-001.jpg
438023,1997.117.4,Francesco Guardi,The Antechamber of the Sala del Maggior Consiglio,ca. 1765–68,Oil on canvas,13 3/8 x 20 in. (34 x 50.8 cm),34.0,50.8,European Paintings,https://images.metmuseum.org/CRDImages/ep/original/DT4167.jpg
438025,1997.117.6,Nicolas Poussin,The Holy Family with Saint John the Baptist,ca. 1627,Oil on canvas,30 x 25 in. (76.2 x 63.5 cm),76.2,63.5,European Paintings,https://images.metmuseum.org/CRDImages/ep/original/DP-20213-001.jpg
438027,1997.117.8,Giovanni Battista Tiepolo,A Female Allegorical Figure,1740–50,"Oil on canvas, gold ground","Oval, 32 x 25 3/8 in. (81.3 x 64.5 cm)",81.3,64.5,European Paintings,https://images.metmuseum.org/CRDImages/ep/original/DT4171.jpg
438028,1997.117.9,Paolo Uccello (Paolo di Dono),The Crucifixion,probably mid-1450s,"Tempera on wood, gold ground","Shaped top, central panel, overall, with engaged frame, 18 x 11 in. (45.7 x 27.9 cm); central panel, painted surface 16 1/2 x 9 1/2 in. (41.9 x 24.1 cm); left wing, overall, with engaged frame, 18 x 5 5/8 in. (45.7 x 14.3 cm); left wing, painted surface 16 1/2 x 4 1/4 in. (41.9 x 10.8 cm); right wing, overall, with engaged frame, 18 x 5 1/4 in. (45.7 x 13.3 cm); right wing, painted surface 16 1/2 x 3 3/4 in. (41.9 x 9.5 cm)",45.7,27.9,European Paintings,https://images.metmuseum.org/CRDImages/ep/original/DP-25222-001.jpg
438029,1996.341,Francesco di Giorgio Martini,The Man of Sorrows with Two Angels,ca. 1470,Tempera on wood,Frame 53 3/4 x 32 5/8 in. (136.5 x 82.9 cm); painted surface 6 7/8 x 18 1/4 in. (17.5 x 46.4 cm),136.5,82.9,European Paintings,https://images.metmuseum.org/CRDImages/ep/original/DT5277.jpg
438033,1998.84,Horace Vernet,Jean-Louis-André-Théodore Géricault (1791–1824),probably 1822 or 1823,Oil on canvas,18 5/8 x 15 1/8 in. (47.3 x 38.4 cm),47.3,38.4,European Paintings,https://images.metmuseum.org/CRDImages/ep/original/DT4276.jpg
438098,1998.170,James Tissot,Tea,1872,Oil on wood,26 x 18 7/8 in. (66 x 47.9 cm),66.0,47.9,European Paintings,https://images.metmuseum.org/CRDImages/ep/original/DP-24385-001.jpg
438099,2012.156,Louis Léopold Boilly,"The Public Viewing David's ""Coronation"" at the Louvre",1810,Oil on canvas,24 1/4 x 32 1/2 in. (61.6 x 82.6 cm),61.595123,82.55016,European Paintings,https://images.metmuseum.org/CRDImages/ep/original/DP270310.jpg
438107,2019.141.8,Théodore Chassériau,Desdemona (The Song of the Willow),1849,Oil on wood,13 3/4 x 10 5/8 in. (34.9 x 27 cm),34.9,27.0,European Paintings,https://images.metmuseum.org/CRDImages/ep/original/DP-18259-001.jpg
438110,2019.141.9,Eugène Delacroix,Rebecca and the Wounded Ivanhoe,1823,Oil on canvas,25 3/8 × 21 1/8 in. (64.5 × 53.7 cm),64.45263,53.657608,European Paintings,https://images.metmuseum.org/CRDImages/ep/original/DP-19652-001.jpg
438112,2019.141.10,Anthony van Dyck,Queen Henrietta Maria,1636,Oil on canvas,41 5/8 × 33 1/4 in. (105.7 × 84.5 cm),105.727715,84.45517,European Paintings,https://images.metmuseum.org/CRDImages/ep/original/DP-18371-001.jpg
438113,2019.141.11,Théodore Géricault,Horsewoman,1820 or later,Oil on canvas,17 1/2 x 13 3/4 in. (44.5 x 34.9 cm),44.5,34.9,European Paintings,https://images.metmuseum.org/CRDImages/ep/original/Wrightsman93.jpg
438118,2019.141.15,Wilhelm von Kobell,A Huntsman and a Peasant Woman by the Isar River with a View of Munich,1823,Oil on wood,9 7/8 x 8 in. (25.1 x 20.3 cm),25.1,20.3,European Paintings,https://images.metmuseum.org/CRDImages/ep/original/SFvonKobellHuntsman.jpg
438126,2019.141.22,Jean François de Troy,The Garter,1724,Oil on canvas,25 1/2 × 21 1/8 in. (64.8 × 53.7 cm),64.77013,53.657608,European Paintings,https://images.metmuseum.org/CRDImages/ep/original/DP-26939-001.jpg
438127,2019.141.21,Jean François de Troy,The Declaration of Love,ca. 1724,Oil on canvas,25 5/8 × 21 in. (65.1 × 53.3 cm),65.08763,53.340107,European Paintings,https://images.metmuseum.org/CRDImages/ep/original/DP-19651-001.jpg
438128,2019.141.19,Giovanni Battista Tiepolo,The Flight into Egypt,ca. 1767–70,Oil on canvas,23 5/8 × 16 1/4 in. (60 × 41.3 cm),60.00762,41.27508,European Paintings,https://images.metmuseum.org/CRDImages/ep/original/CT_41570.jpg
438129,2019.141.18,Giovanni Battista Tiepolo,The Meeting of Antony and Cleopatra,ca. 1745–47,Oil on canvas,18 1/4 × 26 1/4 in. (46.4 × 66.7 cm),46.35509,66.67513,European Paintings,https://images.metmuseum.org/CRDImages/ep/original/DT293615.jpg
438130,2019.141.20,Giovanni Domenico Tiepolo,The Departure of the Gondola,mid-1760s,Oil on canvas,14 1/8 × 28 3/4 in. (35.9 × 73 cm),35.87757,73.02515,European Paintings,https://images.metmuseum.org/CRDImages/ep/original/DT209325.jpg
438132,2019.141.23,Elisabeth Louise Vigée Le Brun,Julie Le Brun (1780–1819) Looking in a Mirror,1787,Oil on canvas,28 3/4 × 23 3/8 in. (73 × 59.4 cm),73.02515,59.37262,European Paintings,https://images.metmuseum.org/CRDImages/ep/original/DP-26883-001.jpg
438134,1999.225,Paolo Veronese (Paolo Caliari),Saint Catherine of Alexandria in Prison,ca. 1585,Oil on canvas,45 3/4 x 33 in. (116.2 x 83.8 cm),116.2,83.8,European Paintings,https://images.metmuseum.org/CRDImages/ep/original/DP-18296-035.jpg
438139,2012.451,Santi di Tito,Madonna and Child with the Infant Saint John the Baptist,early 1570s,Oil on wood,40 7/8 x 33 3/4 in. (103.8 x 85.7 cm),103.82271,85.725174,European Paintings,https://images.metmuseum.org/CRDImages/ep/original/DP322017.jpg
438156,2008.277,Edgar Degas,Young Woman with Ibis,1857–58; reworked 1860–62,Oil on canvas,39 3/8 x 29 1/2 in. (100 x 74.9 cm),100.0,74.9,European Paintings,https://images.metmuseum.org/CRDImages/ep/original/DP212152.jpg
438158,2012.575,Pierre-Auguste Cot,Springtime,1873,Oil on canvas,83 5/16 × 50 5/16 in. (211.6 × 127.8 cm),211.61417,127.79401,European Paintings,https://images.metmuseum.org/CRDImages/ep/original/DP-33707-001.jpg
438169,2007.91,Domenico Fetti,Salvator Mundi,ca. 1622–23,Oil on wood,23 1/2 x 17 1/4 in. (59.7 x 43.8 cm),59.7,43.8,European Paintings,https://images.metmuseum.org/CRDImages/ep/original/DP148737.jpg
438338,1998.188,Annibale Carracci,The Burial of Christ,1595,Oil on copper,17 1/4 x 13 3/4 in. (43.8 x 34.9 cm),43.8,34.9,European Paintings,https://images.metmuseum.org/CRDImages/ep/original/DP312834.jpg
438377,2005.331.5,Thomas de Keyser,Portrait of a Man with a Shell,ca. 1625–26,Oil on wood,9 3/8 x 6 3/4 in. (23.8 x 17.1 cm),23.8125,17.145,European Paintings,https://images.metmuseum.org/CRDImages/ep/original/DP120416.jpg
438378,2005.331.6,Thomas de Keyser,Portrait of a Woman with a Balance,ca. 1625–26,Oil on wood,9 1/8 x 6 7/8 in. (23.2 x 17.5 cm),23.2,17.5,European Paintings,https://images.metmuseum.org/CRDImages/ep/original/DP120417.jpg
438379,2005.331.7,Rembrandt,Young Woman with a Red Necklace,ca. 1645,Oil on wood,"Overall, with added strips, 8 1/2 x 7 1/4 in. (21.6 x 18.4 cm)",21.59,18.415,European Paintings,https://images.metmuseum.org/CRDImages/ep/original/DP120418.jpg
438385,32.100.40bc,Gerard David,Saint John the Baptist; Saint Francis Receiving the Stigmata,ca. 1485–90,Oil on wood,"Left wing, overall 18 x 6 5/8 in. (45.7 x 16.8 cm), original painted surface 17 5/8 x 5 7/8 in. (44.8 x 14.9 cm); right wing, overall 17 7/8 x 6 1/2 in. (45.4 x 16.5 cm), original painted surface 17 5/8 x 5 3/4 in. (44.8 x 14.6 cm)",45.7,16.8,European Paintings,https://images.metmuseum.org/CRDImages/ep/original/DP-18296-019.jpg
438387,2001.417,Scarsellino (Ippolito Scarsella),The Virgin Adored by Saints,ca. 1609,Oil on copper,19 1/4 x 29 1/4 in. (48.9 x 74.3 cm),48.9,74.3,European Paintings,https://images.metmuseum.org/CRDImages/ep/original/DP-24114-001.jpg
438389,1999.101,Anne Louis Girodet-Trioson,"Madame Jacques-Louis-Étienne Reizet (Colette-Désirée-Thérèse Godefroy, 1782–1850)",1823,Oil on canvas,23 3/4 x 19 1/2 in. (60.3 x 49.5 cm),60.3,49.5,European Paintings,https://images.metmuseum.org/CRDImages/ep/original/DP135222.jpg
438407,2001.613,Michiel Sweerts,Man Holding a Jug,ca. 1660,Oil on canvas,19 3/8 x 15 3/8 in. (49.2 x 39.1 cm),49.2,39.1,European Paintings,https://images.metmuseum.org/CRDImages/ep/original/DP-25892-001.jpg
438415,41.190.40b,Ambrogio Bevilacqua,God the Father,,Oil on wood,"Overall, including frame, 20 1/2 x 38 1/2 in. (52.1 x 97.8 cm)",52.1,97.8,European Paintings,https://images.metmuseum.org/CRDImages/ep/original/EP1444.jpg
438423,1999.532,Bernardo Daddi,The Crucifixion,ca. 1325–30,"Tempera on wood, gold ground",Overall 18 1/4 x 11 3/8 in. (46.4 x 28.9 cm); painted surface 17 1/2 x 11 3/8 in. (44.5 x 28.9 cm),46.4,28.9,European Paintings,https://images.metmuseum.org/CRDImages/ep/original/DT4527.jpg
438427,2000.68,Ludovico Carracci,The Lamentation,ca. 1582,Oil on canvas,37 1/2 x 68 in. (95.3 x 172.7 cm),95.3,172.7,European Paintings,https://images.metmuseum.org/CRDImages/ep/original/DP-26972-001.jpg
438432,2000.420,Francesco Granacci (Francesco di Andrea di Marco),Madonna and Child,ca. 1520,Oil on wood,34 1/8 x 25  3/8 in. (86.7 x 64.5 cm),86.7,64.5,European Paintings,https://images.metmuseum.org/CRDImages/ep/original/DP221238.jpg
438434,2005.186,Jean Auguste Dominique Ingres,The Virgin Adoring the Host,1852,Oil on canvas,15 7/8 x 12 7/8 in. (40.3 x 32.7 cm),40.3,32.7,European Paintings,https://images.metmuseum.org/CRDImages/ep/original/DP136074.jpg
438445,2006.409,Francesco Granacci (Francesco di Andrea di Marco),The Crucifixion,ca. 1510,Tempera and gold on wood,Central panel 19 x 11 1/2 in. (48.3 x 29.2 cm); each wing 19 x 6 in. (48.3 x 15.2 cm),48.3,29.2,European Paintings,https://images.metmuseum.org/CRDImages/ep/original/DP151337.jpg
438462,2023.733,François Joseph Navez,The Massacre of the Innocents,1824,Oil on canvas,46 x 52 3/4 in. (117 x 134 cm),116.8,134.0,European Paintings,https://images.metmuseum.org/CRDImages/ep/original/DP-31220-001.jpg
438466,2001.216.2,Master of the Berswordt Altar,The Flagellation,ca. 1400,"Oil, egg(?), and gold on plywood, transferred from wood",22 3/4 x 16 7/8 in. (57.8 x 42.9 cm),57.8,42.9,European Paintings,https://images.metmuseum.org/CRDImages/ep/original/DP164873.jpg
438467,2001.216.3,Bernard van Orley,The Birth and Naming of Saint John the Baptist; (reverse) Trompe-l'oeil with Painting of The Man of Sorrows,ca. 1514–15,Oil on wood,25 × 30 in. (63.5 × 76.2 cm),63.5,76.2,European Paintings,https://images.metmuseum.org/CRDImages/ep/original/DP136254.jpg
438490,2001.403,Emanuel de Witte,"Interior of the Oude Kerk, Delft",probably 1650,Oil on wood,19 x 13 5/8 in. (48.3 x 34.6 cm),48.3,34.6,European Paintings,https://images.metmuseum.org/CRDImages/ep/original/DP145954.jpg
438510,2002.151,Edmond-François Aman-Jean,The Outskirts of a Village,ca. 1880,Oil on panel,4 7/8 x 8 9/16 in. (12.4 x 21.7 cm),12.3825,21.7488,European Paintings,https://images.metmuseum.org/CRDImages/ep/original/ep2002.151.jpg
438541,2001.720,Théodore Chassériau,"Scene from the Gallic Wars: The Gaul Littavicus, Betraying the Roman Cause, Flees to Gergovie to Support Vercingétorix",ca. 1838–40,Oil on canvas,13 1/2 x 17 3/4 in. (34.3 x 45.1 cm),34.2901,45.0851,European Paintings,https://images.metmuseum.org/CRDImages/ep/original/DP-23478-001.jpg
438544,2002.22,Rosalba Carriera,"Gustavus Hamilton (1710–1746), Second Viscount Boyne, in Masquerade Costume",1730–31,"Pastel on paper, laid down on canvas",22 1/4 x 16 7/8 in. (56.5 x 42.9 cm),56.5151,42.8626,European Paintings,https://images.metmuseum.org/CRDImages/ep/original/DP161652.jpg
438546,2002.31,baron François Gérard,Madame Charles Maurice de Talleyrand Périgord (1761–1835),ca. 1804,Oil on canvas,88 7/8 x 64 7/8 in. (225.7 x 164.8 cm),225.743,164.7828,European Paintings,https://images.metmuseum.org/CRDImages/ep/original/DP-417-001.jpg
438551,2003.20.2,Eugène Boudin,"On the Beach, Sunset",1865,Oil on wood,15 x 23 in. (38.1 x 58.4 cm),38.1001,58.4201,European Paintings,https://images.metmuseum.org/CRDImages/ep/original/DT1031.jpg
438561,2024.593,Ludovico Carracci,The Denial of Saint Peter,ca. 1616,Oil on canvas,67 5/8 × 45 11/16 in. (171.8 × 116 cm),171.8,116.0,European Paintings,https://images.metmuseum.org/CRDImages/ep/original/DP-40824-001.jpg
438585,2002.439,Maurice Quentin de La Tour,Jean Charles Garnier d'Isle (1697–1755),ca. 1750,"Pastel and gouache on blue paper, laid down on canvas",25 3/8 x 21 1/4 in. (64.5 x 54 cm),64.4526,53.9751,European Paintings,https://images.metmuseum.org/CRDImages/ep/original/DP161653.jpg
438590,2002.291,Théodore Chassériau,"Comtesse de La Tour-Maubourg (Marie-Louise-Charlotte-Gabrielle Thomas de Pange, 1816–1850)",1841,Oil on canvas,52 x 37 1/4 in. (132.1 x 94.6 cm),132.0803,94.6152,European Paintings,https://images.metmuseum.org/CRDImages/ep/original/DP-25138-001.jpg
438603,2002.441,baron Antoine Jean Gros,"François Gérard (1770–1837), later Baron Gérard",ca. 1790,Oil on canvas,22 1/8 x 18 5/8 in. (56.2 x 47.3 cm),56.1976,47.3076,European Paintings,https://images.metmuseum.org/CRDImages/ep/original/DP327712.jpg
438605,2002.436,Pietro Lorenzetti,The Crucifixion,1340s,Tempera and gold leaf on wood,Overall 16 1/2 x 12 1/2 in. (41.9 x 31.8 cm); painted surface 14 1/8 x 10 1/8 in. (35.9 x 25.7 cm),35.8776,25.717552,European Paintings,https://images.metmuseum.org/CRDImages/ep/original/DP278472.jpg
438615,2003.26,Jean-Baptiste Perronneau,Olivier Journu (1724–1783),1756,"Pastel on blue-gray laid paper, laid down on canvas",22 7/8 x 18 1/2 in. (58.1 x 47 cm),58.1026,46.9901,European Paintings,https://images.metmuseum.org/CRDImages/ep/original/DP161654.jpg
438617,2002.564,Johann Heinrich Wilhelm Tischbein,"The Children of Martin Anton Heckscher: Johann Gustav Wilhelm Moritz (1797–1865), Carl Martin Adolph (1796–1850), and Leopold (born 1792)",1803,Oil on canvas,58 x 45 in. (147.3 x 114.3 cm),147.3203,114.3002,European Paintings,https://images.metmuseum.org/CRDImages/ep/original/DP-23352-001.jpg
438654,2003.42.30,Alexandre Evariste Fragonard,Dramatic Scene with Monks in a Crypt,,Oil on canvas,28 5/8 x 35 7/8 in. (72.7 x 91.1 cm),72.7076,91.1227,European Paintings,https://images.metmuseum.org/CRDImages/ep/original/DP169456.jpg
438662,2003.42.39,Auguste-Xavier Leprince,An Ottoman Man in the Artist's Studio,ca. 1823–26,Oil on canvas,12 7/8 x 9 5/8 in. (32.7 x 24.4 cm),32.7026,24.4475,European Paintings,https://images.metmuseum.org/CRDImages/ep/original/DP169460.jpg
438665,2003.42.42,Jean-François Montessuy,Pope Gregory XVI Visiting the Church of San Benedetto at Subiaco,1843,Oil on canvas,49 1/4 x 55 3/8 in. (125.1 x 140.7 cm),125.0953,140.6528,European Paintings,https://images.metmuseum.org/CRDImages/ep/original/DP169610.jpg
438688,2003.281,Federico Barocci,Saint Francis,ca. 1600–1604,Oil on canvas,35 3/8 x 30 7/8 in. (89.9 x 78.4 cm); with added strips 35 7/8 x 31 3/8 in. (91.1 x 79.7 cm),91.1227,79.6927,European Paintings,https://images.metmuseum.org/CRDImages/ep/original/DP104367.jpg
438690,2019.406,Carlo Saraceni,The Dormition of the Virgin,ca. 1612,Oil on canvas,120 1/8 x 91 in. (305.1 x 231.1 cm),305.1181,231.1405,European Paintings,https://images.metmuseum.org/CRDImages/ep/original/DP-18895-001.jpg
438691,05.41.2,Carlo Crivelli,Saint George,1472,"Tempera on wood, gold ground, transferred to Masonite",38 x 13 1/4 in. (96.5 x 33.7 cm),96.5202,33.6551,European Paintings,https://images.metmuseum.org/CRDImages/ep/original/DT1453.jpg
438722,67.187.70b,Vincent van Gogh,The Potato Peeler (reverse: Self-Portrait with a Straw Hat),1885,Oil on canvas,16 x 12 1/2 in. (40.6 x 31.8 cm),40.6,31.8,European Paintings,https://images.metmuseum.org/CRDImages/ep/original/DT1503.jpg
438724,2004.31,Philippe de Champaigne,The Annunciation,ca. 1644,Oil on oak,"Overall, 28 x 28 3/4 in. (71.1 x 73 cm); painted surface, 27 1/4 x 27 3/4 in. (69.2 x 70.5 cm)",71.1201,73.0251,European Paintings,https://images.metmuseum.org/CRDImages/ep/original/DT5656.jpg
438726,2004.85,Nicolas Lancret,The Servant Justified,ca. 1740,Oil on copper,11 x 14 in. (27.9 x 35.6 cm),27.9401,35.5601,European Paintings,https://images.metmuseum.org/CRDImages/ep/original/DP-19457-001.jpg
438727,2004.86,Nicolas Lancret,Brother Philippe's Geese,ca. 1736,Oil on copper,10 3/4 x 13 7/8 in. (27.3 x 35.2 cm),27.3051,35.2426,European Paintings,https://images.metmuseum.org/CRDImages/ep/original/DP-19458-001.jpg
438737,2004.243,Henri Lehmann,Faustine Léo (1832–1865),1842,Oil on canvas,39 3/8 in. × 32 in. (100 × 81.3 cm),100.0127,81.3,European Paintings,https://images.metmuseum.org/CRDImages/ep/original/DP-23479-001.jpg
438740,2004.392,Nicolaes Maes,Portrait of a Woman,1657,Oil on copper,4 5/8 x 3 3/8 in. (117 x 86 mm),11.7475,8.5725,European Paintings,https://images.metmuseum.org/CRDImages/ep/original/DP146936.jpg
438754,2004.442,Duccio di Buoninsegna,Madonna and Child,ca. 1290–1300,Tempera and gold on wood,"Overall, with engaged frame, 11 x 8 1/4 in. (27.9 x 21 cm); painted surface 9 3/8 x 6 1/2 in. (23.8 x 16.5 cm)",27.9401,20.955,European Paintings,https://images.metmuseum.org/CRDImages/ep/original/DP142735.jpg
438761,2005.103,South German (Bavarian?) Painter,The Annunciation,1440–50,Oil and gold on linden,6 5/16 x 4 1/8 in. (16 x 10.5 cm),16.0338,10.4775,European Paintings,https://images.metmuseum.org/CRDImages/ep/original/DP262812.jpg
438776,2007.330,Ludovico Carracci,Madonna and Child with Saints,1607,Oil on copper,11 3/4 x 9 7/8 in. (29.8 x 25.1 cm),29.8451,25.0826,European Paintings,https://images.metmuseum.org/CRDImages/ep/original/DP153642.jpg
438779,2023.605,Antoine Le Nain,A Peasant Family,ca. 1640–48,Oil on copper,15 x 11 3/4 in. (38.1 x 29.8 cm),38.1001,29.84506,European Paintings,https://images.metmuseum.org/CRDImages/ep/original/DP131218.jpg
438780,2005.231,Anton Raphael Mengs,Pleasure,ca. 1754,"Pastel on paper, laid down on canvas","Oval, 24 3/8 x 19 1/4 in. (61.9 x 48.9 cm)",61.9126,48.8951,European Paintings,https://images.metmuseum.org/CRDImages/ep/original/DP120355.jpg
438813,2009.252,Annibale Carracci,Saint John the Baptist Bearing Witness,ca. 1600,Oil on copper,21 3/8 x 17 1/8 in. (54.3 x 43.5 cm),54.29261,43.497585,European Paintings,https://images.metmuseum.org/CRDImages/ep/original/DP220449.jpg
438814,03.30,Eugène Delacroix,The Abduction of Rebecca,1846,Oil on canvas,39 1/2 x 32 1/4 in. (100.3 x 81.9 cm),100.3302,81.91516,European Paintings,https://images.metmuseum.org/CRDImages/ep/original/DP-14344-001.jpg
438815,07.122,Auguste Renoir,"Madame Georges Charpentier (Marguerite-Louise Lemonnier, 1848–1904) and Her Children, Georgette-Berthe (1872–1945) and Paul-Emile-Charles (1875–1895)",1878,Oil on canvas,60 1/2 x 74 7/8 in. (153.7 x 190.2 cm),,153.6703,European Paintings,https://images.metmuseum.org/CRDImages/ep/original/DP-35674-001.jpg
438817,1987.47.1,Edgar Degas,The Dance Class,1874,Oil on canvas,32 7/8 x 30 3/8 in. (83.5 x 77.2 cm),83.5027,77.1527,European Paintings,https://images.metmuseum.org/CRDImages/ep/original/DP-20101-001.jpg
438818,29.100.23,Jean Auguste Dominique Ingres,Joseph-Antoine Moltedo (born 1775),ca. 1810,Oil on canvas,29 5/8 x 22 7/8 in. (75.2 x 58.1 cm),,,European Paintings,https://images.metmuseum.org/CRDImages/ep/original/DP151185.jpg
438819,29.100.54,Edouard Manet,Young Man in the Costume of a Majo,1863,Oil on canvas,74 x 49 1/8 in. (188 x 124.8 cm),,,European Paintings,https://images.metmuseum.org/CRDImages/ep/original/DT862.jpg
438820,40.175,Gustave Courbet,Young Ladies of the Village,1851–52,Oil on canvas,76 3/4 x 102 3/4 in. (194.9 x 261 cm),194.9454,260.9855,European Paintings,https://images.metmuseum.org/CRDImages/ep/original/DT1967.jpg
438821,51.112.2,Paul Gauguin,Ia Orana Maria (Hail Mary),1891,Oil on canvas,44 3/4 x 34 1/2 in. (113.7 x 87.6 cm),113.6652,87.6302,European Paintings,https://images.metmuseum.org/CRDImages/ep/original/DT1025.jpg
438824,2005.477,Mattia Preti (Il Cavalier Calabrese),Saint John the Baptist Preaching,ca. 1650,Oil on canvas,68 x 47 3/4 in. (172.7 x 121.3 cm),172.7203,121.2852,European Paintings,https://images.metmuseum.org/CRDImages/ep/original/DP152164.jpg
438844,2006.151.1,Albrecht Dürer,"Portrait of a Woman, Said to Be Caritas Pirckheimer (1467–1532)",,Oil on linen,18 1/2 x 14 1/2 in. (47 x 36.8 cm),46.9901,36.8301,European Paintings,https://images.metmuseum.org/CRDImages/ep/original/DP221628.jpg
438848,2006.258,Eduard Gaertner,Parochialstrasse in Berlin,1831,Oil on canvas,16 x 11 in. (40.6 x 27.9 cm),40.6401,27.9401,European Paintings,https://images.metmuseum.org/CRDImages/ep/original/DP157664.jpg
438850,2006.54,Corrado Giaquinto,The Penitent Magdalen,ca. 1750,Oil on canvas,63 x 46 1/2 in. (160 x 118.1 cm),160.0203,118.1102,European Paintings,https://images.metmuseum.org/CRDImages/ep/original/DP137850.jpg
438887,2006.278,James Tissot,In Full Sunlight (En plein soleil),ca. 1881,Oil on wood,9 3/4 x 13 7/8 in. (24.8 x 35.2 cm),24.765,35.2426,European Paintings,https://images.metmuseum.org/CRDImages/ep/original/DP-21607-001.jpg
439065,2007.70,Eduard Gaertner,The Family of Mr. Westphal in the Conservatory,1836,Oil on canvas,9 3/8 x 7 7/8 in. (23.8 x 20 cm),23.8125,20.0025,European Paintings,https://images.metmuseum.org/CRDImages/ep/original/DP152116.jpg
439081,2006.469,Lucas Cranach the Elder and Workshop,Saint Maurice,ca. 1520–25,Oil on linden,54 x 15 1/2 in. (137.2 x 39.4 cm),137.1603,39.3701,European Paintings,https://images.metmuseum.org/CRDImages/ep/original/DP344253.jpg
439118,2006.566,Johan Joseph Zoffany,The Reverend Philip Cocks (1735–1797),late 1760s,Oil on canvas,35 1/2 x 27 1/4 in. (90.2 x 69.2 cm),90.1702,69.2151,European Paintings,https://images.metmuseum.org/CRDImages/ep/original/DP169389.jpg
439120,2007.166,Pierre Hubert Subleyras,The Mass of Saint Basil,1746,"Oil on canvas, transferred from canvas",54 x 31 1/8 in. (137 x 79 cm),137.1603,79.0,European Paintings,https://images.metmuseum.org/CRDImages/ep/original/DP151176.jpg
439272,2007.360,Benedetto Luti,Study of a Boy in a Blue Jacket,1717,"Pastel and chalk on blue laid paper, laid down on paste paper",16 x 13 in. (40.6 x 33 cm),40.6401,33.0201,European Paintings,https://images.metmuseum.org/CRDImages/ep/original/DP161655.jpg
439273,2007.361,Benedetto Luti,Study of a Girl in Red,1717,"Pastel and chalk on blue laid paper, laid down on paste paper",16 1/2 x 13 3/8 in. (41.9 x 34 cm),41.9101,33.9726,European Paintings,https://images.metmuseum.org/CRDImages/ep/original/DP161656.jpg
439327,2009.415,Gerard David,Christ Blessing,ca. 1500–1505,Oil on wood,"Overall, including engaged frame, 4 3/4 x 3 1/2 in. (12.1 x 8.9 cm); painted surface 3 5/8 x 2 3/8 in. (9.2 x 6 cm)",9.2075,6.0,European Paintings,https://images.metmuseum.org/CRDImages/ep/original/DP218061.jpg
439337,2014.435.3,Horace Vernet,"Portrait of a ""Mamelouk""",1810,Oil on canvas,29 1/2 x 24 1/4 in. (75 x 61.5 cm),74.9301,61.5951,European Paintings,https://images.metmuseum.org/CRDImages/ep/original/DP331536.jpg
439405,2007.441,Adélaïde Labille-Guiard,Madame Elisabeth de France (1764–1794),ca. 1787,"Pastel on blue paper, seven sheets joined, laid down on canvas","Oval, 31 x 25 3/4 in. (78.7 x 65.4 cm.)",75.8827,60.9601,European Paintings,https://images.metmuseum.org/CRDImages/ep/original/DP161657.jpg
439553,2008.72,Domenichino (Domenico Zampieri),The Lamentation,1603,Oil on copper,20 7/8 x 14 3/4 in. (53 x 37.5 cm),53.0,37.5,European Paintings,https://images.metmuseum.org/CRDImages/ep/original/DP159526.jpg
439631,2008.101,Eugène Delacroix,Ovid among the Scythians,1862,"Oil on paper, laid down on wood",12 5/8 x 19 3/4 in. (32.1 x 50.2 cm),32.0676,50.1651,European Paintings,https://images.metmuseum.org/CRDImages/ep/original/DP159761.jpg
439844,2008.420,Joseph Anton Koch,Heroic Landscape with Rainbow,1824,Oil on canvas,42 3/4 x 37 3/4 in. (108.6 x 95.9 cm),108.5852,95.8852,European Paintings,https://images.metmuseum.org/CRDImages/ep/original/DP224123.jpg
439933,2008.459,Valentin de Boulogne,Lute Player,ca. 1625–26,Oil on canvas,50 1/2 x 39 in. (128.3 x 99.1 cm),128.2703,99.0602,European Paintings,https://images.metmuseum.org/CRDImages/ep/original/DP168811.jpg
439977,2016.39,Jan Gossart (called Mabuse),Christ Carrying the Cross,ca. 1520–25,Oil on oak,9 7/8 × 7 1/2 in. (25.1 × 19 cm),25.08255,19.0,European Paintings,https://images.metmuseum.org/CRDImages/ep/original/DP368972.jpg
440209,2020.233,Bernard van Orley,The Martyrdom of Saint John the Baptist,ca. 1514–15,Oil on wood,25 1/2 x 29 1/4 in. (64.8 x 74.3 cm),64.7701,74.2951,European Paintings,https://images.metmuseum.org/CRDImages/ep/original/DP-24468-001.jpg
440464,2009.145,Pierre Hubert Subleyras,"Pope Benedict XIV (Prospero Lambertini, 1675–1758)",1746,Oil on canvas,25 1/4 x 19 1/4 in. (64.1 x 48.9 cm),64.4526,48.8951,European Paintings,https://images.metmuseum.org/CRDImages/ep/original/DP214443.jpg
440568,2009.357,Francis Wheatley,The Saithwaite Family,ca. 1785,Oil on canvas,38 3/4 x 50 in. (98.4 x 127 cm),98.42519,127.00025,European Paintings,https://images.metmuseum.org/CRDImages/ep/original/DP221178.jpg
440723,2008.547.1,Jean-Léon Gérôme,Bashi-Bazouk,1868–69,Oil on canvas,31 3/4 x 26 in. (80.6 x 66 cm),80.645164,66.04013,European Paintings,https://images.metmuseum.org/CRDImages/ep/original/DP243839.jpg
440725,2008.547.3,William Powell Frith,"The Two Central Figures in ""Derby Day""",1860,Oil on canvas,18 x 12 1/2 in. (45.7 x 31.8 cm),45.720093,31.750063,European Paintings,https://images.metmuseum.org/CRDImages/ep/original/DP169994.jpg
440729,2009.359,James Tissot,Spring Morning,ca. 1875,Oil on canvas,22 x 16 3/4 in. (55.9 x 42.5 cm),55.88011,42.545086,European Paintings,https://images.metmuseum.org/CRDImages/ep/original/DP232138.jpg
440840,2010.118,Hugo van der Goes,Portrait of an Old Man,ca. 1470–75,"Oil on paper, laid down on wood",Overall 8 3/4 x 6 1/2 in. (22.2 x 16.5 cm),22.225044,16.510033,European Paintings,https://images.metmuseum.org/CRDImages/ep/original/DP234678.jpg
440847,2010.117,Gaetano Gandolfi,Head of a Bishop,ca. 1770,Oil on canvas,18 3/8 x 14 7/8 in. (46.7 x 37.8 cm),46.672592,37.782574,European Paintings,https://images.metmuseum.org/CRDImages/ep/original/DP226424.jpg
440900,2015.761,Filippo Tarchiani,Saint Dominic in Penitence,ca. 1607,Oil on canvas,52 x 43 in. (132.1 x 109.2 cm),132.08026,109.220215,European Paintings,https://images.metmuseum.org/CRDImages/ep/original/DP341202.jpg
440985,41.190.31a,Ugolino da Siena,The Crucifixion,ca. 1315–20,"Tempera on wood, gold ground","Overall, with engaged frame, 25 1/4 x 18 5/8 in. (64.1 x 47.3 cm), painted surface 22 1/4 x 15 3/4 in. (56.5 x 40 cm)",64.1,47.3,European Paintings,https://images.metmuseum.org/CRDImages/ep/original/DP296426.jpg
44100,47.18.31,,Bodhisattva Guanyin Riding a White Lotus Petal,17th–18th century,Silk and metallic thread embroidery on woven silk,"Overall: 12 x 10 5/8 in. (30.5 x 27 cm)
Overall with mounting: 18 3/4 × 17 1/4 in. (47.6 × 43.8 cm)",30.5,27.0,Asian Art,https://images.metmuseum.org/CRDImages/as/original/AR645.jpg
441024,2010.289,Orazio Borgianni,Head of an Old Woman,after 1610,Oil on canvas,20 7/8 x 15 3/8 in. (53 x 39 cm),53.0,39.0,European Paintings,https://images.metmuseum.org/CRDImages/ep/original/DP236807.jpg
441111,2011.9,Michele Gordigiani,"Portrait of a Woman (Marianna Panciatichi, marchesa Paolucci delle Roncole, 1835–1919, or her sister-in-law, Beatrice Ferrari-Corbelli di Reggio, contessa di Lucciano)",1864,Oil on canvas,25 3/16 x 20 1/2 in. (64 x 52 cm),64.0,52.0,European Paintings,https://images.metmuseum.org/CRDImages/ep/original/DP247115.jpg
441115,2010.445,Anton Raphael Mengs,Self-Portrait,1776,Oil on canvas,35 1/2 x 25 7/8 in. (90 x 65.5 cm),90.0,65.5,European Paintings,https://images.metmuseum.org/CRDImages/ep/original/DP240926.jpg
441183,2011.84,Charles Antoine Coypel,"François de Jullienne (1722–1754) and Marie Elisabeth de Jullienne (Marie Elisabeth de Séré de Rieux, 1724–1795)",1743,"Pastel, black chalk, watercolor, and traces of black chalk underdrawing on four joined sheets of handmade blue laid paper, mounted on canvas and adhered to a keyed stretcher",39 3/8 x 31 1/2 in. (100 x 80 cm),100.0,80.0,European Paintings,https://images.metmuseum.org/CRDImages/ep/original/DP246394.jpg
441227,2011.26,Perino del Vaga (Pietro Buonaccorsi),The Holy Family with the Infant Saint John the Baptist,ca. 1524–26,Oil on wood,34 3/4 x 25 5/8 in. (88.3 x 65.1 cm),88.265175,65.08763,European Paintings,https://images.metmuseum.org/CRDImages/ep/original/DP255071.jpg
441229,2012.100.1,Francesco Maffei,Hagar and the Angel,ca. 1657,Oil on canvas,41 3/4 x 54 in. (106 x 137.2 cm),106.0,137.16028,European Paintings,https://images.metmuseum.org/CRDImages/ep/original/DP244873.jpg
441230,2012.100.2,Carlo Francesco Nuvolone,A Female Martyr Saint,ca. 1650,Oil on wood,20 x 16 3/8 in. (50.8 x 41.6 cm),50.800102,41.592583,European Paintings,https://images.metmuseum.org/CRDImages/ep/original/DP244874.jpg
441233,2011.75,"Peter Candid (Pieter de Witte, Pietro Candido)",The Annunciation,ca. 1585,Oil on wood,91 1/4 x 68 1/4 in. (231.8 x 173.3 cm),231.8,173.3,European Paintings,https://images.metmuseum.org/CRDImages/ep/original/DP-974-001.jpg
441234,2011.82,Corrado Giaquinto,Medea Rejuvenating Aeson,ca. 1760,Oil on canvas,29 x 21 1/2 in. (73.7 x 54.6 cm),73.66015,54.610107,European Paintings,https://images.metmuseum.org/CRDImages/ep/original/DP268309.jpg
441350,2017.202.1,Sir Lawrence Alma-Tadema,An Egyptian in a Doorway,1865,Oil on wood,22 x 15 1/2 in. (55.9 x 39.4 cm),55.88011,39.37008,European Paintings,https://images.metmuseum.org/CRDImages/ep/original/DP-16686-001.jpg
441351,2017.202.6,Georges Clairin,The Opium Smokers,1872,Oil on canvas,42 1/2 x 39 1/2 in. (108 x 100.3 cm),107.95022,100.3302,European Paintings,https://images.metmuseum.org/CRDImages/ep/original/DP-14274-005.jpg
441352,2017.202.2,Benjamin-Constant (Jean-Joseph-Benjamin Constant),The Sultan's Tiger,,Oil on canvas,80 3/4 x 48 3/4 in. (205.1 x 123.8 cm),205.10541,123.82525,European Paintings,https://images.metmuseum.org/CRDImages/ep/original/DP-14274-001.jpg
441353,2017.202.3,Benjamin-Constant (Jean-Joseph-Benjamin Constant),Scene in a Harem (Un Envoi de Serbie),1876,Oil on canvas,12 1/4 x 15 1/2 in. (31.1 x 39.4 cm),31.115063,39.37008,European Paintings,https://images.metmuseum.org/CRDImages/ep/original/DP-16687-001.jpg
441354,2017.202.4,Benjamin-Constant (Jean-Joseph-Benjamin Constant),Odalisque,,Oil on canvas,35 x 54 3/4 in. (88.9 x 139.1 cm),88.90018,139.06528,European Paintings,https://images.metmuseum.org/CRDImages/ep/original/DP-14274-003.jpg
441355,2017.202.5,British Painter,Western Gentleman in Oriental Costume,,Oil on canvas,approx. 6 x 9 in. (15.2 x 22.9 cm),15.24003,22.860046,European Paintings,https://images.metmuseum.org/CRDImages/ep/original/DP-16688-001.jpg
441359,2017.202.8,Alfred Dedreux,Seated Arab Man with Horse,possibly ca. 1850–58,Oil on canvas,25 1/2 x 21 1/4 in. (64.8 x 54 cm),64.77013,53.97511,European Paintings,https://images.metmuseum.org/CRDImages/ep/original/DP-14274-009.jpg
441363,2017.202.10,German Painter,The Arab Sage,,Oil on canvas,13 3/4 x 10 1/2 in. (34.9 x 26.7 cm),34.92507,26.670053,European Paintings,https://images.metmuseum.org/CRDImages/ep/original/DP-14274-013.jpg
441371,2016.807,William James Müller,"Study of a Man, Bust-Length, in Moorish Costume",ca. 1841–45,Oil on canvas,22 3/4 x 18 1/2 in. (57.8 x 47 cm),57.785114,46.990093,European Paintings,https://images.metmuseum.org/CRDImages/ep/original/DP-852-001.jpg
441373,2016.806,Philippe Pavy,"Girl in a Courtyard, Algiers (formerly Courtyard in Tangier)",1886,Oil on wood,18 x 11 1/4 in. (45.7 x 28.6 cm),45.720093,28.575058,European Paintings,https://images.metmuseum.org/CRDImages/ep/original/DP-854-001.jpg
441374,2017.202.11,Isidore Pils,"Sketch for ""Reception of Emperor Napoleon III and Empress Eugénie by the Kabyle Leaders at Algiers on September 18, 1860""",ca. 1862–67,Oil on canvas,25 1/4 x 43 1/4 in. (64.1 x 109.9 cm),64.13513,109.85522,European Paintings,https://images.metmuseum.org/CRDImages/ep/original/DP-14274-015.jpg
441378,2017.202.12,Horace Vernet,Arab Warrior,ca. 1817–22,Oil on canvas,12 1/2 x 8 3/4 in. (31.8 x 22.2 cm),31.750063,22.225044,European Paintings,https://images.metmuseum.org/CRDImages/ep/original/DP-16689-001.jpg
441672,"2011.485a, b",Hans Schäufelein,The Dormition of the Virgin; (reverse) Christ Carrying the Cross,ca. 1510,Oil and gold on fir,55 x 53 1/8 in. (139.7 x 134.9 cm),139.70029,134.93777,European Paintings,https://images.metmuseum.org/CRDImages/ep/original/DP296229.jpg
441965,2012.256,Francesco Trevisani,Dead Christ Supported by Angels,ca. 1710,Oil on canvas,51 1/2 x 38 1/4 in. (130.8 x 97.2 cm),130.81026,97.1552,European Paintings,https://images.metmuseum.org/CRDImages/ep/original/DP286351.jpg
441969,2012.348,baron François Gérard,"Charles Maurice de Talleyrand Périgord (1754–1838), Prince de Bénévent",1808,Oil on canvas,83 7/8 x 57 7/8 in. (213 x 147 cm),213.04292,147.00279,European Paintings,https://images.metmuseum.org/CRDImages/ep/original/DP277234.jpg
441971,2012.416,Jusepe de Ribera (called Lo Spagnoletto),The Tears of Saint Peter,ca. 1612–13,Oil on canvas,63 3/4 x 45 in. (161.9 x 114.3 cm),161.92532,114.30023,European Paintings,https://images.metmuseum.org/CRDImages/ep/original/DP286357.jpg
442183,2012.543,Ottavio Leoni (Il Padovano),A Cardinal's Procession,1621,Oil on copper,15 1/2 x 14 3/4 in. (39.4 x 37.5 cm),39.37008,37.465076,European Paintings,https://images.metmuseum.org/CRDImages/ep/original/DP-20593-001.jpg
442356,2012.542,Meiffren Conte,"Still Life with Silver and Gold Plate, Shells, and a Sword",fourth quarter 17th century,Oil on canvas,40 × 50 3/4 in. (101.6 × 128.9 cm),101.600204,128.90526,European Paintings,https://images.metmuseum.org/CRDImages/ep/original/DP289172.jpg
442491,2023.389,Bartolomeo Manfredi,Saints Peter and Paul,1620s,Oil on canvas,21 7/8 × 28 1/4 in. (55.6 × 71.8 cm),55.56261,71.75514,European Paintings,https://images.metmuseum.org/CRDImages/ep/original/DP-23364-001.jpg
442749,24.78b,Segna di Buonaventura,Saint Silvester Gozzolini,1320s,"Tempera on wood, gold ground","Overall, with framing elements, 49 x 21 in. (124.5 x 53.3 cm); Saint Silvester, painted surface 27 7/8 x 16 1/4 in. (70.8 X 41.3 cm); pinnacle, painted surface 10 x 15 5/8 in. (25.4 x 39.7 cm)",124.46025,53.340107,European Paintings,https://images.metmuseum.org/CRDImages/ep/original/DP333089.jpg
442750,24.78c,Segna di Buonaventura,Saint Benedict,1320s,"Tempera on wood, gold ground","Overall, with framing elements, 49 x 20 7/8 in. (124.5 x 53 cm); Saint Benedict, painted surface 27 7/8 x 16 in. (70.8 x 40.6 cm); pinnacle, painted surface 10 1/4 x 15 3/8 in. (26 x 39.1 cm)",124.46025,53.022606,European Paintings,https://images.metmuseum.org/CRDImages/ep/original/DP333091.jpg
442761,2013.183,Charles Le Brun,The Sacrifice of Polyxena,1647,Oil on canvas,66 1/2 × 51 3/4 in. (168.9 × 131.4 cm),168.91034,131.44527,European Paintings,https://images.metmuseum.org/CRDImages/ep/original/DP317722.jpg
44286,"1995.598a, b",,Rakan,,"Two hanging scrolls, from a set of sixteen; ink and color on silk","Image (a): 37 3/4 x 15 3/4 in. (95.9 x 40 cm)
Overall with mounting (a): 68 7/8 x 22 1/2 in. (174.9 x 57.2 cm)
Overall with knobs (a): 68 7/8 x 24 3/4 in. (174.9 x 62.9 cm)
Image (b): 37 1/4 x 15 5/8 in. (94.6 x 39.7 cm)
Overall with mounting (b): 68 7/8 x 22 1/2 in. (174.9 x 57.2 cm)
Overall with knobs (b): 68 7/8 x 24 1/2 in. (174.9 x 62.2 cm)",94.61519,39.68758,Asian Art,"https://images.metmuseum.org/CRDImages/as/original/1995_598a,b.jpg"
44506,30.76.290,Jin Chushi,Ten Kings of Hell,before 1195,One of five of a set of ten hanging scrolls; ink and color on silk,"Image: 51 x 19 1/2 in. (129.5 x 49.5 cm)
Overall with mounting: 80 × 25 3/8 in. (203.2 × 64.5 cm)
Overall with knobs: 80 x 27 1/2 in. (203.2 x 69.9 cm)",129.54025,49.530098,Asian Art,https://images.metmuseum.org/CRDImages/as/original/DP217409.jpg
44509,30.76.293,Jin Chushi,Ten Kings of Hell,before 1195,One of five of a set of ten hanging scrolls; ink and color on silk,"Image: 51 x 19 1/2 in. (129.5 x 49.5 cm)
Overall with knobs: 80 x 27 1/2 in. (203.2 x 69.9 cm)",129.54025,49.530098,Asian Art,https://images.metmuseum.org/CRDImages/as/original/DP213571.jpg
44510,30.76.294,Jin Chushi,Ten Kings of Hell,before 1195,One of five of a set of ten hanging scrolls; ink and color on silk,"Image: 51 x 19 1/2 in. (129.5 x 49.5 cm)
Overall with knobs: 80 x 27 1/2 in. (203.2 x 69.9 cm)",129.54025,49.530098,Asian Art,https://images.metmuseum.org/CRDImages/as/original/DP217414.jpg
44592,1989.235.3,Qiu Ying,The Sixteen Luohans,16th or 17th century,Handscroll; ink on paper,"Image: 13 9/16 x 206 3/8 in. (34.4 x 524.2 cm)
Overall with mounting: 13 7/8 x 468 3/4 in. (35.2 x 1190.6 cm)",34.4488,524.1935,Asian Art,https://images.metmuseum.org/CRDImages/as/original/DP205345_CRD.jpg
44593,1989.235.4,Qiu Ying,Divinities of the Planets and Constellations,16th century,Handscroll; ink and color on paper,"Image: 7 9/16 x 158 1/4 in. (19.2 x 402 cm)
Overall with mounting: 9 3/4 x 376 15/16 in. (24.8 x 957.4 cm)",19.2088,401.9558,Asian Art,https://images.metmuseum.org/CRDImages/as/original/DP205779_CRD.jpg
44602,1989.359,,Welcoming Descent of Amida Buddha and Twenty-five Bodhisattvas,1668,"Hanging scroll; ink, color, and gold on silk","Image: 51 1/8 x 24 1/4 in. (129.9 x 61.6 cm)
Overall with mounting: 80 x 32 in. (203.2 x 81.3 cm)
Overall with knobs: 80 x 35 1/2 in. (203.2 x 90.2 cm)",129.8578,61.5951,Asian Art,https://images.metmuseum.org/CRDImages/as/original/DP211941.jpg
44630,1991.14,Zheng Zhong,Searching the Mountains for Demons,17th century,Handscroll; ink and color on paper,10 5/8 in. x 27 ft. 9 1/2 in. (27 x 847.1 cm),27.0,847.1,Asian Art,https://images.metmuseum.org/CRDImages/as/original/DP205494_CDR.jpg
44698,2012.525,Unidentified artist,Star deities of the northern and central dippers,dated 1454,Hanging scroll; ink and color on silk,"Image: 54 11/16 x 30 9/16 in. (138.9 x 77.6 cm)
Overall with mounting: 104 5/8 x 38 in. (265.7 x 96.5 cm)
Overall with knobs: 104 5/8 x 42 1/8 in. (265.7 x 107 cm)",138.9065,77.6289,Asian Art,https://images.metmuseum.org/CRDImages/as/original/DP298239.jpg
44794,42.49,,Monk Holding a Lotus,ca. 6th–7th century,Pigments on mud plaster,32 x 14 3/4 in. (81.3 x 37.5 cm),,,Asian Art,https://images.metmuseum.org/CRDImages/as/original/DP267826.jpg
44845,1975.268.3,,Scroll of Deities of the Diamond World Mandala,1083,Handscroll; ink and color on paper,11 3/4 in. x 17 ft. 9 1/4 in. (29.8 x 541.7 cm),29.8,541.7,Asian Art,https://images.metmuseum.org/CRDImages/as/original/DP278116.jpg
44847,1985.16,,Fujiwara no Kamatari as a Shinto Deity,after 1350,Hanging scroll; color on silk,"Image: 34 x 15 in. (86.4 x 38.1 cm)
Overall with mounting: 60 x 22 in. (152.4 x 55.9 cm)
Overall with knobs: 60 x 24 in. (152.4 x 61 cm)",86.360176,38.100075,Asian Art,https://images.metmuseum.org/CRDImages/as/original/DP-36544-002.jpg
44849,53.7.3,Sugawara Mitsushige,"“Universal Gateway,” Chapter 25 of the Lotus Sutra",dated 1257,"Handscroll; ink, color, and gold on paper",Overall with mounting: 9 11/16 in. × 30 ft. 8 1/16 in. (24.6 × 934.9 cm),24.130049,33.020065,Asian Art,https://images.metmuseum.org/CRDImages/as/original/DP232567_CRD.jpg
44852,1980.221,,Illustrated Biography of Hōnen (Shūikotokūden-e),ca. 1310–20,Section of handscroll mounted as hanging scroll; ink and color on paper,"Image: 16 x 14 15/16 in. (40.7 x 38 cm)
Overall with mounting: 55 x 28 5/8 in. (139.7 x 72.7 cm)
Overall with knobs: 55 x 30 1/2 in. (139.7 x 77.5 cm)",40.7,21.0,Asian Art,https://images.metmuseum.org/CRDImages/as/original/DP270170.jpg
44863,1975.268.126,Okumura Masanobu,Yukihira and Two Brinemaidens at Suma,18th century,Hanging scroll; ink and color on silk,"Image: 33 1/8 x 12 7/8 in. (84.1 x 32.7 cm)
Overall with mounting: 66 3/4 x 17 3/4 in. (169.5 x 45.1 cm)
Overall with knobs: 66 3/4 x 20 1/4 in. (169.5 x 51.4 cm)",84.137665,32.702564,Asian Art,https://images.metmuseum.org/CRDImages/as/original/DP221127.jpg
44873,1989.364a–l,Chen Hongshou,Landscapes and Flowers,first half of the 17th century,Twelve folding fans mounted as album leaves; ink and color on gold paper,9 1/2 x 20 1/2 in. (24.1 x 52.1 cm),24.1,52.1,Asian Art,https://images.metmuseum.org/CRDImages/as/original/DT6316_CRD.jpg
44887,2002.447.1,,"Great Wisdom Sutra (Daihannya-kyō), one of the Chūsonji Sutras (Chūsonji-kyō)",ca. 1175,Handscroll; gold and silver on indigo-dyed paper,10 x 7 1/8 in. (25.4 x 18.1 cm),25.4,18.1,Asian Art,https://images.metmuseum.org/CRDImages/as/original/DP238193_CRD.jpg
44908,1975.268.34,Fujiwara no Nobuzane,"Competition Between Poets of Different Eras (Jidai fudō uta awase), depicting the poet Minamoto no Hitoshi",13th century,Section of a handscroll mounted as a hanging scroll; ink on paper,"Image: 11 3/4 x 7 1/2 in. (29.8 x 19.1 cm)
Overall: 57 1/2 x 17 7/8in. (146.1 x 45.4 cm)",29.84506,19.050037,Asian Art,https://images.metmuseum.org/CRDImages/as/original/DP237180.jpg
44911,1975.268.6,,Iconographic Drawings of the Five Kings of Wisdom (Myōō-bu shoson),12th century,Handscroll; ink and color on paper,13 1/4 in. x 42 ft. 2 3/16 in. (33.7 x 1285.7 cm),33.7,1285.7,Asian Art,https://images.metmuseum.org/CRDImages/as/original/DP234965_CRD.jpg
44938,36.100.90,Kawamata Tsuneyuki,"Parody of Murasaki, from ""Lavender"" (Wakamurasaki), chapter 5 of the Tale of Genji",18th century,Hanging scroll; ink and color on paper,14 3/8 x 18 5/8 in. (36.5 x 47.3 cm),36.5,47.3,Asian Art,https://images.metmuseum.org/CRDImages/as/original/36_100_90_O2.jpg
44941,"51.89.1, .2",Shibata Zeshin,Parody of the Four Accomplishments,second half of the 19th century,Pair of six-panel folding screens; ink and color on gold leaf on paper,each screen: 47 1/2 in. × 9 ft. 4 1/2 in. (120.7 × 285.8 cm),120.7,285.8,Asian Art,https://images.metmuseum.org/CRDImages/as/original/DT220565.jpg
44952,29.100.442,Jakusai 寂済,Portrait of En no Gyōja,late 14th–15th century,Hanging scroll; ink and color on silk,"Image: 36 5/16 × 15 5/16 in. (92.2 × 38.9 cm)
Overall with mounting: 72 3/8 × 21 5/8 in. (183.8 × 54.9 cm)
Overall with knobs: 72 3/8 × 23 3/8 in. (183.8 × 59.4 cm)",92.23393,38.89383,Asian Art,https://images.metmuseum.org/CRDImages/as/original/DP245462.jpg
44958,12.134.11,,"“Leaves of Wild Ginger” (Aoi), from the Phantom Genji Scrolls (Maboroshi no Genji monogatari emaki)",mid-17th century,"Handscroll; ink, color, and gold on paper",Overall with mounting: 13 7/8 × 89 in. (35.2 × 226.1 cm),35.24257,226.06046,Asian Art,https://images.metmuseum.org/CRDImages/as/original/DP143711.jpg
44983,27.176.2,,Taima Mandala,probably late 14th century,Hanging scroll; color and gold on silk,"Image: 52 1/2 in. × 48 in. (133.4 × 121.9 cm)
Overall with mounting: 98 1/4 × 57 7/8 in. (249.6 × 147 cm)
Overall with knobs: 98 1/4 × 60 3/8 in. (249.6 × 153.4 cm)",133.3503,121.9202,Asian Art,https://images.metmuseum.org/CRDImages/as/original/DP341231.jpg
45042,1975.268.55,Kano Tsunenobu,Four Admirers,late 17th–early 18th century,Hanging scroll; ink and color on silk,"Image: 21 5/16 x 46 in. (54.1 x 116.8 cm)
Overall with mounting: 67 5/8 x 55 1/2 in. (171.8 x 141 cm)",54.133858,116.84023,Asian Art,https://images.metmuseum.org/CRDImages/as/original/DP221202.jpg
450749,47.104,,Young Man Holding a Goblet,early 19th century,Oil on canvas,"H. 31 1/2 in. (80 cm)
W. 21 3/4 in. (55.2 cm)",80.0,55.2,Islamic Art,https://images.metmuseum.org/CRDImages/is/original/DP155949.jpg
45094,29.100.455,,Beauty Playing a Shamisen,second quarter of the 17th century,Remounted section of a screen; ink and color on paper,"Image: 24 7/16 x 29 1/8 in. (62.1 x 74 cm)
Overall with mounting: 66 3/4 x 29 15/16 in. (169.5 x 76 cm)
Overall with rollers: 66 3/4 x 32 3/8 in. (169.5 x 82.2 cm)",62.0714,73.9776,Asian Art,https://images.metmuseum.org/CRDImages/as/original/29_100_455_tms.JPG
451255,55.121.7,,Woman Holding Fruit,mid–17th century,Paint on plaster,"H. 24 1/8 in. (61.3 cm)
W. 10 5/8 in. (27 cm)",61.3,27.0,Islamic Art,https://images.metmuseum.org/CRDImages/is/original/sf55-121-7a.jpg
451256,55.121.8,,Man Holding a Bottle and a Cup,16th–17th century,"Ink, opaque watercolor, and gold on plaster","H. 21 7/16 in. (54.5 cm)
W. 8 3/16 in. (20.8 cm)",54.5,20.8,Islamic Art,https://images.metmuseum.org/CRDImages/is/original/wb-55.121.8.JPG
45188,36.100.21,Hanzan (Matsukawa),Kyogen Performers,19th century,Hanging scroll; ink and color on paper,12 1/2 x 16 13/16 in. (31.8 x 42.7 cm),31.8,42.7,Asian Art,https://images.metmuseum.org/CRDImages/as/original/DP-45129-002.jpg
45202,1975.268.26,Ryūshū Shūtaku (Myōtaku),Fudō Myōō and Two Attendants,14th century,One of a triptych of hanging scrolls; hand-colored woodblock print on paper,"Image: 42 × 14 in. (106.7 × 35.6 cm)
Overall with mounting: 71 × 20 3/4 in. (180.3 × 52.7 cm)
Overall with knobs: 71 × 22 1/2 in. (180.3 × 57.2 cm)",106.680214,35.6,Asian Art,https://images.metmuseum.org/CRDImages/as/original/DP276268.jpg
45204,1975.268.28,Ryūshū Shūtaku (Myōtaku),Fudō Myōō and Two Attendants,14th century,One of a triptych of hanging scrolls; hand-colored woodblock print on paper,"Image: 40 3/8 x 14 in. (102.6 x 35.6 cm)
Overall: 71 3/8 x 22 1/2 in. (181.3 x 57.2 cm)",102.552704,35.56007,Asian Art,https://images.metmuseum.org/CRDImages/as/original/DP276266.jpg
45208,18.124.11,,"Shaka (Shakyamuni), The Historical Buddha, Descending from the Mountains",15th century,Hanging scroll; ink and color on silk,"Image: 42 1/4 x 22 3/8 in. (107.3 x 56.8 cm)
Overall with knobs: 80 3/4 x 31 3/8 in. (205.1 x 79.7 cm)",107.3152,56.8326,Asian Art,https://images.metmuseum.org/CRDImages/as/original/LC-18_124_11_001.jpg
45209,1993.478.1,,Scene from the Life of the Buddha,early 15th century,"Section of a wall panel mounted as a hanging scroll; ink, color, and gold on silk","Image: 29 3/4 in. × 44 in. (75.6 × 111.8 cm)
Overall with mounting: 68 5/8 × 51 3/4 in. (174.3 × 131.4 cm)
Overall with knobs: 68 5/8 × 54 1/2 in. (174.3 × 138.4 cm)",75.56515,111.76022,Asian Art,https://images.metmuseum.org/CRDImages/as/original/DT3649.jpg
45212,1993.478.3,,Scene from the Life of the Buddha,early 15th century,"Section of a wall panel mounted as a hanging scroll; ink, color, and gold on silk","Image: 29 3/8 × 43 1/2 in. (74.6 × 110.5 cm)
Overall with mounting: 68 5/8 × 51 3/4 in. (174.3 × 131.4 cm)
Overall with knobs: 68 5/8 × 54 1/2 in. (174.3 × 138.4 cm)",74.61265,110.49022,Asian Art,https://images.metmuseum.org/CRDImages/as/original/DP245465.jpg
45213,1993.478.4,,Scene from the Life of the Buddha,early 15th century,"Section from a cycle of eight scenes from the life of the Buddha; ink, color, and gold on silk","Image: 29 5/8 × 43 5/8 in. (75.2 × 110.8 cm)
Overall with mounting: 68 5/8 × 51 3/4 in. (174.3 × 131.4 cm)
Overall with knobs: 68 5/8 × 54 1/2 in. (174.3 × 138.4 cm)",75.24765,110.807724,Asian Art,https://images.metmuseum.org/CRDImages/as/original/DP245467.jpg
45217,29.100.498,Kano Chikanobu,Seven Gods of Good Fortune and Chinese Children,17th–18th century,"Six-panel folding screen; ink, color, and gilt on paper; Reverse side: ink, color, and gold on paper",69 1/4 in. × 12 ft. 9 in. (175.9 × 388.6 cm),175.9,388.6,Asian Art,https://images.metmuseum.org/CRDImages/as/original/DP105850.jpg
45219,"29.100.495g, h",Kano Eitoku,Chinese Women in a Palace Garden,late 16th century,"Two panels of a folding screen, mounted as a hanging scroll; ink, color, gold, and gold leaf on paper",61 1/8 x 45 1/2 in. (155.3 x 115.6 cm),155.3,115.6,Asian Art,https://images.metmuseum.org/CRDImages/as/original/LC-29_100_495gh_002.jpg
452207,1971.22,,Dancer,early 19th century,Oil and gold on canvas,"H. 41 5/16 in. (105 cm)
W. 27 7/8 in. (70.8 cm)",105.0,70.8,Islamic Art,https://images.metmuseum.org/CRDImages/is/original/sf1971-22b.jpg
45234,"1975.268.72, .73",Nagasawa Rosetsu,Miscellaneous Paintings and Calligraphy,1785,Sheets with calligraphy and painting attached to a pair of six-panel folding screens; ink on paper,Image (each screen): 62 3/8 in. x 11 ft. 7 5/8 in. (158.4 x 354.6 cm),158.43282,354.64822,Asian Art,https://images.metmuseum.org/CRDImages/as/original/DT1620.jpg
45236,29.100.466,,The Bodhisattva Monju (Manjushri) with Five Topknots,13th century,Hanging scroll; ink and color on silk,"Image: 36 3/4 × 20 3/4 in. (93.3 × 52.7 cm)
Overall with mounting: 79 3/4 × 29 1/2 in. (202.6 × 74.9 cm)
Overall with knobs: 31 1/2 in. (80 cm)",93.345184,52.705105,Asian Art,https://images.metmuseum.org/CRDImages/as/original/DP-12377-002.jpg
45238,50.137,,Portrait of Jion Daishi (Guiji),14th century,Hanging scroll; ink and color on silk,"Image: 59 1/4 x 30 1/4 in. (150.5 x 76.8 cm)
Overall with mounting: 99 x 38 1/4 in. (251.5 x 97.2 cm)
Overall with knobs: 100 3/4 x 41 in. (255.9 x 104.1 cm)",150.4953,76.83515,Asian Art,https://images.metmuseum.org/CRDImages/as/original/DP-12378-002.jpg
45244,1984.124,,White-Robed Kannon,15th century,Hanging scroll; ink on silk,"Image: 32 7/8 in. × 71 in. (83.5 × 180.3 cm)
71 1/2 × 21 7/8 in. (181.6 × 55.6 cm)
Overall with knobs: 71 × 24 in. (180.3 × 61 cm)",83.50267,180.34036,Asian Art,https://images.metmuseum.org/CRDImages/as/original/DP-1488-002.jpg
45249,42.25.37,Unidentified artist,Welcoming Descent of Amida and Bodhisattvas,late 14th century,"Hanging scroll; ink, color, and gold on silk","Image: 65 3/4 × 33 1/2 in. (167 × 85.1 cm)
Overall with mounting: 8 ft. 3 1/2 in. × 39 1/2 in. (252.7 × 100.3 cm)
Overall with knobs: 8 ft. 3 1/2 in. × 42 1/4 in. (252.7 × 107.3 cm)",167.00534,85.09017,Asian Art,https://images.metmuseum.org/CRDImages/as/original/DP-44718-002.jpg
45258,"1975.268.44, .45",Tosa Mitsunobu,Bamboo in the Four Seasons,late 15th–early 16th century,"Pair of six-panel screens; ink, color, and gold leaf on paper",Image (each): 61 13/16 in. × 11 ft. 9 3/4 in. (157 × 360 cm),157.0,360.0,Asian Art,https://images.metmuseum.org/CRDImages/as/original/DT1607.jpg
453283,1987.355.1,,Laila and Majnun,mid-18th century,Oil on canvas,"H. 36 3/8 in. (92.4 cm)
W. 33 7/8 in. (86 cm)
D. 3/4 in. (1.9 cm)",92.392685,86.04267,Islamic Art,https://images.metmuseum.org/CRDImages/is/original/DT5774.jpg
45340,1975.268.124,Iwasa Matabei,"The Poet Mibu no Tadamine, from a set of album leaves illustrating The Thirty-six Poetic Immortals",early 17th century,"Hanging scroll; ink, color, gold and silver on paper",Image: 11 1/4 × 12 3/4 in. (28.6 × 32.4 cm); Overall with mounting: 47 3/4 × 16 5/8 in. (121.3 × 42.2 cm); Overall with knobs: 47 3/4 × 18 3/4 in. (121.3 × 47.6 cm),28.575058,32.4,Asian Art,https://images.metmuseum.org/CRDImages/as/original/DP276497.jpg
45361,21.174.1a–c,,The Tale of the Bamboo Cutter,late 17th century,"Hand-illustrated set of three volumes; ink, color, gold, and silver on paper",9 1/8 x 6 9/16 in. (23.2 x 16.7 cm),23.2,16.7,Asian Art,https://images.metmuseum.org/CRDImages/as/original/DP137389.jpg
45366,1975.268.33,,“Channel Markers” (Miotsukushi),late 14th–early 15th century,Handscroll; ink and color on paper,Image: 12 3/16 in. x 14 ft. 8 in. (31 x 447 cm),30.956312,447.0409,Asian Art,https://images.metmuseum.org/CRDImages/as/original/DP237171_CRD.jpg
45369,29.100.469,,Shaka (Shakyamuni) Triad,13th century,"Hanging scroll; ink, color, and gold on silk","Image: 42 1/4 x 22 3/4 in. (107.3 x 57.8 cm)
Overall with mounting: 86 x 31 1/2 in. (218.4 x 80 cm)
Overall with knobs: 86 x 33 3/4 in. (218.4 x 85.7 cm)",107.3152,57.7851,Asian Art,https://images.metmuseum.org/CRDImages/as/original/DP231179.jpg
45372,29.160.29,Kasuga Motomitsu,Portrait of Xuanzang (Genjō) with Attendant,14th century,Hanging scroll; ink and color on silk,"Image: 48 3/4 x 29 1/4 in. (123.8 x 74.3 cm)
Overall with mounting: 87 1/2 x 37 1/2 in. (222.3 x 95.3 cm)
Overall with knobs: 87 1/2 x 39 1/2 in. (222.3 x 100.3 cm)",123.82525,74.29515,Asian Art,https://images.metmuseum.org/CRDImages/as/original/DP-15580-007.jpg
45373,33.89,Hasegawa Sakon 長谷川左近,Immortals,ca. 1620s–30s,Six-panel folding screen; ink and gold on paper,58 1/4 in. × 10 ft. 1 3/4 in. (147.9 × 309.2 cm),147.9,309.2,Asian Art,https://images.metmuseum.org/CRDImages/as/original/LC-33_89_str1-001.jpg
45378,1975.268.78,Kita Genki,Portrait of the Ōbaku Zen Monk Jifei Ruyi (Sokuhi Nyoitsu),1666,Hanging scroll; ink and color on silk,"Image: 43 1/8 × 17 5/16 in. (109.5 × 44 cm)
Overall with mounting: 79 1/4 × 22 1/4 in. (201.3 × 56.5 cm)
Overall with knobs: 79 1/4 × 24 3/8 in. (201.3 × 61.9 cm)",109.53772,43.97384,Asian Art,https://images.metmuseum.org/CRDImages/as/original/DP221040.jpg
45379,1975.268.114,Watanabe Kazan,Sketch for the Portrait of Tachihara Suiken,ca. 1823,Hanging scroll; ink and color on paper,29 1/8 x 17 in. (74 x 43.2 cm),174.6,71.1,Asian Art,https://images.metmuseum.org/CRDImages/as/original/DP277627.jpg
45380,57.138.1,Kaigetsudō Dohan,Standing Courtesan Looking Over Her Shoulder,ca. 1715,Hanging scroll; ink and color on paper,"Image: 51 in. × 17 3/4 in. (129.5 × 45.1 cm)
Overall with mounting: 75 5/8 × 23 1/4 in. (192.1 × 59.1 cm)
Overall with knobs: 75 5/8 × 25 1/4 in. (192.1 × 64.1 cm)",129.54025,45.08509,Asian Art,https://images.metmuseum.org/CRDImages/as/original/DP-37461-002.jpg
45381,1975.268.125,Kaigetsudō Dohan,Beautiful Woman,early 18th century,Hanging scroll; ink and color on paper,"Image: 32 3/16 x 13 3/16 in. (81.8 x 33.5 cm)
Overall with mounting: 64 3/8 x 20 1/8 in. (163.5 x 51.1 cm)",81.7564,33.4963,Asian Art,https://images.metmuseum.org/CRDImages/as/original/DP-36795-002.jpg
45396,14.76.32,Isoda Koryūsai,Painting the Eyes on a Snow Rabbit,ca. 1780,Hanging scroll; ink and color on silk,"Image: 23 3/4 in. × 16 in. (60.3 × 40.6 cm)
Overall with mounting: 62 1/4 in. × 23 in. (158.1 × 58.4 cm)
Overall with knobs: 62 1/4 × 24 3/4 in. (158.1 × 62.9 cm)",60.32512,40.64008,Asian Art,https://images.metmuseum.org/CRDImages/as/original/DT5291.jpg
45397,45.97.4,,Woman Playing a New Year's Game of Battledore and Shuttlecock,18th century,Hanging scroll; ink and color on paper,30 5/8 x 10 1/4 in. (77.8 x 26 cm),77.8,26.0,Asian Art,https://images.metmuseum.org/CRDImages/as/original/DP-44732-002.jpg
45398,36.100.9,Chōbunsai Eishi,Three Beauties Viewing Cherry Blossoms,late 18th–19th century,Hanging scroll; ink and color on silk,12 5/8 x 27 5/8 in. (32.1 x 70.2 cm),32.1,70.2,Asian Art,https://images.metmuseum.org/CRDImages/as/original/DP-45127-002.jpg
45523,1975.268.1,,Scroll of Mudras,11th–12th century,Handscroll; ink on paper,11 3/16 x 97 1/2 in. (28.4 x 247.6 cm),28.4,247.6,Asian Art,https://images.metmuseum.org/CRDImages/as/original/DP234311_CRD.jpg
45524,1975.268.19,,White-Robed Kannon,13th century,Hanging scroll; ink and color on silk,"Image: 29 1/2 × 15 3/8 in. (74.9 × 39.1 cm)
59 1/2 × 21 1/2 in. (151.1 × 54.6 cm)
Overall with knobs: 59 1/2 × 23 1/4 in. (151.1 × 59.1 cm)",74.9301,39.052578,Asian Art,https://images.metmuseum.org/CRDImages/as/original/DP276191.jpg
45580,45.97.6,,Festival Scenes,18th century,Handscroll; ink and color on silk,11 in. × 10 ft. 13/16 in. (28 × 306.9 cm),28.0,306.9,Asian Art,https://images.metmuseum.org/CRDImages/as/original/DP232119_CRD.jpg
45591,29.160.31,,Shaka Nyorai,14th century,"Hanging scroll; ink, color, and gold on silk","Image: 50 1/2 × 21 in. (128.3 × 53.3 cm)
Overall with mounting: 85 1/2 × 28 in. (217.2 × 71.1 cm)
Overall with knobs: 85 1/2 × 30 1/8 in. (217.2 × 76.5 cm)",128.27026,53.340107,Asian Art,https://images.metmuseum.org/CRDImages/as/original/DP231181.jpg
45592,30.72.1,,Welcoming Descent of Amida Buddha,15th–16th century,"Hanging scroll; ink, color, and gold on silk",43 3/4 x 25 1/8 in. (111.1 x 63.8 cm),111.1,63.8,Asian Art,https://images.metmuseum.org/CRDImages/as/original/DP-26928-002.jpg
45593,52.126.25,,Buddha and Attendants,17th–18th century,Hanging scroll; ink and color on paper,37 15/16 x 18 3/16 in. (96.4 x 46.2 cm),96.4,46.2,Asian Art,https://images.metmuseum.org/CRDImages/as/original/DP211978.jpg
45594,14.76.54,,Taima Mandala,1750,"Hanging scroll; ink, color, and gold on silk","Image: 41 13/16 × 37 13/16 in. (106.2 × 96 cm)
Overall with mounting: 74 1/4 × 45 1/8 in. (188.6 × 114.6 cm)
Overall with knobs: 74 1/4 × 47 9/16 in. (188.6 × 120.8 cm)",106.203964,96.043945,Asian Art,https://images.metmuseum.org/CRDImages/as/original/DP156281.jpg
45597,29.100.462,,Miroku Bosatsu,14th century,"Hanging scroll; ink, color, and gold on silk","Image: 42 in. × 18 1/2 in. (106.7 × 47 cm)
Overall with mounting: 80 in. × 26 1/4 in. (203.2 × 66.7 cm)
Overall with knobs: 28 1/8 in. (71.4 cm)",106.6802,46.9901,Asian Art,https://images.metmuseum.org/CRDImages/as/original/DT278545.jpg
45601,30.72.2,Unidentified artist,The Bodhisattva Jizō “Looking Back”,14th century,"Hanging scroll; ink, color, gold paint (kindei), and cut gold on silk","Image: 33 1/4 x 14 1/2 in. (84.5 x 36.8 cm)
Overall with mounting: 63 9/16 x 20 9/16 in. (161.4 x 52.2 cm)
Overall with knobs: 64 9/16 x 22 7/16 in. (164 x 57 cm)",84.4552,36.8301,Asian Art,https://images.metmuseum.org/CRDImages/as/original/DP-1382-002.jpg
45603,69.139,,Jizō Bosatsu,15th century,"Hanging scroll; ink, color, gold paint (kindei), and cut gold leaf (kirikane) on silk","Image: 41 1/2 x 19 3/8 in. (105.4 x 49.2 cm)
Overall with mounting: 60 x 24 3/4 in. (152.4 x 62.9 cm)
Overall with knobs: 71 1/4 x 27 in. (181 x 68.6 cm)",105.4102,49.2126,Asian Art,https://images.metmuseum.org/CRDImages/as/original/DP-1381-002.jpg
45606,1975.268.25,Ryūshū Shūtaku (Myōtaku),Kongara-doji,1387,Hanging scroll; ink and color on silk,43 x 15 3/4 in. (109.2 x 40 cm),177.8,57.8,Asian Art,https://images.metmuseum.org/CRDImages/as/original/DP276275.jpg
45607,67.55.38,,Eight Attendants of Fudō Myōō,15th century,"Door of a portable shrine; ink, color, and gold on lacquered wood",H. 9 7/8 in. (25.1 cm); W. 7 1/2 in. (19 cm); Th. 1/8 in. (.4 cm),25.0826,18.9992,Asian Art,https://images.metmuseum.org/CRDImages/as/original/67_55_38_O1.jpg
45609,44.35.4,,One of the Twelve Celestial Guardians,second half 14th century,"Hanging scroll (from a set of twelve) mounted as framed panel; ink, color, and gold on silk",39 x 16 in. (99.1 x 40.6 cm),99.1,40.6,Asian Art,https://images.metmuseum.org/CRDImages/as/original/44_35_4_O1_sf.JPG
45611,"X.87a, b",,Twelve Deva Kings (Jūniten),16th century,"Pair of framed paintings; ink, color, and gold on silk","Image: 26 1/2 x 16 3/4 in. (67.3 x 42.5 cm)
Framed (each): 47 3/8 × 23 1/4 in. (120.3 × 59.1 cm)",67.3101,42.5451,Asian Art,https://images.metmuseum.org/CRDImages/as/original/DP215116.jpg
45612,1975.268.29,,One of the Twelve Celestial Guardians,14th century,Hanging scroll (from a set of twelve); hand-colored print on paper,"Overall with knobs: 60 × 20 1/4 in. (152.4 × 51.4 cm)
Overall with mounting: 60 × 18 1/2 in. (152.4 × 47 cm)
Image: 32 in. × 12 3/4 in. (81.3 × 32.4 cm)",81.28016,32.385063,Asian Art,https://images.metmuseum.org/CRDImages/as/original/DP276279.jpg
45616,1975.268.4,Sōkan,Iconographic Drawings of the Secrets of the Nine Luminaries,1125,Handscroll; ink and color on paper,11 1/4 in. x 26 ft. 6 1/4 in. (28.5 x 808.3 cm),28.5,808.3,Asian Art,https://images.metmuseum.org/CRDImages/as/original/DP279220.jpg
45618,1975.268.8,Takuma Tametō,"Gakkō Bosatsu, from “Album of Buddhist Deities from the Diamond World and Womb World Mandalas” (“Kontai butsugajō”)",mid-12th century,"Page from a book mounted as a hanging scroll; ink, color, and gold on paper","10 × 5 3/8 in. (25.4 × 13.7 cm)
Overall with mounting: 49 1/4 × 15 1/2 in. (125.1 × 39.4 cm)
Overall with knobs: 49 1/4 × 17 3/4 in. (125.1 × 45.1 cm)",25.4,13.652527,Asian Art,https://images.metmuseum.org/CRDImages/as/original/DP215100.jpg
45619,1975.268.10,,Iconographic Drawing of the Bodhisattva Memyō (Ashvaghosha),12th century,Hanging scroll; ink and color on paper,"Overall: 46 1/4 x 16 1/2 in. (117.5 x 41.9 cm)
Overall with mounting: 46 1/4 x 19 in. (117.5 x 48.3 cm)",117.475235,41.910084,Asian Art,https://images.metmuseum.org/CRDImages/as/original/DP276181.jpg
45622,"1975.268.14a, b",,Anchira-taisho Jochi,1164,Pair of hanging scrolls; ink on paper,"Image (a): 21 7/8 x 12 5/8 in. (55.6 x 32.1 cm)
Image (b): 12 11/16 x 5 7/8 in. (32.3 x 15 cm)
Overall (a): 54 1/4 x 19 5/8 in. (137.8 x 49.8 cm)
Overall (b): 46 1/8 x 14 7/8 in. (117.2 x 37.8 cm)",55.5626,32.0676,Asian Art,https://images.metmuseum.org/CRDImages/as/original/DP276187.jpg
45623,1975.268.11,,Benzaiten and Fifteen Attendants,13th century,Hanging scroll; ink and color on paper,"Overall: 53 1/2 x 19 3/8 in. (135.9 x 49.2 cm)
Overall with mounting: 53 1/2 x 21 1/2 in. (135.9 x 54.6 cm)",135.89027,49.212597,Asian Art,https://images.metmuseum.org/CRDImages/as/original/DP276183.jpg
45626,1975.268.23,,Arhats,late 14th century,Hanging scroll; ink and color on silk,"Image: 45 7/8 x 19 3/8 in. (116.5 x 49.2 cm)
Overall with mounting: 75 3/4 x 25 3/8 in. (192.4 x 64.5 cm)
Overall with knobs: 75 3/4 x 27 1/8 in. (192.4 x 68.9 cm)",116.522736,49.212597,Asian Art,https://images.metmuseum.org/CRDImages/as/original/DP221038.jpg
45628,29.100.518,,Portrait of Jianzhen (Ganjin),15th century,Hanging scroll; ink and color on silk,35 x 15 1/4 in. (88.9 x 38.7 cm),88.9,38.7,Asian Art,https://images.metmuseum.org/CRDImages/as/original/DP-12380-002.jpg
45629,13.95.2,,Portrait of Kyūzan Sōei,17th century,Hanging scroll; ink and color on silk,"Image: 44 in. × 19 3/8 in. (111.8 × 49.2 cm)
Overall with mounting: 82 1/4 × 25 1/4 in. (208.9 × 64.1 cm)
Overall with knobs: 82 1/4 × 27 5/8 in. (208.9 × 70.2 cm)",111.76022,49.212597,Asian Art,https://images.metmuseum.org/CRDImages/as/original/DP231163.jpg
45630,29.100.508,Toba Sōjō,Prince Shōtoku at Age Sixteen,14th century,"Hanging scroll; ink, color, and gold on silk","Image: 32 1/2 × 20 9/16 in. (82.6 × 52.2 cm)
Overall with mounting: 62 7/8 × 21 3/4 in. (159.7 × 55.2 cm)
Overall with knobs: 62 7/8 × 24 1/2 in. (159.7 × 62.2 cm)",82.55016,52.228855,Asian Art,https://images.metmuseum.org/CRDImages/as/original/29_100_508_06_sf.jpg
45631,X.78,,Mandala of the Sannō Shrine Deities,17th century,"Hanging scroll; ink, and gold on silk",42 1/4 x 16 7/8 in. (107.3 x 42.9 cm),107.3,42.9,Asian Art,https://images.metmuseum.org/CRDImages/as/original/X_78_O.JPG
45633,1975.268.35,,"A Nenbutsu Gathering at Ichiya, Kyoto",late 14th century,Section of a handscroll mounted as a hanging scroll; ink and color on paper,"Image: 12 3/4 × 17 3/4 in. (32.4 × 45.1 cm)
Overall with mounting: 45 3/4 × 22 5/8 in. (116.2 × 57.5 cm)
Overall with knobs: 45 3/4 × 24 1/2 in. (116.2 × 62.2 cm)",32.385063,45.08509,Asian Art,https://images.metmuseum.org/CRDImages/as/original/DP237165.jpg
45651,29.100.496,Sesson Shūkei,Monkeys on Rocks and Trees,17th century,Two-panel folding screen; ink on paper,59 1/4 × 66 7/16 in. (150.5 × 168.8 cm),150.5,168.8,Asian Art,https://images.metmuseum.org/CRDImages/as/original/DP-27190-001.jpg
45666,23.33.3,Unidentified artist,"Paying homage to Xiwangmu, the Queen Mother of the West",15th century,Fan mounted as an album leaf; ink and color on silk,Image: 11 3/8 × 11 3/8 in. (28.9 × 28.9 cm),28.892557,28.892557,Asian Art,https://images.metmuseum.org/CRDImages/as/original/DP153538.jpg
45672,14.76.1,Unidentified artist,Portrait of Vimalakirti,,Hanging scroll; ink and color on silk,62 x 36 1/2 in. (157.5 x 92.7 cm),157.5,92.7,Asian Art,https://images.metmuseum.org/CRDImages/as/original/LC-14_76_1_002.jpg
45687,"29.100.448, .449",,Seven Sages of the Bamboo Grove,,Hanging scroll; ink and color on silk,"Image: 24 3/8 in. × 35 in. (61.9 × 88.9 cm)
Overall with mounting: 60 × 42 in. (152.4 × 106.7 cm)
Overall with knobs: 60 × 45 in. (152.4 × 114.3 cm)",61.912624,88.90018,Asian Art,https://images.metmuseum.org/CRDImages/as/original/LC-29_100_448-449_jps-005.jpg
45689,14.76.52,,Eight Daoist Immortals Welcoming Jurōjin,17th century,Hanging scroll; ink and color on silk,"Image: 55 1/4 in. × 31 in. (140.3 × 78.7 cm)
Overall with mounting: 93 1/2 × 36 1/4 in. (237.5 × 92.1 cm)
Overall with knobs: 93 1/2 × 39 1/2 in. (237.5 × 100.3 cm)",140.33528,78.74016,Asian Art,https://images.metmuseum.org/CRDImages/as/original/LC-14_76_52_002.jpg
45690,14.76.53,,Eight Daoist Immortals Welcoming Jurōjin,17th century,Hanging scroll; ink and color on silk,"Image: 55 × 31 in. (139.7 × 78.7 cm)
Overall with mounting: 93 1/2 × 36 5/8 in. (237.5 × 93 cm)
Overall with knobs: 93 1/2 × 39 5/8 in. (237.5 × 100.6 cm)",139.70029,78.74016,Asian Art,https://images.metmuseum.org/CRDImages/as/original/LC-14_76_53_002.jpg
45695,29.100.495a–f,Kano Eitoku,Chinese Women and Children in a Palace Garden,first half 17th century,"Six-panel folding screen; ink, color, gold, and gold leaf on paper",65 1/4 x 146 1/4 in. (165.8 x 371.5 cm),182.9,374.7,Asian Art,https://images.metmuseum.org/CRDImages/as/original/DT1598.jpg
45696,29.100.450,Isei,Chinese Children at Play,,Framed painting; ink and color on paper,Image: 15 5/16 × 13 1/16 in. (38.9 × 33.1 cm),38.9,33.1,Asian Art,https://images.metmuseum.org/CRDImages/as/original/LC-29_100_450_jps-003.jpg
45697,29.100.451,Isei,Chinese Children at Play,,Framed painting; ink and color on paper,Image: 15 1/4 × 12 15/16 in. (38.7 × 32.8 cm),38.7,32.8,Asian Art,https://images.metmuseum.org/CRDImages/as/original/LC-29_100_451_jps-003.jpg
45699,14.76.27,Kano Tan'yū,Portrait of Emperor Shennong,1665,One from a set of three hanging scrolls; ink and color on silk,41 1/2 x 18 3/16 in. (105.4 x 46.2 cm),105.4,46.2,Asian Art,https://images.metmuseum.org/CRDImages/as/original/DP231165.jpg
45702,14.140.5,Kano Shōun,Imaginary Portraits of Famous Poets,late 17th century,Eighteen unmounted shikishi leaves; ink and color on silk,7 1/4 × 6 1/2 in. (18.4 × 16.5 cm),18.415037,16.510033,Asian Art,https://images.metmuseum.org/CRDImages/as/original/14_140_5_F_sf.jpg
45703,14.140.6,Kano Shōun,Immortal Poet,17th century,Unmounted shikisi leaf; ink and color on silk,7 1/4 × 6 1/2 in. (18.4 × 16.5 cm),18.415037,16.510033,Asian Art,https://images.metmuseum.org/CRDImages/as/original/14_140_6_F_sf.jpg
45704,14.140.7,Kano Shōun,Immortal Poet,17th century,Unmounted shikisi leaf; ink and color on silk,7 1/4 × 6 1/2 in. (18.4 × 16.5 cm),18.415037,16.510033,Asian Art,https://images.metmuseum.org/CRDImages/as/original/14_140_7_F_sf.jpg
45705,14.140.8,Kano Shōun,Immortal Poet,17th century,Unmounted shikisi leaf; ink and color on silk,7 1/4 × 6 1/2 in. (18.4 × 16.5 cm),18.415037,16.510033,Asian Art,https://images.metmuseum.org/CRDImages/as/original/14_140_8_F_sf.jpg
45706,14.140.9,Kano Shōun,Immortal Poet,17th century,Unmounted shikisi leaf; ink and color on silk,7 1/4 × 6 1/2 in. (18.4 × 16.5 cm),18.415037,16.510033,Asian Art,https://images.metmuseum.org/CRDImages/as/original/14_140_9_F_sf.jpg
45708,14.140.11,Kano Shōun,Immortal Poet,17th century,Unmounted shikisi leaf; ink and color on silk,7 1/4 × 6 1/2 in. (18.4 × 16.5 cm),18.415037,16.510033,Asian Art,https://images.metmuseum.org/CRDImages/as/original/14_140_11_F_sf.jpg
45709,14.140.12,Kano Shōun,Immortal Poet,17th century,Unmounted shikisi leaf; ink and color on silk,7 1/4 × 6 1/2 in. (18.4 × 16.5 cm),18.415037,16.510033,Asian Art,https://images.metmuseum.org/CRDImages/as/original/14_140_12_F_sf.jpg
45710,14.140.13,Kano Shōun,Immortal Poet,17th century,Unmounted shikisi leaf; ink and color on silk,7 1/4 × 6 1/2 in. (18.4 × 16.5 cm),18.415037,16.510033,Asian Art,https://images.metmuseum.org/CRDImages/as/original/14_140_13_F_sf.jpg
45711,14.140.14,Kano Shōun,Immortal Poet,17th century,Unmounted shikisi leaf; ink and color on silk,7 1/4 × 6 1/2 in. (18.4 × 16.5 cm),18.415037,16.510033,Asian Art,https://images.metmuseum.org/CRDImages/as/original/14_140_14_F_sf.jpg
45712,14.140.15,Kano Shōun,Immortal Poet,17th century,Unmounted shikisi leaf; ink and color on silk,7 1/4 × 6 1/2 in. (18.4 × 16.5 cm),18.415037,16.510033,Asian Art,https://images.metmuseum.org/CRDImages/as/original/14_140_15_F_sf.jpg
45713,14.140.16,Kano Shōun,Immortal Poet,17th century,Unmounted shikisi leaf; ink and color on silk,7 1/4 × 6 1/2 in. (18.4 × 16.5 cm),18.415037,16.510033,Asian Art,https://images.metmuseum.org/CRDImages/as/original/14_140_16_F_sf.jpg
45714,14.140.17,Kano Shōun,Immortal Poet,17th century,Unmounted shikisi leaf; ink and color on silk,7 1/4 × 6 1/2 in. (18.4 × 16.5 cm),18.415037,16.510033,Asian Art,https://images.metmuseum.org/CRDImages/as/original/14_140_17_F_sf.jpg
45715,14.140.18,Kano Shōun,Immortal Poet,17th century,Unmounted shikisi leaf; ink and color on silk,7 1/4 × 6 1/2 in. (18.4 × 16.5 cm),18.415037,16.510033,Asian Art,https://images.metmuseum.org/CRDImages/as/original/14_140_18_F_sf.jpg
45716,14.140.19,Kano Shōun,Immortal Poet,17th century,Unmounted shikisi leaf; ink and color on silk,7 1/4 × 6 1/2 in. (18.4 × 16.5 cm),18.415037,16.510033,Asian Art,https://images.metmuseum.org/CRDImages/as/original/14_140_19_F_sf.jpg
45717,14.140.20,Kano Shōun,Immortal Poet,17th century,Unmounted shikisi leaf; ink and color on silk,7 1/4 × 6 1/2 in. (18.4 × 16.5 cm),18.415037,16.510033,Asian Art,https://images.metmuseum.org/CRDImages/as/original/14_140_20_F_sf.jpg
45719,14.140.22,Kano Shōun,Immortal Poet,17th century,Unmounted shikisi leaf; ink and color on silk,7 1/4 × 6 1/2 in. (18.4 × 16.5 cm),18.415037,16.510033,Asian Art,https://images.metmuseum.org/CRDImages/as/original/14_140_22_F_sf.jpg
45733,36.100.33,Hanabusa Itchō,Jizō Bosatsu,1667–98,"Hanging scroll; ink, color, and gold paint on paper","Overall with mounting: 57 1/4 × 15 7/16 in. (145.4 × 39.2 cm)
Image: 25 in. × 10 5/8 in. (63.5 × 27 cm)
Overall with knobs: 57 1/4 × 17 1/4 in. (145.4 × 43.8 cm)",63.500126,26.987555,Asian Art,https://images.metmuseum.org/CRDImages/as/original/DP-36019-002.jpg
45736,36.100.99,Kano Osanobu,Queen Mother of the West,second quarter 19th century,Hanging scroll; ink and color on silk,"Image: 39 3/4 × 14 7/8 in. (101 × 37.8 cm)
Overall with knobs: 73 3/4 × 22 in. (187.3 × 55.9 cm)
Overall with mounting: 73 3/4 × 19 3/4 in. (187.3 × 50.2 cm)",101.0,37.8,Asian Art,https://images.metmuseum.org/CRDImages/as/original/DP333859.jpg
45739,1975.268.54,Kano Tanshin (Moromichi),Jurōjin,early 19th century,Hanging scroll; ink on silk,"Image: 36 1/2 in. × 15 in. (92.7 × 38.1 cm)
Overall with mounting: 71 × 20 in. (180.3 × 50.8 cm)
Overall with knobs: 22 1/8 in. (56.2 cm)",92.71018,38.100075,Asian Art,https://images.metmuseum.org/CRDImages/as/original/DP276289.jpg
45743,47.56,Tosa School,"Scene from The Tale of Genji: Chapter 4, ""Evening Face"" (Yūgao)",17th century,Matted painting; ink and color on silk,8 x 8 in. (20.3 x 20.3 cm),20.3,20.3,Asian Art,https://images.metmuseum.org/CRDImages/as/original/47_56_O.jpg
45754,1981.4.2,Unidentified artist,The Moon Goddess Chang E,,Hanging scroll; ink and color on paper,"Image: 53 5/8 x 23 1/8 in. (136.2 x 58.7 cm)
Overall with mounting: 109 1/4 x 30 1/4 in. (277.5 x 76.8 cm)
Overall with knobs: 109 1/4 x 34 in. (277.5 x 86.4 cm)",136.2078,58.7376,Asian Art,https://images.metmuseum.org/CRDImages/as/original/DT9281.jpg
45759,29.100.501–.506,,Dancers,late 17th–early 18th century,"Six-panel folding screen; ink, color, and gold on paper",50 3/16 in. × 11 ft. 4 5/16 in. (127.5 × 346.2 cm),127.5,346.2,Asian Art,https://images.metmuseum.org/CRDImages/as/original/29_100_501_506_O.JPG
45761,12.134.12,,Beauties and Young Gallants,17th century,Album leaves; ink and color on paper,"Image: 10 3/4 x 14 1/2 in. (27.3 x 36.8 cm)
Overall: 10 3/4 x 78 5/8 in. (27.3 x 199.7cm)",27.305054,36.830074,Asian Art,https://images.metmuseum.org/CRDImages/as/original/DP231850.jpg
45762,14.76.31,Furuyama Moromasa,Courtesan Resting on the Veranda,18th century,Hanging scroll; ink and color on silk,"Image: 16 3/4 × 23 3/8 in. (42.5 × 59.4 cm)
Overall with mounting: 55 × 29 3/4 in. (139.7 × 75.6 cm)
Overall with knobs: 55 × 31 3/4 in. (139.7 × 80.6 cm)",42.545086,59.37262,Asian Art,https://images.metmuseum.org/CRDImages/as/original/14_76_31_01_sf.jpg
45767,36.100.8,Miyagawa Chōshun,Woman Binding Her Hair and Attendant under Flowering Cherry Tree,18th century,Hanging scroll; ink and color on silk,24 7/8 x 10 11/16 in. (63.2 x 27.1 cm),63.2,27.1,Asian Art,https://images.metmuseum.org/CRDImages/as/original/DP-45126-002.jpg
45768,14.76.42,Nishikawa Sukenobu,Three Beauties,18th century,Hanging scroll; ink and color on paper,"Image: 14 1/4 in. × 21 in. (36.2 × 53.3 cm)
Overall with mounting: 51 1/8 × 26 7/8 in. (129.9 × 68.3 cm)
Overall with knobs: 51 1/8 × 29 1/4 in. (129.9 × 74.3 cm)",36.195072,53.340107,Asian Art,https://images.metmuseum.org/CRDImages/as/original/14_76_42_O1_sf.jpg
45770,36.100.87,Kawamata Tsunemasa,Two Girls Catching Fireflies,first half of the 18th century,"Hanging scroll; ink, color, and gold on silk",33 3/4 x 10 5/8 in. (85.7 x 27 cm),85.7,27.0,Asian Art,https://images.metmuseum.org/CRDImages/as/original/DP-45140-002.jpg
45771,1976.404,Kondo Katsunobu,Standing Beauty,18th century,Hanging scroll; ink and color on paper,38 3/16 x 16 5/8 in. (97 x 42.3 cm),97.0,42.3,Asian Art,https://images.metmuseum.org/CRDImages/as/original/DP-36807-002.jpg
457781,2012.131,,Lady in Elizabethan Costume,late 17th century,"Opaque watercolor, gold, and silver on paper","H. 7 in. (17.8 cm)
W. 6 in. (15.2 cm)",,,Islamic Art,https://images.metmuseum.org/CRDImages/is/original/DP273296.jpg
45787,14.76.70c,Katsukawa Shunshō　勝川春章,Beauty with Butterflies,18th century,Hanging scroll; ink and color on silk,40 3/4 x 12 1/2 in. (103.5 x 31.8 cm),103.5,31.8,Asian Art,https://images.metmuseum.org/CRDImages/as/original/DP162909.jpg
45789,14.76.70d,Katsukawa Shunshō　勝川春章,Courtesan and Her Attendant,18th century,Hanging scroll; ink and color on silk,40 3/4 x 12 1/2 in. (103.5 x 31.8 cm),103.5,31.8,Asian Art,https://images.metmuseum.org/CRDImages/as/original/DP162911.jpg
45791,36.100.69,Katsukawa Shunchō,Beauty Looking at the Moon,18th century,Hanging scroll; ink and color on silk,"Image: 35 7/8 × 12 1/8 in. (91.1 × 30.8 cm)
Overall with mounting: 68 7/8 × 16 3/4 in. (174.9 × 42.5 cm)
Overall with knobs: 68 7/8 × 18 3/4 in. (174.9 × 47.6 cm)",91.12268,30.797562,Asian Art,https://images.metmuseum.org/CRDImages/as/original/36_100_69_d02_sf.JPG
45794,36.100.47,Torii Kiyonaga,Two Beauties after the Bath,18th century,Hanging scroll; ink and color on silk,39 7/8 x 14 1/2 in. (101.3 x 36.8 cm),101.3,36.8,Asian Art,https://images.metmuseum.org/CRDImages/as/original/DP-45134-002.jpg
45799,1975.268.127,Kubo Shunman,Beauty by the Shore,late 18th century,Hanging scroll; ink and color on paper,"Image: 32 x 11 15/16 in. (81.3 x 30.3 cm)
Overall: 63 7/8 x 18 3/4in. (162.2 x 47.6 cm)",81.3,30.3,Asian Art,https://images.metmuseum.org/CRDImages/as/original/DP277854.jpg
45800,14.76.49,Kubo Shunman,Viewing Plum Blossoms at Night,dated 1780,Ink and color on silk,29 7/8 x 11 11/16 in. (75.9 x 29.7 cm),75.9,29.7,Asian Art,https://images.metmuseum.org/CRDImages/as/original/14_76_49_23539.jpg
45801,14.76.33,Yanagi Buncho II,Beauties of the Three Classes,18th–19th century,Hanging scroll; ink and color on silk,17 5/8 x 20 1/2 in. (44.8 x 52.1 cm),44.8,52.1,Asian Art,https://images.metmuseum.org/CRDImages/as/original/14_76_33_23544.jpg
45803,14.76.70b,Kitagawa Utamaro,Two Beauties,ca. 1801–4,Hanging scroll; ink and color on silk,"Image: 40 3/4 x 12 1/2 in. (103.5 x 31.8 cm)
Overall with mounting: 69 11/16 x 19 1/2 in. (177 x 49.5 cm)
with ivory rollers (dia. 15/16 in.)",103.5052,31.7501,Asian Art,https://images.metmuseum.org/CRDImages/as/original/DP162907.jpg
45806,14.76.43,Utagawa Toyohiro,Woman Putting on Finger Plectrums to Play the Koto,early 19th century,Hanging scroll; ink and color on silk,31 5/16 x 10 1/4 in. (79.6 x 26 cm),79.6,26.0,Asian Art,https://images.metmuseum.org/CRDImages/as/original/DP337804.jpg
45808,1975.268.129,Utagawa Toyohiro,Enjoying the Evening Cool under a Gourd Trellis,early 19th century,Hanging scroll; ink and color on paper,"Image: 33 1/4 x 11 in. (84.5 x 27.9 cm)
Overall with knobs: 65 1/8 x 16 1/2 in. (165.4 x 41.9 cm)",84.4552,27.9401,Asian Art,https://images.metmuseum.org/CRDImages/as/original/DP156304.jpg
45809,60.129,Utagawa Kuniteru,Sumo Wrestling,19th century,Matted painting; ink on paper,14 3/8 x 29 5/16 in. (36.5 x 74.5 cm),36.5,74.5,Asian Art,https://images.metmuseum.org/CRDImages/as/original/DP146856.jpg
45818,14.76.37,Katsushika Hokusai,"Red Zhong Kui, the Demon Queller",1846,Hanging scroll; ink and color on silk,"Image: 23 1/4 × 11 7/8 in. (59.1 × 30.2 cm)
Overall with mounting: 61 × 19 1/2 in. (154.9 × 49.6 cm)
Overall with knobs: 61 × 21 5/16 in. (154.9 × 54.1 cm)",59.05512,30.16256,Asian Art,https://images.metmuseum.org/CRDImages/as/original/DP317438.jpg
45822,14.76.30,Katsushika Hokusai,Woman Spinning Silk,dated 1790,Hanging scroll; ink and color on silk,"Image: 33 3/4 × 12 5/16 in. (85.8 × 31.3 cm)
Overall with mounting: 67 5/16 × 12 5/16 in. (171 × 31.3 cm)
Overall with knobs: 67 5/16 × 19 1/8 in. (171 × 48.5 cm)",85.8,31.3,Asian Art,https://images.metmuseum.org/CRDImages/as/original/DT5290.jpg
458953,1975.1.13,Simone Martini,Saint Ansanus,ca. 1326,"Tempera on wood, gold ground","22 5/8 in. × 15 in. (57.5 × 38.1 cm)
Framed: 26 5/8 in. × 18 7/8 in. × 2 in. (67.6 × 47.9 × 5.1 cm)",57.5,38.1,Robert Lehman Collection,https://images.metmuseum.org/CRDImages/rl/original/DP-29455-001.jpg
458954,1975.1.14,Lippo Memmi (Filippo di Memmo),Saint Mary Magdalen,1350s,"Tempera on wood, gold ground","Overall, with original side and bottom moldings, 17 x 10 3/4 in. (43.2 x 27.3 cm); painted surface 15 5/8 x 8 3/8 in. (39.7 x 21.3 cm)",43.2,27.3,Robert Lehman Collection,https://images.metmuseum.org/CRDImages/rl/original/DP-14829-001.jpg
458955,1975.1.15,Lippo Memmi (Filippo di Memmo),Saint Peter,1350s,"Tempera on wood, gold ground","Overall, with original side and bottom moldings, 17 5/8 x 10 7/8 in. (44.8 x 27.6 cm)",44.8,27.6,Robert Lehman Collection,https://images.metmuseum.org/CRDImages/rl/original/DP-14827-001.jpg
458956,1975.1.16,Bartolo di Fredi,The Adoration of the Magi,ca. 1390,Tempera and gold on wood,58 1/2 x 35 1/8 in. (148.6 x 89.2 cm),148.6,89.2,Robert Lehman Collection,https://images.metmuseum.org/CRDImages/rl/original/DT3007.jpg
458957,1975.1.17,Taddeo di Bartolo,Head of an Angel in Full Face,ca. 1415–18,Tempera on wood (paint around head scraped away and vacant area gessoed),Overall: 6 1/4 × 4 3/4 in. (15.9 × 12.1 cm),15.9,12.1,Robert Lehman Collection,https://images.metmuseum.org/CRDImages/rl/original/DP293274.jpg
458958,1975.1.18,Taddeo di Bartolo,Head of the Virgin,ca. 1415–18,Tempera on wood (paint around head scraped away and vacant area gessoed),Overall: 7 3/4 × 5 3/8 in. (19.7 × 13.7 cm),19.7,13.7,Robert Lehman Collection,https://images.metmuseum.org/CRDImages/rl/original/DP293275.jpg
458959,1975.1.19,Taddeo di Bartolo,Head of an Angel in Left Profile,ca. 1415–18,Tempera on wood (paint around head scraped away and vacant area gessoed),Overall: 5 7/8 × 5 1/4 in. (14.9 × 13.3 cm),14.9,13.3,Robert Lehman Collection,https://images.metmuseum.org/CRDImages/rl/original/DP293276.jpg
458960,1975.1.20,Niccolò di Buonaccorso,The Lamentation over the Dead Christ,ca. 1380,"Tempera on wood, gold ground",Overall: 16 1/8 x 10 1/2 in. (41 x 26.7 cm); Painted Surface: 15 1/2 x 10 in. (39.4 x 25.4 cm),41.0,26.7,Robert Lehman Collection,https://images.metmuseum.org/CRDImages/rl/original/DT3011.jpg
458961,1975.1.21,Niccolò di Buonaccorso,The Coronation of the Virgin,ca. 1380,"Tempera on wood, gold ground","Overall, with engaged frame, 20 x 12 7/8 in. (50.8 x 32.7 cm); painted surface 17 5/8 x 10 1/2 in. (44.8 x 26.7 cm)",50.8,32.7,Robert Lehman Collection,https://images.metmuseum.org/CRDImages/rl/original/DP-19531-102.jpg
458962,1975.1.22,Paolo di Giovanni Fei,"Madonna and Child Enthroned with Two Angels and Saints John the Baptist and James the Great and (above) the Annunciatory Angel (left wing); Crucifixion with the Virgin, Saint Mary Magdalen and Saint John the Evangelist and (above) the Virgin Annunciate (right wing)",ca. 1400–1410,"Tempera on wood, gold ground","Left wing, overall, with engaged frame, 17 7/8 x 7 3/4 in. (45.4 x 19.7 cm); left wing, painted surface, including gable, 15 7/8 x 6 1/2 in. (40.3 x 16.5 cm); right wing, overall, with engaged frame, 18 x 7 3/4 in. (45.7 x 19.7 cm); right wing, painted surface, including gable, 15 7/8 x 6 1/2 in. (40.3 x 16.5 cm)",45.4,19.7,Robert Lehman Collection,https://images.metmuseum.org/CRDImages/rl/original/DT3013.jpg
458963,1975.1.23,Paolo di Giovanni Fei,"Madonna and Child Enthroned with Saint John the Evangelist, Saint Peter, Saint Agnes, Saint Catherine of Alexandria, Saint Lucy, an Unidentified Female Saint, Saint Paul, and Saint John the Baptist, with Eve and the Serpent; the Annunciation",ca. 1390,"Tempera on wood, gold ground","Overall, with engaged frame, 34 1/4 x 23 1/4 in. (87 x 59.1 cm); painted surface 27 7/8 x 17 1/4 in. (70.8 x 43.8 cm)",87.0,59.1,Robert Lehman Collection,https://images.metmuseum.org/CRDImages/rl/original/DT3014.jpg
458964,1975.1.24,Goodhart Ducciesque Master,Madonna and Child Enthroned with Two Donors,ca. 1315–30,"Tempera on wood, gold ground","Overall, with engaged frame, 20 3/4 x 11 3/4 in. (52.7 x 29.8 cm)",52.7,29.8,Robert Lehman Collection,https://images.metmuseum.org/CRDImages/rl/original/DP-32063-001.jpg
458965,1975.1.25,,Crucifix,ca. 1450,"Tempera on wood, gold ground","Overall, excluding peg at base, 15 5/8 x 13 7/8 in. (39.7 x 35.2 cm)",39.7,35.2,Robert Lehman Collection,https://images.metmuseum.org/CRDImages/rl/original/DT3016.jpg
458966,1975.1.26,Sassetta (Stefano di Giovanni),The Annunciation,1437–44,"Tempera on wood, gold ground","Overall, with engaged (modern) frame, 30 x 17 1/8 in. (76.2 x 43.5 cm); painted surface 28 3/4 x 16 1/8 in. (73 x 41 cm)",76.2,43.5,Robert Lehman Collection,https://images.metmuseum.org/CRDImages/rl/original/DP152118.jpg
458967,1975.1.27,Osservanza Master,Saint Anthony the Abbot in the Wilderness,ca. 1440,Tempera and gold on wood,Overall: 18 3/4 × 13 5/8 in. (47.6 × 34.6 cm),47.6,34.6,Robert Lehman Collection,https://images.metmuseum.org/CRDImages/rl/original/DP319194.jpg
458969,1975.1.29,Andrea Delitio,The Virgin Annunciate,possibly 1445–50,"Tempera on wood, gold ground","Overall, with engaged frame, 19 1/2 x 12 in. (49.5 x 30.5 cm); painted surface 16 1/8 x 9 1/2 in. (41 x 24.1 cm)",49.5,30.5,Robert Lehman Collection,https://images.metmuseum.org/CRDImages/rl/original/DP267396.jpg
458970,1975.1.30,Giovanni di Paolo (Giovanni di Paolo di Grazia),Saint Ambrose,ca. 1465–70,"Tempera on wood, gold ground",Overall: 23 7/8 × 14 1/2 in. (60.6 × 36.8 cm),60.6,36.8,Robert Lehman Collection,https://images.metmuseum.org/CRDImages/rl/original/DT3022.jpg
458971,1975.1.31,Giovanni di Paolo (Giovanni di Paolo di Grazia),The Creation of the World and the Expulsion from Paradise,1445,Tempera and gold on wood,Overall: 18 1/4 × 20 1/2 in. (46.4 × 52.1 cm),46.4,52.1,Robert Lehman Collection,https://images.metmuseum.org/CRDImages/rl/original/DP-40104-001.jpg
458972,1975.1.32,Giovanni di Paolo (Giovanni di Paolo di Grazia),Madonna and Child with Saints Jerome and Agnes,ca. 1465,"Tempera on wood, gold ground",Overall: 12 5/8 × 9 3/4 in. (32.1 × 24.8 cm),32.1,24.8,Robert Lehman Collection,https://images.metmuseum.org/CRDImages/rl/original/DT3023.jpg
458973,1975.1.33,Giovanni di Paolo (Giovanni di Paolo di Grazia),Saint Catherine of Siena Beseeching Christ to Resuscitate Her Mother,ca. 1447–65,Tempera and gold on wood,Overall: 11 in. × 8 5/8 in. (27.9 × 21.9 cm),27.9,21.9,Robert Lehman Collection,https://images.metmuseum.org/CRDImages/rl/original/DP366038.jpg
458975,1975.1.35,Giovanni di Paolo (Giovanni di Paolo di Grazia),The Exultation of Saint Nicholas of Tolentino,ca. 1450,"Tempera on wood, gold ground","Overall, with engaged frame, 19 1/8 x 14 1/4 in. (48.6 x 36.2 cm)",48.6,36.2,Robert Lehman Collection,https://images.metmuseum.org/CRDImages/rl/original/DT3026.jpg
458977,1975.1.37,Giovanni di Paolo (Giovanni di Paolo di Grazia),The Annunciation to Zacharias; (verso) The Angel of the Annunciation,ca. 1455–60,Tempera and gold on wood,Overall: 29 7/8 in. × 17 in. (75.9 × 43.2 cm),75.9,43.2,Robert Lehman Collection,https://images.metmuseum.org/CRDImages/rl/original/DP-19531-098.jpg
458978,1975.1.38,Giovanni di Paolo (Giovanni di Paolo di Grazia),Coronation of the Virgin,ca. 1455,"Tempera on wood, gold ground",Overall (shaped top): 70 5/8 × 51 3/4 in. (179.4 × 131.4 cm),179.4,131.4,Robert Lehman Collection,https://images.metmuseum.org/CRDImages/rl/original/DT708.jpg
458979,1975.1.39,Sano di Pietro (Ansano di Pietro di Mencio),Madonna and Child,ca. 1455–60,"Tempera on wood, gold ground","Overall: 24 7/8 × 17 5/8 in. (63.2 × 44.8 cm)
Painted surface: 21 5/8 × 14 1/8 in. (54.9 × 35.9 cm)",63.2,44.8,Robert Lehman Collection,https://images.metmuseum.org/CRDImages/rl/original/DT3028.jpg
458980,1975.1.40,Sano di Pietro (Ansano di Pietro di Mencio),Madonna and Child,ca. 1445–50,"Tempera on wood, gold ground","Overall, engaged (modern) frame: 7 in. (17.8 cm)
Painted surface: 5 in. (12.7 cm)",17.8,,Robert Lehman Collection,https://images.metmuseum.org/CRDImages/rl/original/DP366044.jpg
458981,1975.1.41,Osservanza Master,Madonna and Child Enthroned with Two Cherubim,ca. 1440,"Tempera on wood, gold ground",Overall: 56 1/2 × 27 3/8 in. (143.5 × 69.5 cm),143.5,69.5,Robert Lehman Collection,https://images.metmuseum.org/CRDImages/rl/original/DT3030.jpg
458982,1975.1.42,Sano di Pietro (Ansano di Pietro di Mencio),"Madonna and Child with Saints Jerome, Bernardino, John the Baptist, and Anthony of Padua and Two Angels",ca. 1465–70,"Tempera on wood, gold ground","Overall, with engaged frame: 29 1/8 × 20 3/8 in. (74 × 51.8 cm)
painted surface: 24 3/8 × 15 5/8 in. (61.9 × 39.7 cm)",74.0,51.8,Robert Lehman Collection,https://images.metmuseum.org/CRDImages/rl/original/DT3031.jpg
458983,1975.1.43,Sano di Pietro (Ansano di Pietro di Mencio),"Madonna and Child with Saints John the Baptist, Jerome, Peter Martyr, and Bernardino and Four Angels",mid-1460s,"Tempera on wood, gold ground","Overall, with engaged (not original) frame: 28 1/8 × 22 1/8 in. (71.4 × 56.2 cm)
Painted surface: 24 3/4 × 18 5/8 in. (62.9 × 47.3 cm)",71.4,56.2,Robert Lehman Collection,https://images.metmuseum.org/CRDImages/rl/original/DT3032.jpg
458984,1975.1.44,Sano di Pietro (Ansano di Pietro di Mencio),The Birth and Naming of Saint John the Baptist,ca. 1450–55,Tempera and gold on wood,"Overall, with engaged (modern) frame: 9 5/8 × 18 7/8 in. (24.4 × 47.9 cm)
painted surface: 8 1/8 × 16 7/8 in. (20.6 × 42.9 cm)",24.4,47.9,Robert Lehman Collection,https://images.metmuseum.org/CRDImages/rl/original/DT3033.jpg
458985,1975.1.45,Sano di Pietro (Ansano di Pietro di Mencio),Saint Bernardino,ca. 1460–70,Tempera and gold on wood,Overall: 7 in. × 4 1/8 in. (17.8 × 10.5 cm),17.8,10.5,Robert Lehman Collection,https://images.metmuseum.org/CRDImages/rl/original/DP366048.jpg
458986,1975.1.46,Sano di Pietro (Ansano di Pietro di Mencio),Saint Bernardino,1447?,"Tempera on wood, gold ground",Overall: 9 1/2 × 8 3/4 in. (24.1 × 22.2 cm),24.1,22.2,Robert Lehman Collection,https://images.metmuseum.org/CRDImages/rl/original/DT3034.jpg
458990,1975.1.50,Sano di Pietro (Ansano di Pietro di Mencio),Saint Francis,1447?,"Tempera on wood, gold ground",Overall: 9 1/2 × 8 3/4 in. (24.1 × 22.2 cm),24.1,22.2,Robert Lehman Collection,https://images.metmuseum.org/CRDImages/rl/original/DP366050.jpg
458991,1975.1.51,Sano di Pietro (Ansano di Pietro di Mencio),Madonna and Child,about 1450,"Tempera on wood, gold ground","Overall, with engaged frame: 16 3/8 × 12 1/8 in. (41.6 × 30.8 cm)
Painted surface: 13 1/8 × 9 in. (33.3 × 22.9 cm)",41.6,30.8,Robert Lehman Collection,https://images.metmuseum.org/CRDImages/rl/original/DP366052.jpg
458992,1975.1.52,Matteo di Giovanni di Bartolo,Madonna and Child with Saints Francis and Catherine of Siena,about 1476–80,"Tempera on wood, gold ground",Overall: 25 3/4 × 16 7/8 in. (65.4 × 42.9 cm),65.4,42.9,Robert Lehman Collection,https://images.metmuseum.org/CRDImages/rl/original/DT3038.jpg
458993,1975.1.53,Benvenuto di Giovanni,Saint Bernardino,possibly 1474,"Tempera on wood, gold ground, pastiglia garland of fruit",Overall: 9 3/8 × 10 1/8 in. (23.8 × 25.7 cm),23.8,25.7,Robert Lehman Collection,https://images.metmuseum.org/CRDImages/rl/original/DT3039.jpg
458994,1975.1.54,Benvenuto di Giovanni,Madonna and Child,ca. 1470,"Tempera on wood, gold ground","Overall: 27 3/4 × 18 1/8 in. (70.5 × 46 cm)
Painted surface: 24 1/4 × 14 3/4 in. (61.6 × 37.5 cm)",70.5,46.0,Robert Lehman Collection,https://images.metmuseum.org/CRDImages/rl/original/DP-23539-001.jpg
458995,1975.1.55,Giovanni di Paolo (Giovanni di Paolo di Grazia),The Blessed Andrea Gallerani (died 1251),1447–65,"Tempera on wood, gold ground","Overall, with engaged frame: 20 1/4 in. × 7 in. (51.4 × 17.8 cm)
Painted surface: 19 × 4 7/8 in. (48.3 × 12.4 cm)",51.4,17.8,Robert Lehman Collection,https://images.metmuseum.org/CRDImages/rl/original/DP366056.jpg
458996,1975.1.56,Giovanni di Paolo (Giovanni di Paolo di Grazia),The Blessed Ambrogio Sansedoni (1220–1286),1447–65,"Tempera on wood, gold ground","Overall, with engaged frame: 20 5/8 in. × 7 in. (52.4 × 17.8 cm)
Painted surface: 19 1/4 × 4 7/8 in. (48.9 × 12.4 cm)",52.4,17.8,Robert Lehman Collection,https://images.metmuseum.org/CRDImages/rl/original/DP366058.jpg
458997,1975.1.57,Icilio Federico Ioni,Madonna and Child with Saints Mary Magdalen and Sebastian,"15th century style, made in the late 19th to early 20th century","Tempera on wood, gold ground","Overall: 43 1/8 × 28 1/2 in. (109.5 × 72.4 cm)
Painted surface: 39 1/4 × 24 5/8 in. (99.7 × 62.5 cm)",109.5,72.4,Robert Lehman Collection,https://images.metmuseum.org/CRDImages/rl/original/DT3041.jpg
458998,1975.1.58,Bernardo Daddi,The Assumption of the Virgin,1337–38,"Tempera on wood, gold ground","Framed: 44 1/2 × 56 1/8 × 2 3/4 in. (113 × 142.6 × 7 cm)
without frame: 42 1/2 × 53 7/8 in. (108 × 136.8 cm)",108.0,136.8,Robert Lehman Collection,https://images.metmuseum.org/CRDImages/rl/original/DP-13487-001.jpg
458999,1975.1.59,Bernardo Daddi,Madonna and Child Enthroned,ca. 1335–39,"Tempera on wood, transferred to canvas and laid down on wood, gold ground",Overall: 10 1/8 × 3 3/4 in. (25.7 × 9.5 cm),25.7,9.5,Robert Lehman Collection,https://images.metmuseum.org/CRDImages/rl/original/DP318249.jpg
459001,1975.1.61,Botticelli (Alessandro di Mariano Filipepi),Madonna Adoring the Child,ca. 1490–95,Tempera and gold on wood,Overall: 30 1/2 × 22 1/2 in. (77.5 × 57.2 cm),77.5,57.2,Robert Lehman Collection,https://images.metmuseum.org/CRDImages/rl/original/DP318246.jpg
459002,1975.1.62,Master of the Orcagnesque Misericordia,The Vision of Saint Catherine of Alexandria,ca. 1365–70,Tempera and gold on wood,Overall: 8 1/4 × 13 1/2 in. (21 × 34.3 cm),21.0,34.3,Robert Lehman Collection,https://images.metmuseum.org/CRDImages/rl/original/DT3043.jpg
459003,1975.1.63,Spinello Aretino (Spinello di Luca Spinelli),Saint Philip,1384–85,"Tempera on wood, gold ground","Overall, excluding 1 1/8 in. (2.9 cm) of frame at bottom: 20 3/4 × 7 3/8 in. (52.7 × 18.7 cm)
painted surface, excluding 5/8 in. (1.5 cm) of titulus: 18 1/8 × 5 3/8 in. (46 × 13.7 cm)",52.7,18.7,Robert Lehman Collection,https://images.metmuseum.org/CRDImages/rl/original/DT3044.jpg
459004,1975.1.64,Spinello Aretino (Spinello di Luca Spinelli),"A Saint, Possibly James the Greater",1384–85,"Tempera on wood, gold ground",Overall 20 5/8 x 7 1/8 in. (52.4 x 18.1 cm); painted surface 18 1/4 x 5 3/8 in. (46.4 x 13.7 cm),52.4,18.1,Robert Lehman Collection,https://images.metmuseum.org/CRDImages/rl/original/DT3045.jpg
459005,1975.1.65,Andrea di Cione (Orcagna),The Crucifixion,ca. 1365,"Tempera on wood, gold ground",54 1/8 x 32 1/4 in. (137.5 x 81.9 cm),137.5,81.9,Robert Lehman Collection,https://images.metmuseum.org/CRDImages/rl/original/DT3046.jpg
459006,1975.1.65a–f,Jacopo di Cione,Six Angels,ca. 1365,"Tempera on wood, gold ground",Top left 9 3/4 x 3 7/8 in. (24.8 x 9.8 cm); center left 11 1/8 x 5 1/4 in. (28.3 x 13.3 cm); bottom left 9 7/8 x 3 7/8 in. (25.1 x 9.8 cm); top right (9 3/4 x 3 7/8 in. (24.8 x 9.8 cm); center right 11 1/8 x 5 1/4 in. (28.3 x 13.3 cm); bottom right 10 x 3 7/8 in. (25.4 x 9.8 cm),24.8,9.8,Robert Lehman Collection,https://images.metmuseum.org/CRDImages/rl/original/LC-1975_1_065a-001.jpg
459008,1975.1.67,Lorenzo Monaco (Piero di Giovanni),The Crucified Christ between the Virgin and Saint John the Evangelist,ca. 1406,"Tempera on wood, gold ground","Overall, including gable, 33 5/8 x 14 1/2 in. (85.4 x 36.8 cm); painted surface, 22 x 12 1/2 in (55.9 x 31.7 cm)",85.4,36.8,Robert Lehman Collection,https://images.metmuseum.org/CRDImages/rl/original/DT3047.jpg
459009,1975.1.68,Bicci di Lorenzo,Saints John the Baptist and Matthew,1433–35,"Tempera on wood, gold ground",48 5/8 x 29 in. (123.5 x 73.7 cm),123.5,73.7,Robert Lehman Collection,https://images.metmuseum.org/CRDImages/rl/original/DT3048.jpg
459010,1975.1.69,Matteo di Pacino,"Madonna and Child Enthroned with Saints Peter, Bartholomew, Catherine of Alexandria, and Paul, and (below) the Nativity; left wing (top to bottom): Annunciatory Angel, Crucified Christ with the Virgin, Saints Mary Magdalen and John, and Christ as the Man of Sorrows; right wing (top to bottom): Virgin Annunciate, Saints Onophrius and Paphnutius, and Saint Onophrius Buried by Saint Paphnutius.",ca. 1370–74,"Tempera on wood, gold ground",Central panel 17 1/2 x 8 in. (44.5 x 20.3 cm); left wing 16 7/8 x 4 1/2 in. (42.9 x 11.4 cm); right wing 17 1/8 x 4 5/8 in. (43.5 x 11.7 cm),44.5,20.3,Robert Lehman Collection,https://images.metmuseum.org/CRDImages/rl/original/DP328372.jpg
459011,1975.1.70A,Workshop of Fra Filippo Lippi,Male Saint,ca. 1447–1469,Tempera and gold on wood,19 x 5 in. (48.3 x 12.7 cm),48.3,12.7,Robert Lehman Collection,https://images.metmuseum.org/CRDImages/rl/original/LC-1975_1_070a-001.jpg
459012,1975.1.70B,Workshop of Fra Filippo Lippi,Saint Bernard of Clairvaux,ca. 1447–1469,Tempera and gold on wood,19 x 5 in. (48.3 x 12.7 cm),48.3,12.7,Robert Lehman Collection,https://images.metmuseum.org/CRDImages/rl/original/DP319197.jpg
459014,1975.1.72,Neri di Bicci,The Archangel Raphael and Tobias,mid- to late 1460s,Tempera and gold on wood,Overall 7 3/4 x 5 3/4 in. (19.7 x 14.6 cm); painted surface 7 3/8 x 5 1/2 in. (18.7 x 14 cm),19.7,14.6,Robert Lehman Collection,https://images.metmuseum.org/CRDImages/rl/original/DP328373.jpg
459015,1975.1.73,Cosimo Rosselli,Madonna and Child with the Young Saint John the Baptist,ca. 1490,"Tempera, oil, and gold on wood",Overall 17 7/8 x 14 1/8 in. (45.4 x 35.9 cm); painted surface 17 1/4 x 13 1/2 in. (43.8 x 34.3 cm),45.4,35.9,Robert Lehman Collection,https://images.metmuseum.org/CRDImages/rl/original/DT3050.jpg
459016,1975.1.74,Botticelli (Alessandro di Mariano Filipepi),The Annunciation,ca. 1490,Tempera and gold on wood,7 1/2 x 12 3/8 in. (19.1 x 31.4 cm),19.1,31.4,Robert Lehman Collection,https://images.metmuseum.org/CRDImages/rl/original/DP267397.jpg
459017,1975.1.75,Master of Marradi,The Rape of Lucretia,late 15th–early 16th century,Tempera and gold on wood,Overall 15 3/4 x 27 3/4 in. (40 x 70.5 cm); painted surface 15 1/8 x 27 1/2 in. (38.4 x 69.9 cm),40.0,70.5,Robert Lehman Collection,https://images.metmuseum.org/CRDImages/rl/original/DP328374.jpg
459018,1975.1.76,Master of Marradi,The Funeral of Lucretia,late 15th–early 16th century,Tempera and gold on wood,Overall 15 5/8 x 27 1/2 in. (39.7 x 69.9 cm); painted surface 15 x 27 1/8 in. (38.1 x 68.9 cm),39.7,69.9,Robert Lehman Collection,https://images.metmuseum.org/CRDImages/rl/original/DP328375.jpg
459019,1975.1.77,"Maestro Esiguo (possibly Alesso di Benozzo, Italian, Pisa 1473–1528 Florence)",The Annunciation,ca. 1500–10,Tempera and gold on wood,Overall 16 1/4 x 14 5/8 in. (41.3 x 37.1 cm); painted surface 16 x 14 1/8 in. (40.6 x 36 cm),41.3,37.1,Robert Lehman Collection,https://images.metmuseum.org/CRDImages/rl/original/DP267398.jpg
459020,1975.1.78,Lorenzo Veneziano,Madonna and Child Enthroned with Two Donors,ca. 1360–65,"Tempera on wood, gold ground",42 5/8 x 25 7/8 in. (108.3 x 65.7 cm),108.3,65.7,Robert Lehman Collection,https://images.metmuseum.org/CRDImages/rl/original/DT3052.jpg
459021,1975.1.79,Master of Forlì,The Flagellation,first half 14th century,"Tempera on wood, gold ground",Overall: 7 3/4 x 5 1/4 in. (19.7 x 13.3 cm); Painted Surface (excluding painted borders): 7 3/8 x 4 5/8 in. (18.7 x 11.7 cm),19.7,13.3,Robert Lehman Collection,https://images.metmuseum.org/CRDImages/rl/original/DP328376.jpg
459022,1975.1.80,Master of Forlì,The Entombment,first half 14th century,"Tempera on wood, gold ground",Overall: 8 x 5 1/8 in. (20.3 x 13 cm); Painted Surface (excluding painted borders): 7 3/8 x 4 7/8 in. (18.7 x 12.4 cm),20.3,13.0,Robert Lehman Collection,https://images.metmuseum.org/CRDImages/rl/original/DP328377.jpg
459023,1975.1.81,Giovanni Bellini,Madonna and Child,ca. 1470,"Tempera, oil, and gold on wood",21 1/4 x 15 3/4 in. (54 x 40 cm) (31 x 26 inches framed),54.0,40.0,Robert Lehman Collection,https://images.metmuseum.org/CRDImages/rl/original/SLP0081.jpg
459024,1975.1.82,Bartolomeo Vivarini,"The Madonna of Humility, the Annunciation, the Nativity, and the Pietà",ca. 1465,Tempera and gold on wood,"Central panel, overall 23 x 18 in. (58.4 x 45.7 cm); left panel, overall 22 3/8 x 9 1/2 in. (56.8 x 24.1 cm); right panel, overall 22 1/4 x 9 3/8 in. (56.5 x 23.8 cm);",58.4,45.7,Robert Lehman Collection,https://images.metmuseum.org/CRDImages/rl/original/DT3056.jpg
459025,1975.1.83,Nicola di Maestro Antonio d'Ancona,Madonna and Child Enthroned,possibly ca. 1487,"Tempera on wood, gold ground",55 1/2 x 23 3/8 in. (141 x 59.4 cm),141.0,59.4,Robert Lehman Collection,https://images.metmuseum.org/CRDImages/rl/original/DT3057.jpg
459026,1975.1.84,Carlo Crivelli,An Apostle,ca. 1471–73,Tempera and gold on wood,"Arched top, 12 5/8 x 9 1/8 in. (32.1 x 23.2 cm)",32.1,23.2,Robert Lehman Collection,https://images.metmuseum.org/CRDImages/rl/original/DT3059.jpg
459027,1975.1.85,Jacometto (Jacometto Veneziano),"Portrait of a Woman, Possibly a Nun of San Secondo; (verso) Scene in Grisaille",ca. 1485–95,Oil on wood; (verso: oil and gold on wood),"Overall 4 x 2 7/8 in. (10.2 x 7.3 cm); recto and verso, painted surface 3 3/4 x 2 1/2 in. (9.5 x 6.4 cm)",10.2,7.3,Robert Lehman Collection,https://images.metmuseum.org/CRDImages/rl/original/DP221483.jpg
459028,1975.1.86,Jacometto (Jacometto Veneziano),Portrait of Alvise Contarini(?); (verso) A Tethered Roebuck,ca. 1485–95,Oil on wood; verso: oil and gold on wood,"Overall 4 5/8 x 3 3/8 in. ; recto, painted surface 4 1/8 x 3 1/8 in.; verso, painted surface 4 3/8 x 3 1/8 in.",11.7,8.6,Robert Lehman Collection,https://images.metmuseum.org/CRDImages/rl/original/DP221485.jpg
459037,1975.1.95,Maestro delle Storie del Pane,"Portrait of a Man, possibly Matteo di Sebastiano di Bernardino Gozzadini",1494(?),Tempera on wood,Overall 20 3/4 x 14 5/8 in. (52.7 x 37.1 cm); painted surface 19 3/8 x 14 in. (49.2 x 35.6 cm),52.7,37.1,Robert Lehman Collection,https://images.metmuseum.org/CRDImages/rl/original/DP158338.jpg
459039,1975.1.97,Francesco Francia,Madonna and Child with Saints Francis and Jerome,ca. 1512–15,Oil and gold on wood,"29 1/2 × 22 1/2 in. (74.9 × 57.2 cm)
Framed: 39 3/8 × 32 5/8 in. (100 × 82.9 cm)",74.9,57.2,Robert Lehman Collection,https://images.metmuseum.org/CRDImages/rl/original/DT3067.jpg
459040,1975.1.98,"Italian, Lombard (probably Pavia)",Madonna and Child with Saint Catherine of Siena and a Carthusian Donor,ca. 1411–24,"Tempera on wood, gold ground",Overall 22 5/8 x 13 1/8 in. (57.5 x 33.3 cm); painted surface 21 7/8 x 12 1/4 in. (55.6 x 31.1 cm),57.5,33.3,Robert Lehman Collection,https://images.metmuseum.org/CRDImages/rl/original/DT3068.jpg
459041,1975.1.99,Master of the Dominican Effigies,The Last Judgment; The Virgin and Child with a Bishop-Saint and Saint Peter Martyr; The Crucifixion; The Glorification of Saint Thomas Aquinas; The Nativity,ca. 1325,"Tempera on wood, gold ground",Overall 26 3/8 x 18 5/8 in. (67 x 47.3 cm); painted surface 23 1/4 x 16 5/8 in. (59.1 x 42.2 cm),67.0,47.3,Robert Lehman Collection,https://images.metmuseum.org/CRDImages/rl/original/DT3069.jpg
459042,1975.1.100,Antonio da Viterbo the Elder,Santa Francesca Romana Clothed by the Virgin,ca. 1445,"Tempera on wood, gold ground","21 3/4 × 14 7/8 in. (55.2 × 37.8 cm)
Framed: 26 1/8 × 19 1/4 in. (66.4 × 48.9 cm)",55.2,37.8,Robert Lehman Collection,https://images.metmuseum.org/CRDImages/rl/original/DT3070.jpg
459043,1975.1.101,Antonio da Viterbo the Elder,Santa Francesca Romana Holding the Christ Child,ca. 1445,"Tempera on wood, gold ground, inscriptions on parchment laid down on wood","21 3/4 × 14 7/8 in. (55.2 × 37.8 cm)
Framed: 25 1/8 × 18 3/8 in. (63.8 × 46.7 cm)",55.2,37.8,Robert Lehman Collection,https://images.metmuseum.org/CRDImages/rl/original/DT3071.jpg
459044,1975.1.102,"Italian, Neapolitan Follower of Giotto",Saints John the Evangelist and Mary Magdalene,ca. 1335–45,"Tempera on wood, gold ground",23 x 15 5/8 in. (58.4 x 39.7 cm),58.4,39.7,Robert Lehman Collection,https://images.metmuseum.org/CRDImages/rl/original/DP-23540-001.jpg
459045,1975.1.103,Giovanni Baronzio,The Feast of Herod and the Beheading of the Baptist,ca. 1330–35,"Tempera on wood, gold ground, and silver",17 3/8 x 19 5/8 in. (44.1 x 49.8 cm),44.1,49.8,Robert Lehman Collection,https://images.metmuseum.org/CRDImages/rl/original/DT3073.jpg
459046,1975.1.104,Master of Saint Francis,Saints Bartholomew and Simon,ca. 1272,"Tempera on wood, gold ground",18 3/4 x 9 in. (47.6 x 22.9 cm),47.6,22.9,Robert Lehman Collection,https://images.metmuseum.org/CRDImages/rl/original/DP-28634-001.jpg
459047,1975.1.105,Puccio di Simone,The Nativity,ca. 1350,"Tempera on wood, gold ground",7 7/8 x 15 in. (20 x 38.1 cm),20.0,38.1,Robert Lehman Collection,https://images.metmuseum.org/CRDImages/rl/original/DP118337.jpg
459049,1975.1.107,Niccolò Alunno (Niccolò di Liberatore),Saint Anne and the Virgin and Child Enthroned with Angels,ca. 1458–61,Tempera and gold on wood,47 3/8 x 27 1/8 in. (120.3 x 68.9 cm),120.3,68.9,Robert Lehman Collection,https://images.metmuseum.org/CRDImages/rl/original/LC-1975_1_107-001.jpg
459052,1975.1.110,Petrus Christus,A Goldsmith in his Shop,1449,Oil on oak panel,Overall 39 3/8 x 33 3/4 in. (100.1 x 85.8 cm); painted surface 38 5/8 x 33 1/2 in. (98 x 85.2 cm),100.0,85.8,Robert Lehman Collection,https://images.metmuseum.org/CRDImages/rl/original/DP-42353-001.jpg
459053,1975.1.111,Hans Memling,Virgin and Child,Early sixteenth century,Oil on oak panel,15 1/16 x 11 1/8 in.  (38.3 x 28.3 cm);  painted surface 12 3/8 x 7 15/16 (31.5 x 20.2 cm),38.3,28.3,Robert Lehman Collection,https://images.metmuseum.org/CRDImages/rl/original/DT3076.jpg
459054,1975.1.112,Hans Memling,Portrait of a Young Man,ca. 1472–75,Oil on oak panel,Overall 15 3/4 x 11 3/8 in. (40 x 29 cm); painted surface 15 1/8 x 10 3/4 in. (38.3 x 27.3 cm),40.0,28.9,Robert Lehman Collection,https://images.metmuseum.org/CRDImages/rl/original/DP-40423-001.jpg
459055,1975.1.113,Hans Memling,The Annunciation,1480–89,"Oil on panel, transferred to canvas",30 1/8 x 21 1/2 in. (76.5 x 54.6 cm),76.5,54.6,Robert Lehman Collection,https://images.metmuseum.org/CRDImages/rl/original/DP-40424-001.jpg
459056,1975.1.114,Master of the Saint Ursula Legend,Virgin and Child with Saint Anne Presenting Anna van Nieuwenhove,1479–82,Oil on panel,"Overall, with engaged frame 23 5/8 x 17 3/4 in. (59.9 x 45 cm); painted surface 19 5/8 x 13 1/2 in. (49.8 x 34.3 cm)",60.0,45.1,Robert Lehman Collection,https://images.metmuseum.org/CRDImages/rl/original/DT3078.jpg
459057,1975.1.115,Dieric Bouts,Saint Christopher and the Infant Christ,After 1485,Oil on oak panel,Overall 15 1/4 x 10 1/8 in. (38.7 x 25.7 cm); painted surface 14 5/8 x 9 5/8 in. (37 x 24.5 cm),38.7,25.7,Robert Lehman Collection,https://images.metmuseum.org/CRDImages/rl/original/DP-26610-001.jpg
459058,1975.1.116,Master of Frankfurt,The Adoration of the Christ Child,possibly 1496–1502,Oil on oak panel,Overall 23 1/8 x 16 1/4 in. (58.7 x 41.3 cm); painted surface 22 7/8 x 16 in. (58.1 x 40.1 cm),58.7,41.3,Robert Lehman Collection,https://images.metmuseum.org/CRDImages/rl/original/DT1463.jpg
459059,1975.1.117,Joos van Cleve,The Holy Family,possibly 1527–33,Oil on oak panel,21 13/16 x 14 9/16 in. (55.4 x 37 cm),55.4,37.0,Robert Lehman Collection,https://images.metmuseum.org/CRDImages/rl/original/DT3079.jpg
459060,1975.1.118,Gerard David,Virgin and Child,1490–1523,Oil on oak panel,Overall: 6 1/8 x 4 1/2 in. (15.6 x 11.4 cm); Painted Surface: 5 3/4 x 4 1/8 in. (14.6 x 10.5 cm),15.6,11.4,Robert Lehman Collection,https://images.metmuseum.org/CRDImages/rl/original/DT3080.jpg
459061,1975.1.119A-B,Gerard David,"Christ Carrying the Cross, with the Crucifixion; The Resurrection, with the Pilgrims of Emmaus",ca. 1510,Oil on oak panel,"Left wing: 34 1/2 x 11 5/8 in. (87.7 x 29.5 cm), painted surface 34 x 11 in. (86.4 x 27.9 cm); right wing: 34 1/2 x 11 3/4 in. (87.6 x 30 cm), painted surface 34 x 11 1/8 in. (86.4 x 28.2 cm)",87.9,30.2,Robert Lehman Collection,https://images.metmuseum.org/CRDImages/rl/original/DT1472.jpg
459062,1975.1.120A-B,Gerard David,Archangel Gabriel; The Virgin Annunciate,ca. 1510,Oil on oak panel,"Left wing: 34 1/2 x 11 5/8 in. (87.7 x 29.5 cm), painted surface 34 x 11 in. (86.4 x 27.9 cm); right wing: 34 1/2 x 11 3/4 in. (87.6 x 30 cm), painted surface 34 x 11 1/8 in. (86.4 x 28.3 cm)",87.7,29.5,Robert Lehman Collection,https://images.metmuseum.org/CRDImages/rl/original/DT3083.jpg
459063,1975.1.121,"Netherlandish Painter, second half of 16th century",Virgin and Child with Saint Joseph,second half 16th century,Oil on oak panel,8 3/4 x 8 11/16 in.  (22.3 x 22 cm),22.3,22.0,Robert Lehman Collection,https://images.metmuseum.org/CRDImages/rl/original/DT3084.jpg
459064,1975.1.122,Imitator of Netherlandish (Antwerp Mannerist) Painter,Adoration of the Magi,probably seventeenth century,Oil on oak panel,Arched top: 9 1/16 x 5 9/16 in. (23 x 14.2 cm),23.0,14.2,Robert Lehman Collection,https://images.metmuseum.org/CRDImages/rl/original/DT3085.jpg
459065,1975.1.123,Master of the Female Half-Lengths,Virgin and Child,ca. 1525–50,Oil on wood,Overall: 4 x 3 1/16 in. (10.2 x 7.8 cm); Painted Surface: 3 1/2 x 2 5/8 in. (8.9 x 6.8 cm),10.2,7.8,Robert Lehman Collection,https://images.metmuseum.org/CRDImages/rl/original/DT3087.jpg
459066,1975.1.124,Netherlandish (Antwerp?),Virgin and Child,second quarter of the 16th century,Oil on wood,5 1/8 x 4 in. (13 x 10.2 cm),13.0,10.2,Robert Lehman Collection,https://images.metmuseum.org/CRDImages/rl/original/DT3088.jpg
459068,1975.1.126,David Teniers the Younger,Old Age in Search of Youth,1650s,"Oil on panel, over traces of underdrawing in black",9 x 6 11/16 in. (22.8 x 17 cm),22.8,17.0,Robert Lehman Collection,https://images.metmuseum.org/CRDImages/rl/original/DP-15886-001.jpg
459069,1975.1.127,David Teniers the Younger,Adam and Eve in Paradise,1650s,"Oil on panel, over traces of underdrawing in black",8 3/4 x 6 1/2 in. (22.3 x 16.5 cm),22.3,16.5,Robert Lehman Collection,https://images.metmuseum.org/CRDImages/rl/original/DP-15887-001.jpg
459070,1975.1.128,Simon Marmion,The Lamentation of Christ,ca. 1473,Oil and tempera (?) on oak panel,20 3/8 x 12 7/8 in. (51.8 x 32.7 cm),51.8,32.7,Robert Lehman Collection,https://images.metmuseum.org/CRDImages/rl/original/DP-19531-096.jpg
459071,1975.1.129,Netherlandish or French,Portrait of a Woman,ca. 1470–80,Oil on oak panel,22 5/8 x 16 3/8 in. (57.5 x 41.6 cm),57.5,41.6,Robert Lehman Collection,https://images.metmuseum.org/CRDImages/rl/original/SLP0129.jpg
459072,1975.1.130,Jean Hey (called Master of Moulins),Margaret of Austria,ca. 1490,Oil on oak panel,12 7/8 x 9 1/8 in. (32.7 x 23 cm),32.7,23.0,Robert Lehman Collection,https://images.metmuseum.org/CRDImages/rl/original/DP-40105-001.jpg
459073,1975.1.131,Master of Saint Giles,Virgin and Child with a Dragonfly,ca. 1500,Oil and tempera (?) on paper laid down on oak panel,10 1/2 x 7 1/8 in. (26.6 x 18.2 cm),26.6,18.1,Robert Lehman Collection,https://images.metmuseum.org/CRDImages/rl/original/DT3093.jpg
459074,1975.1.132,Attributed to Corneille de Lyon,Portrait of a Man with His Hand on His Chest,1540–45,Oil on wood,6 15/16 x 5 13/16 in.  (17.7 x 14.7 cm),17.7,14.7,Robert Lehman Collection,https://images.metmuseum.org/CRDImages/rl/original/DT3094.jpg
459075,1975.1.133,Master of the Munich Bavarian Panels,Virgin and Child with a Donor Presented by Saint Jerome,ca. 1450,Oil and gold on poplar panel,25 x 19 in. (63.5 x 48.3 cm),63.5,48.3,Robert Lehman Collection,https://images.metmuseum.org/CRDImages/rl/original/DP164853.jpg
459076,1975.1.134,German,Adoration of the Magi,ca. 1470–90,Oil and gold on beech panel,Overall: 7 1/2 x 6 7/8 in. (19 x 17.5 cm); Painted Surface: 7 3/16 x  6 3/4 in. (18.3 x 17.2 cm),19.0,17.5,Robert Lehman Collection,https://images.metmuseum.org/CRDImages/rl/original/DP164854.jpg
459077,1975.1.135,Lucas Cranach the Elder,Venus with Cupid the Honey Thief,ca. 1580–1620,Oil on oak panel,14 5/16 x 9 15/16 in. (36.3 x 25.2 cm),36.3,25.2,Robert Lehman Collection,https://images.metmuseum.org/CRDImages/rl/original/DP159772.jpg
459078,1975.1.136,Lucas Cranach the Younger,Nymph of the Spring,ca. 1545–50,Oil on beech panel,6 x 8 in. (15.2 x 20.3 cm),15.2,20.3,Robert Lehman Collection,https://images.metmuseum.org/CRDImages/rl/original/DP159773.jpg
459080,1975.1.138,Hans Holbein the Younger,Erasmus of Rotterdam,ca. 1532,Oil on linden panel,7 1/4 x 5 9/16 in. (18.4 x 14.2 cm); painted surface 6 15/16 x 5 1/2 in. (17.6 x 14 cm),18.4,14.2,Robert Lehman Collection,https://images.metmuseum.org/CRDImages/rl/original/DP164857.jpg
459081,1975.1.139,"Dutch (Amsterdam) Painter, about 1640–50",Portrait of a Man Seated in an Armchair,ca. 1640–50,Oil on canvas,42 5/8 x 32 1/2 in. (108.3 x 82.6 cm),108.3,82.6,Robert Lehman Collection,https://images.metmuseum.org/CRDImages/rl/original/DP123021.jpg
459082,1975.1.140,Rembrandt (Rembrandt van Rijn),Portrait of Gerard de Lairesse,1665–67,Oil on canvas,44 3/8 x 34 1/2 in. (112.7 x 87.6 cm),112.7,87.6,Robert Lehman Collection,https://images.metmuseum.org/CRDImages/rl/original/DP121332.jpg
459083,1975.1.141,Gerard ter Borch the Younger,Burgomaster Jan van Duren (1613–1687),ca. 1666–67,Oil on canvas,32 1/16 x 25 13/16 in. (81.5 x 65.5 cm),81.5,65.5,Robert Lehman Collection,https://images.metmuseum.org/CRDImages/rl/original/DT3099.jpg
459084,1975.1.142,Gerard ter Borch the Younger,Margaretha van Haexbergen (1614–1676),ca. 1666–67,Oil on canvas,32 x 26 in. (81.3 x 65.1 cm),81.3,65.1,Robert Lehman Collection,https://images.metmuseum.org/CRDImages/rl/original/DP146504.jpg
459085,1975.1.143,Pieter de Hooch,"A Couple Playing Cards, with a Serving Woman",ca. 1665–75,Oil on canvas,27 x 23 in. (68.6 x 58.4 cm),68.6,58.4,Robert Lehman Collection,https://images.metmuseum.org/CRDImages/rl/original/DT3101.jpg
459086,1975.1.144,Pieter de Hooch,Leisure Time in an Elegant Setting,ca. 1663–65,Oil on canvas,Extended canvas 22 15/16 x 27 5/16 in. (58.3 x 69.4 cm); original visible painted surface 21 5/8 x 26 in. (55 x 66 cm),58.3,69.4,Robert Lehman Collection,https://images.metmuseum.org/CRDImages/rl/original/DP146506.jpg
459087,1975.1.145,El Greco (Domenikos Theotokopoulos),Christ Carrying the Cross,ca. 1577–87,Oil on canvas,41 5/16 x 31 1/8 in. (105 x 79 cm),105.0,79.0,Robert Lehman Collection,https://images.metmuseum.org/CRDImages/rl/original/DP347226.jpg
459088,1975.1.146,El Greco (Domenikos Theotokopoulos),Saint Jerome as Scholar,ca. 1610,Oil on canvas,42 1/2 x 35 1/16 in. (108 x 89 cm),108.0,89.0,Robert Lehman Collection,https://images.metmuseum.org/CRDImages/rl/original/DT3103.jpg
459089,1975.1.147,Diego Rodríguez de Silva y Velázquez,"María Teresa, Infanta of Spain",mid-17th century,Oil on canvas,19 x 14 9/16 in. (48 x 37 cm),48.0,37.0,Robert Lehman Collection,https://images.metmuseum.org/CRDImages/rl/original/DP-24666-001.jpg
459090,1975.1.148,Goya (Francisco de Goya y Lucientes),"Condesa de Altamira and Her Daughter, María Agustina",1787–88,Oil on canvas,76 3/4 x 45 1/4 in. (195 x 115 cm),195.0,115.0,Robert Lehman Collection,https://images.metmuseum.org/CRDImages/rl/original/DP295708.jpg
459091,1975.1.149,early 19th century painter,Portrait of a Military Family,ca. 1789–90,Oil on canvas,24 1/8 x 19 3/4 in. (61.3 x 50.2 cm),61.3,50.2,Robert Lehman Collection,https://images.metmuseum.org/CRDImages/rl/original/0149-1.jpg
459100,1975.1.179,Paul Gauguin,Tahitian Women Bathing,1892,"Oil on paper, laid down on canvas","43 1/4 × 35 1/4 in. (109.9 × 89.5 cm)
Framed: 55 1/8 × 46 7/16 in. (140 × 118 cm)",109.9,89.5,Robert Lehman Collection,https://images.metmuseum.org/CRDImages/rl/original/DP-34475-001.jpg
459105,1975.1.185,Jean Auguste Dominique Ingres,Aretino in the Studio of Tintoretto,1848,Oil on canvas,"17 1/2 × 14 in. (44.5 × 35.6 cm)
Framed: 22 3/4 × 19 1/2 × 3 1/8 in. (57.8 × 49.5 × 7.9 cm)",44.5,35.6,Robert Lehman Collection,https://images.metmuseum.org/CRDImages/rl/original/0185-1.jpg
459106,1975.1.186,Jean Auguste Dominique Ingres,"Joséphine-Éléonore-Marie-Pauline de Galard de Brassac de Béarn (1825–1860), Princesse de Broglie",1851–53,Oil on canvas,"47 3/4 × 35 3/4 in. (121.3 × 90.8 cm)
Framed: 61 1/4 × 49 1/2 in. (155.6 × 125.7 cm)",121.3,90.8,Robert Lehman Collection,https://images.metmuseum.org/CRDImages/rl/original/DP-19264-001.jpg
459109,1975.1.198,Auguste Renoir,Figures on the Beach,1890,Oil on canvas,"20 3/4 × 25 1/4 in. (52.7 × 64.1 cm)
Framed: 33 1/16 × 37 5/8 in. (84 × 95.6 cm)",52.7,64.1,Robert Lehman Collection,https://images.metmuseum.org/CRDImages/rl/original/DP-34500-001.jpg
459110,1975.1.199,Auguste Renoir,Young Girl Bathing,1892,Oil on canvas,32 x 25 1/2 in. (81.3 x 64.8 cm),81.3,64.8,Robert Lehman Collection,https://images.metmuseum.org/CRDImages/rl/original/DP-17279-001.jpg
459112,1975.1.201,Auguste Renoir,Two Young Girls at the Piano,1892,Oil on canvas,"44 × 34 in. (111.8 × 86.4 cm)
Framed: 57 3/8 × 47 in. (145.7 × 119.4 cm)",111.8,86.4,Robert Lehman Collection,https://images.metmuseum.org/CRDImages/rl/original/DP-34501-001.jpg
459123,1975.1.231,Vincent van Gogh,Madame Roulin and Her Baby,1888,Oil on canvas,"25 × 20 in. (63.5 × 50.8 cm)
Framed: 37 3/8 × 32 in. (94.9 × 81.3 cm)",63.5,50.8,Robert Lehman Collection,https://images.metmuseum.org/CRDImages/rl/original/DT3154.jpg
459125,1975.1.1411,Netherlandish,The Lamentation,ca. 1550,Oil on copper alloy,"5 1/4 x 4 7/16 in. (13.4 x 11.2 cm), painted surface 4 3/4 x 3 7/8 in. (12.2 x 9.9 cm)",13.4,11.2,Robert Lehman Collection,https://images.metmuseum.org/CRDImages/rl/original/DP-19531-094.jpg
459126,1975.1.234,Sir Henry Raeburn,William Fraser of Reelig (1784–1835),1801,Oil on canvas,29 1/2 x 24 1/2 in. (74.9 x 62.2 cm),74.9,62.2,Robert Lehman Collection,https://images.metmuseum.org/CRDImages/rl/original/DT3157.jpg
459127,1975.1.235,George Romney,Lady Lemon (1747–1823),mid- to late 1780s,Oil on canvas,"50 5/16 × 40 1/8 × 1 1/8 in. (127.8 × 101.9 cm)
Framed: 59 3/4 × 49 3/4 × 4 1/2 in. (151.8 × 126.4 × 11.4 cm)
Rabbet: 50 1/2 × 40 1/2 × 3/4 in. (128.3 × 102.9 × 1.9 cm)
Sight: 49 1/2 × 39 3/8 in. (125.7 × 100 cm)",127.79401,101.9177,Robert Lehman Collection,https://images.metmuseum.org/CRDImages/rl/original/DP-42821-001.jpg
459128,1975.1.242,Narcisse-Virgile Diaz de la Peña,Figures and a Dog in a Landscape,1852,Oil on wood,17 1/4 x 11 3/4 in. (43.8 x 29.8 cm),43.8,29.8,Robert Lehman Collection,https://images.metmuseum.org/CRDImages/rl/original/0242-1.jpg
459129,1975.1.5,Ugolino da Siena (Ugolino di Nerio),Madonna and Child,ca. 1325,"Tempera on wood, gold ground","Arched top, 35 3/8 x 23 in. (89.9 x 58.4 cm)",89.9,58.4,Robert Lehman Collection,https://images.metmuseum.org/CRDImages/rl/original/DT3002.jpg
459130,1975.1.6,Ugolino da Siena (Ugolino di Nerio),Saint Matthew(?),late 1320s,"Tempera on wood, gold ground",15 1/8 x 12 3/4 in. (38.4 x 32.4 cm),38.4,32.4,Robert Lehman Collection,https://images.metmuseum.org/CRDImages/rl/original/DP-18967-001.jpg
459131,1975.1.7,Ugolino da Siena (Ugolino di Nerio),The Last Supper,ca. 1325,Tempera and gold on wood,"Overall, with engaged (modern) frame, 15 x 22 1/4 in. (38.1 x 56.5 cm); painted surface 13 1/2 x 20 3/4 in. (34.3 x 52.7 cm)",38.1,56.5,Robert Lehman Collection,https://images.metmuseum.org/CRDImages/rl/original/DT3003.jpg
459132,1975.1.8,Bartolomeo Bulgarini,Saints Matthias and Thomas,ca. 1350,"Tempera on wood, gold ground","Overall, exclusive of modern frame additions, 20 7/8 x 18 1/8 in. (53 x 46 cm); painted surface 17 1/2 x 16 3/4 in. (44.5 x 42.5 cm)",53.0,46.0,Robert Lehman Collection,https://images.metmuseum.org/CRDImages/rl/original/DT3004.jpg
459133,1975.1.9,"Italian, Neapolitan Follower of Giotto",The Adoration of the Magi,ca. 1340–43,"Tempera on wood, gold ground","Overall, with engaged frame, 26 1/8 x 18 3/8 in. (66.4 x 46.7 cm); painted surface, including tooled border, 21 3/8 x 15 in. (54.3 x 38.1 cm)",66.4,46.7,Robert Lehman Collection,https://images.metmuseum.org/CRDImages/rl/original/DP-25504-001.jpg
459134,1975.1.10,Lippo Memmi (Filippo di Memmo),Madonna and Child,ca. 1340,"Tempera on wood, gold ground","Overall, with engaged frame, 24 5/8 x 10 3/4 in. (62.5 x 27.3 cm); painted surface 19 7/8 x 8 5/8 in. (50.5 x 21.9 cm)",62.5,27.3,Robert Lehman Collection,https://images.metmuseum.org/CRDImages/rl/original/LC-1975_1_010_001.jpg
459136,1975.1.12,Simone Martini,Madonna and Child,ca. 1326,"Tempera on wood, gold ground","23 1/8 × 15 1/2 in. (58.7 × 39.4 cm)
Framed: 26 1/2 in. × 19 in. × 1 3/4 in. (67.3 × 48.3 × 4.4 cm)",58.7,39.4,Robert Lehman Collection,https://images.metmuseum.org/CRDImages/rl/original/DP-29454-001.jpg
459177,1975.1.3,"Italian (Tuscan) Painter, first quarter of the 14th century",Madonna and Child,first quarter the 14th century,"Tempera on wood, gold ground",Overall: 6 3/8 x 4 5/8 in.(16.2 x 11.8 cm); Picture Surface: 4 7/8 x 3 1/2 in. (12.3 x 8.4 cm),16.2,11.8,Robert Lehman Collection,https://images.metmuseum.org/CRDImages/rl/original/DP317341.jpg
459185,1975.1.376,Francesco di Giorgio Martini,Design for a Wall Monument,ca. 1490,"Pen and brown ink, brush and brown wash, blue gouache, on vellum",7 1/4 x 7 1/4 in.  (18.4 x 18.4 cm),18.4,18.4,Robert Lehman Collection,https://images.metmuseum.org/CRDImages/rl/original/DP324211.jpg
459207,1975.1.2490,Jean Fouquet,The Right Hand of God Protecting the Faithful against the Demons,ca. 1452–60,Tempera and gold leaf on parchment,leaf: 7 5/8 x 5 3/4 in.  (19.4 x 14.6 cm),19.4,14.6,Robert Lehman Collection,https://images.metmuseum.org/CRDImages/rl/original/DT738.jpg
459208,1975.1.2491,Francesco di Marco Marmitta da Parma,Adoration of the Shepherds,ca. 1500,Tempera and gold on parchment,9 5/8 x 6 in.  (24.4 x 15.2 cm),24.4,15.2,Robert Lehman Collection,https://images.metmuseum.org/CRDImages/rl/original/DT739.jpg
459253,1975.1.2486,Gerard David,Holy Face,ca. 1485–90,Tempera and gold leaf on parchment that has been trimmed and laid down on thin walnut,3 9/16 x 2 1/8 in. (9 x 5.4 cm),9.0,5.4,Robert Lehman Collection,https://images.metmuseum.org/CRDImages/rl/original/DT3621.jpg
459254,1975.1.2487,Simon Bening,Self-portrait,1558,Tempera and gold leaf on parchment,3 3/8 x 2 1/4 in. (8.5 x 5.7 cm),8.5,5.7,Robert Lehman Collection,https://images.metmuseum.org/CRDImages/rl/original/DT3622.jpg
459257,1975.1.28A,Pietro di Giovanni d'Ambrogio,Saint Michael,mid-1430s,"Tempera and silver on wood, gold ground","Engaged Frame: 11 11/16 x 5 1/4 in.  (29.7 x 13.4 cm)
Painted Surface: 9 5/8 x 2 15/16 in. (24.5 x 7.5 cm.)",29.7,13.4,Robert Lehman Collection,https://images.metmuseum.org/CRDImages/rl/original/DP366034.jpg
459258,1975.1.28B,Pietro di Giovanni d'Ambrogio,Saint Nicholas of Bari,mid-1430s,"Tempera and silver on wood, gold ground","Engaged Frame: 29.7 x 13.4 in.  (75.4 x 34.0 cm)
Painted Surface: 9 5/8 x 2 15/16 in. (24.5 x 7.5 cm)",75.4,34.0,Robert Lehman Collection,https://images.metmuseum.org/CRDImages/rl/original/DP366036.jpg
459280,1975.1.863,Master of the Death of Absalom (?),Head of a Bearded Man Wearing a Turban (recto); Latin script (verso),ca. 1510,Brush and black brown ink heightened with white gouache on slate gray prepared paper.,9 3/16 x 6 9/16 in.  (23.3 x 16.6 cm),23.3,16.6,Robert Lehman Collection,https://images.metmuseum.org/CRDImages/rl/original/DP-13666-010.jpg
459377,1975.1.702,Gabriel de Saint-Aubin,Les fêtes vénitiennes,after 1759,Watercolor and gouache over pen and brown ink,"8 1/16 × 5 15/16 in. (20.5 × 15.1 cm)
Framed: 21 1/4 × 16 1/4 in. (54 × 41.3 cm)",20.5,15.1,Robert Lehman Collection,https://images.metmuseum.org/CRDImages/rl/original/DP210204.jpg
459582,1975.1.2477,Simon Marmion,The Holy Virgins Greeted by Christ as They Enter the Gates of Paradise,ca. 1467–70,Tempera and gold leaf on parchment,"6 1/4 x 4 9/16 in. (15.8 x 11.6cm)
Painted Area: 5 15/16 x 4 5/16 in. (15.1 x 11cm)
Justification: 4 3/16 x 2 13/16 in. (10.7 x 7.1cm)",15.8,11.6,Robert Lehman Collection,https://images.metmuseum.org/CRDImages/rl/original/DT3614.jpg
459970,1975.1.688,Auguste Renoir,Young Girl in a Blue Dress,ca. 1890,Watercolor with gouache highlights on thick cream wove paper,"8 3/16 × 6 5/16 in. (20.8 × 16 cm)
Framed: 21 1/4 × 16 1/4 in. (54 × 41.3 cm)",20.8,16.0,Robert Lehman Collection,https://images.metmuseum.org/CRDImages/rl/original/DP-13666-007.jpg
460039,1975.1.620,Monogrammist M,Costumed Woman with Vegetables,mid-19th century,Watercolor and gouache on cream laid paper,12 x 8 1/16 in.  (30.5 x 20.4 cm),30.5,20.4,Robert Lehman Collection,https://images.metmuseum.org/CRDImages/rl/original/sf-rlc-1975-1-620.JPG
460053,1975.1.673,Gustave Moreau,Salomé Dancing Before the Head of St. John the Baptist,mid to late 19th century,"Graphite, watercolor and gouache on cream wove paper","9 13/16 × 7 1/16 in. (25 × 18 cm)
Framed: 21 1/4 × 16 1/4 in. (54 × 41.3 cm)",25.0,18.0,Robert Lehman Collection,https://images.metmuseum.org/CRDImages/rl/original/DP-33578-001.jpg
460151,1975.1.1,Segna di Buonaventura,Madonna and Child with Nine Angels,ca. 1315,"Tempera on wood, gold ground","Left wing, overall, with engaged frame, 15 1/8 x 10 5/8 in. (38.4 x 27 cm); right wing, overall, with engaged frame, 15 x 10 5/8 in. (38.1 x 27 cm)",38.4,27.0,Robert Lehman Collection,https://images.metmuseum.org/CRDImages/rl/original/DP-32064-001.jpg
460152,1975.1.2,Segna di Buonaventura,The Crucifixion,ca. 1315,"Tempera on wood, gold ground","Left wing, overall, with engaged frame, 15 1/8 x 10 5/8 in. (38.4 x 27 cm); right wing, overall, with engaged frame, 15 x 10 5/8 in. (38.1 x 27 cm)",38.4,27.0,Robert Lehman Collection,https://images.metmuseum.org/CRDImages/rl/original/DP-32065-001.jpg
460799,1975.1.2469,Southern Netherlands,Saint Michael Presenting a Donor to Christ as Salvator Mundi,ca. 1400–1410,Tempera and gold leaf on parchment,6 5/8 x 3 7/8 in. (16.8 x 9.9 cm),16.75,9.9,Robert Lehman Collection,https://images.metmuseum.org/CRDImages/rl/original/sf-rlc-1975-1-2469.JPG
461007,1975.1.2473,Gerard David,The  Annunciation,ca. 1510,Tempera on parchment,6 15/16 x 5 11/16 in. (17.7 x 14.4cm),17.7,14.4,Robert Lehman Collection,https://images.metmuseum.org/CRDImages/rl/original/DT3611.jpg
461008,1975.1.2479,Housebook Master,The Crucifixion,1481–82,Tempera on parchment,6 5/8 x 4 13/16 in. (16.8 x 12.2cm),16.8,12.2,Robert Lehman Collection,https://images.metmuseum.org/CRDImages/rl/original/DT348339.jpg
461010,1975.1.2481,Simon Bening,Pietà,probably 1522–23,Tempera and gold leaf on parchment,7 3/8 x 5 1/4 in. (18.8 x 13.3cm),18.8,13.3,Robert Lehman Collection,https://images.metmuseum.org/CRDImages/rl/original/sf-rlc-1975-1-2481.JPG
461011,1975.1.2484,Osservanza Master,All Saints in an Initial E or O,ca. 1430–40,Tempera and gold on parchment,6 11/16 x 5 1/2 in. (17 x 14cm),17.0,14.0,Robert Lehman Collection,https://images.metmuseum.org/CRDImages/rl/original/DT3619.jpg
461016,1975.1.2475,Monogrammist IM,The Crucifixion,ca. 1480,Tempera on parchment,"10 5/8 x 7 1/2 in. (27 x 19cm)
Miniature: 10 1/2 x 7 5/16 in. (26.6 x 18.5cm)",27.0,19.0,Robert Lehman Collection,https://images.metmuseum.org/CRDImages/rl/original/sf-rlc-1975-1-2475.JPG
461043,1975.1.2489,Francesco Morone,Virgin and Child Enthroned between Saints Cecilia and Catherine of Alexandria,ca. 1510–15,Tempera on parchment; Underdrawing in sepia ink,7 15/16 x 6 1/16 in. (20.2 x 15.4cm),20.2,15.4,Robert Lehman Collection,https://images.metmuseum.org/CRDImages/rl/original/DT3623.jpg
461122,1975.1.2488,Sano di Pietro (Ansano di Pietro di Mencio),Martyrdom of Saint Agatha in an Initial D,ca. 1470–73,Tempera and gold on parchment,"10 3/8 x 10 1/8 in. (26.3 x 25.7cm)
Initial: 8 11/16 x 9 1/4 in. (22.1 x 23.5cm)",26.3,25.7,Robert Lehman Collection,https://images.metmuseum.org/CRDImages/rl/original/DT2629.jpg
461124,1975.1.2467,France,Saint  Anthony,ca. 1480–85,Tempera and liquid gold on parchment,"6 1/4 x 4 1/4 in. (15.8 x 10.8cm)
Miniature: 2 15/16 x 2 15/16 in. (7.5 x 7.4cm)",15.8,10.8,Robert Lehman Collection,https://images.metmuseum.org/CRDImages/rl/original/sf-rlc-1975-1-2467-v.JPG
461127,1975.1.2482,Southern Germany or Austria,Adoration of the Magi,ca. 1235–50,Tempera and gold and silver leaf on parchment,6 9/16 x 5 3/16 in. (16.7 x 13.1cm),16.7,13.1,Robert Lehman Collection,https://images.metmuseum.org/CRDImages/rl/original/sf-rlc-1975-1-2482.JPG
461128,1975.1.2485,Lorenzo Monaco (Piero di Giovanni),Last Judgment in an Initial C,ca. 1406–7,Tempera and gold on parchment,"12 5/16 x 10 3/8 in. (31.3 x 26.4cm)
Initial ground: 7 13/16 x 7 13/16 in. (19.9 x 19.8cm)
Stave: 1 15/16 in. (5cm)",31.3,26.4,Robert Lehman Collection,https://images.metmuseum.org/CRDImages/rl/original/DT3620.jpg
461161,1975.1.2466,Master of Guillaume Lambert,Virgin and Child,ca. 1485,Tempera and gold leaf on parchment,5 1/4 x 3 1/4 in. (13.4 x 8.2cm); Miniature: 4 9/16 x 2 3/8 in. (11.6 x 6.1 cm),13.4,8.2,Robert Lehman Collection,https://images.metmuseum.org/CRDImages/rl/original/sf-rlc-1975-1-2466-r.JPG
461293,1975.1.2483,Domenico Morone,David with His Foot in a Noose in an Initial O,ca. 1500,Tempera and gold on parchment,"7 3/8 x 6 1/8 in. (18.7 x 15.5cm)
Initial Ground: 6 1/4 x 6 3/16 in. (15.8 x 15.7cm)",18.7,15.5,Robert Lehman Collection,https://images.metmuseum.org/CRDImages/rl/original/DT3617.jpg
461298,1975.1.2476,Master of the Codex Rossiano,The Trinity in an Initial B,Probably 1387,Tempera and gold on parchment,"Cutting: 10 9/16 x 10 1/16 in. (26.8 x 25.5cm)
Initial: 10 x 9 9/16 in. (25.4 x 24.3cm)
Stave: 1 7/16 in. (3.6cm)",26.8,25.5,Robert Lehman Collection,https://images.metmuseum.org/CRDImages/rl/original/DT3613.jpg
461353,1975.1.2472,Niccolò di ser Sozzo,Ascension in an Initial V,ca. 1342–50,Tempera and gold on parchment,"Cutting: 6 1/16 x 6 5/16 in. (15.4 x 16cm)
Initial: 4 1/4 x 3 7/8 in. (10.8 x 9.8cm)
Stave: 1 1/8 in. (2.9cm)",15.4,16.0,Robert Lehman Collection,https://images.metmuseum.org/CRDImages/rl/original/DT3610.jpg
461447,1975.1.2470,Zanobi Strozzi,King David in Prayer in an Initial B,ca. 1450,Tempera on parchment,"5 5/8 x 5 3/8 in. (14.2 x 13.5cm)
Initial Ground: 4 13/16 x 4 13/16 in.",14.2,13.5,Robert Lehman Collection,https://images.metmuseum.org/CRDImages/rl/original/DT3608.jpg
461448,1975.1.2478,Maestro Daddesco,Annunciation in an Initial M,ca. 1310–15,Tempera and gold on parchment,"5 3/8 x 5 1/4 in. (13.6 x 13.4cm)
Stave: 1 5/16 in. (3.4cm)",13.6,13.4,Robert Lehman Collection,https://images.metmuseum.org/CRDImages/rl/original/DT3616.jpg
461450,1975.1.2474,Francesco di Giorgio Martini,Saint Bernardino Preaching from a Pulpit,ca. 1470–75,Tempera on parchment,"8 1/4 x 5 5/8 in. (21 x 14.3cm)
Inside frame: 7 7/8 x 5 1/2 in. (20 x 14cm)",21.0,14.3,Robert Lehman Collection,https://images.metmuseum.org/CRDImages/rl/original/DT3612.jpg
461457,1975.1.2465a,Cristoforo Cortese,Angel with Portative Organ,ca. 1401–7,Tempera and gold on parchment,"1975.1.2465a: angel with portative organ: 2 3/8 x 1 3/4 in. (6.1 x 4.4cm)
1975.1.2465a without border: 1 15/16 x 15/16 in. (4.9 x 2.4cm)",6.1,4.4,Robert Lehman Collection,https://images.metmuseum.org/CRDImages/rl/original/sf-rlc-1975-1-2465a.JPG
461545,1975.1.2468,Cristoforo Cortese,Saint Mark the Evangelist and Saint Sinibaldus Venerated by Members of a Lay Confraternity,ca. 1425–34,Tempera and gold on parchment,"11 7/16 x 8 5/16 in. (29 x 21.1cm)
Miniature with frame: 8 1/2 x 5 3/4 in. (21.6 x 14.6cm)",29.0,21.1,Robert Lehman Collection,https://images.metmuseum.org/CRDImages/rl/original/DT3607.jpg
462005,1975.1.2465b,Cristoforo Cortese,Angel with Harp,ca. 1401–7,"Tempera and gold on parchment, the gold filigree decoration applied on brownish gray bole.","1975.1.2465b: angel with harp: 2 3/8 x 1 3/4 in. (6.1 x 4.5cm)
1975.1.2465b without border: 1 15/16 x 15/16 in. (4.9 x 2.4cm)",6.1,4.5,Robert Lehman Collection,https://images.metmuseum.org/CRDImages/rl/original/sf-rlc-1975-1-2465b.JPG
463180,08.40,Italian (Venetian) Painter,Altar Shrine with Four Saints,ca. 1450–75,Oil and gold leaf on wood panel,"Overall (a-cabinet with wings closed): 49 1/4 x 28 1/2 x 10 1/4 in. (125.1 x 72.4 x 26 cm)
Overall (with wings open): 49 1/4 x 56 3/4 x 10 1/4 in. (125.1 x 144.1 x 26 cm)
Left wing: 49 1/4 x 14 x 1 1/4 in. (125.1 x 35.6 x 3.2 cm)
right wing: 49 1/4 x 14 3/8 x 1 1/4 in. (125.1 x 36.5 x 3.2 cm)
Virgin and Child: 18 5/16 x 10 3/4 x 3 3/4 in. (46.5 x 27.3 x 9.5 cm)",125.0953,144.1453,Medieval Art,https://images.metmuseum.org/CRDImages/md/original/sf08-40s2.jpg
463377,"10.12a, b",Master Morata,Altarpiece (retablo) with Scenes from the Passion,second half 15th century,Tempera and gold on wood,"Overall: 56 x 120 3/4 x 3 in., 178lb. (142.2 x 306.7 x 7.6 cm, 80740.3g)",142.24028,306.70563,The Cloisters,https://images.metmuseum.org/CRDImages/cl/original/DP-14824-023.jpg
463527,11.150.40,,Mould for a Stamp,17th–18th century,Limestone,Overall: Diam. 5 13/16 x 2 13/16 in. (Diam. 14.8 x 7.2 cm),,,Medieval Art,https://images.metmuseum.org/CRDImages/md/original/sf11-150-40s1.jpg
463542,11.50.1,Cosmè Tura (Cosimo di Domenico di Bonaventura),"Manuscript Illumination with the Assumption of the Virgin in an Initial A, from an Antiphonary",1450–60,"Tempera, ink, and gold on parchment","Overall: 17 5/16 x 12 1/8 in. (43.9 x 30.8 cm)
illumination: 7 9/16 x 6 5/8 in. (19.2 x 16.9 cm)
Mat size: 21 15/16 x 16 in. (55.7 x 40.6 cm)",43.9,30.8,Medieval Art,https://images.metmuseum.org/CRDImages/md/original/DT5045.jpg
463543,11.50.2,Cosmè Tura (Cosimo di Domenico di Bonaventura),"Manuscript Illumination with All Saints in an Initial V, from an Antiphonary",1450–60,"Tempera, ink, and gold on parchment","Overall: 14 1/2 x 12 1/8 in. (36.8 x 30.8 cm)
Illumination: 7 3/8 x 6 5/16 in. (18.7 x 16 cm)
Mat Size: 22 x 16 in. (55.9 x 40.6 cm)",36.8,30.8,Medieval Art,https://images.metmuseum.org/CRDImages/md/original/DT201106.jpg
463544,11.50.3,Cosmè Tura (Cosimo di Domenico di Bonaventura),"Manuscript Illumination with the Assumption of the Virgin in an Initial G, from a Gradual",1450–60,"Tempera, ink, and gold on parchment","Overall: 12 5/16 x 13 9/16 in. (31.2 x 34.5 cm)
Illumination: 7 1/16 x 6 5/8 in. (17.9 x 16.8 cm)
Mat size: 16 x 21 15/16 in. (40.6 x 55.7 cm)",31.2,34.5,Medieval Art,https://images.metmuseum.org/CRDImages/md/original/DT201108.jpg
463545,11.50.4,Cosmè Tura (Cosimo di Domenico di Bonaventura),"Manuscript Illumination with the Presentation in the Temple in an Initial S, from a Gradual",1450–60,"Tempera, ink, and gold on parchment","Overall: 11 1/4 x 13 9/16 in. (28.5 x 34.4 cm)
Illumination: 7 1/16 x 6 1/2 in. (18 x 16.5 cm)
Mat size: 16 x 21 15/16 in. (40.6 x 55.7 cm)",28.5,34.4,Medieval Art,https://images.metmuseum.org/CRDImages/md/original/DT201107.jpg
463551,12.103,,Altar Shrine with Madonna and Child with Donor,last quarter 15th century,Tempera and oil on wood,Overall: 26 3/4 x 15 3/4 in. (67.9 x 40 cm),67.9451,40.0051,The Cloisters,https://images.metmuseum.org/CRDImages/cl/original/DP164881.jpg
463602,12.56.1,Nerius,"Manuscript Illumination with Scenes of Easter in an Initial A, from an Antiphonary",ca. 1320,"Tempera, ink, and gold on parchment","Overall: 9 7/16 x 9 3/8 in. (23.9 x 23.8 cm)
Stave Ht.: 1 1/16 in. (2.7 cm)
between stave ht.: 1 1/8 in. (2.8 cm)
Mat size: 19 1/4 x 14 1/4 in. (48.9 x 36.2 cm)",23.9,23.8,Medieval Art,https://images.metmuseum.org/CRDImages/md/original/DT201102.jpg
463603,12.56.2,Master of the Franciscan Breviary,"Manuscript Illumination with the Virgin and Child in an Initial S, from an Antiphonary",mid-15th century,"Tempera, ink, and gold on parchment","Overall: 6 15/16 x 6 1/4 in. (17.6 x 15.8 cm)
Illumination: 5 3/8 x 5 in. (13.6 x 12.7 cm)
Stave Ht.: 1 1/4 in. (3.2 cm)
between stave ht.: 1 5/16 in. (3.4 cm)
Mat: 19 3/16 x 14 3/16 in. (48.7 x 36.1 cm)",17.6,15.8,Medieval Art,https://images.metmuseum.org/CRDImages/md/original/DT201105.jpg
463605,12.56.4,Girolamo dai Libri,"Manuscript Illumination with Singing Monks in an Initial D, from a Psalter",1501–2,"Tempera, ink, and gold on parchment","Overall: 9 1/16 x 7 in. (23 x 17.8 cm)
Illumination: 4 x 4 1/8 in. (10.2 x 10.5 cm)
Mat size: 19 1/4 x 14 1/4 in. (48.9 x 36.2 cm)",23.0,17.8,Medieval Art,https://images.metmuseum.org/CRDImages/md/original/sf12-56-4s1.jpg
463893,16.32.288,,The Kiss of Judas,16th century,Oak,Overall: 10 5/16 x 6 1/4 x 2 9/16 in. (26.2 x 15.8 x 6.5 cm),26.1938,15.8,Medieval Art,https://images.metmuseum.org/CRDImages/md/original/DP147191.jpg
464337,17.190.356,,Virgin and Child,16th century,Boxwood,H. 6 3/8 in.  (16.2 cm),16.2,,Medieval Art,https://images.metmuseum.org/CRDImages/md/original/cdi17-190-356.jpg
464362,17.190.381,,The Three Maries,late 14th century,Oak,Overall: 8 1/8 x 3 3/8 in. (20.6 x 8.6 cm),20.6375,,Medieval Art,https://images.metmuseum.org/CRDImages/md/original/cdi17-190-381s3.jpg
464365,17.190.385,,St. George and the Dragon,15th–16th century,Boxwood,Overall: 7 11/16 x 6 1/16 x 3 7/16in. (19.6 x 15.4 x 8.8cm),19.6,15.4,Medieval Art,https://images.metmuseum.org/CRDImages/md/original/sf17-190-385s1.jpg
464440,"17.190.457a, b",,Half of a Prayer Bead with the Prayer of the Rosary,early 16th century,"Boxwood, silver",Diam. 1 3/16 × 1/4 in. (3 × 0.6 cm),,,Medieval Art,https://images.metmuseum.org/CRDImages/md/original/DP371010.jpg
464441,"17.190.458a, b",,Half of a Prayer Bead with the Lamentation,early 16th century,"Boxwood, silver",Diam. 1 3/16 × 1/4 in. (3 × 0.6 cm),3.6,6.5,Medieval Art,https://images.metmuseum.org/CRDImages/md/original/DP371012.jpg
464452,17.190.486,,Plaque with the Adoration of Trinity,15th century,Boxwood,Overall: 8 13/16 x 4 5/8 x 11/16 in. (22.4 x 11.7 x 1.8 cm),22.4,11.7,Medieval Art,https://images.metmuseum.org/CRDImages/md/original/sf17-190-486s.jpg
465985,1976.316,,Pendant,15th century,Mother of pearl with modern silver and red velvet mount,Overall: 2 3/16 x 1 7/16 x 1/4 in. (5.6 x 3.6 x 0.6 cm),5.6,3.6,Medieval Art,https://images.metmuseum.org/CRDImages/md/original/sf1976-316s1.jpg
466070,1981.322,,"Manuscript Leaf with the Crucifixion, from a Missal",ca. 1270–80,Tempera and gold on parchment,"Overall (folio): 8 3/4 x 5 7/8in. (22.2 x 14.9cm)
Mat: 19 1/4 x 14 3/16 in. (48.9 x 36.1 cm)",22.2,14.9,Medieval Art,https://images.metmuseum.org/CRDImages/md/original/sf1981-322s1.jpg
466086,1982.175,,"Manuscript Illumination with the Annunciation in an Initial R, from a Gradual",ca. 1300,"Tempera, ink and gold on parchment","4 x 3 1/16in. (10.2 x 7.8cm)
Mat: 9 × 7 in. (22.9 × 17.8 cm)",10.2,7.8,Medieval Art,https://images.metmuseum.org/CRDImages/md/original/DP343105.jpg
466106,1982.60.400,,Virgin and Child,late 16th century,"Jet, traces of gilding",Overall: 6 5/8 x 2 1/2 x 2 1/16 in. (16.9 x 6.4 x 5.3 cm),16.9,6.4,Medieval Art,https://images.metmuseum.org/CRDImages/md/original/sf1982-60-400s1.jpg
466190,1991.232.1,,"Leaf from a Beatus Manuscript: the Lamb at the Foot of the Cross, Flanked by Two Angels; The Calling of Saint John with the Enthroned Christ flanked by Angels and a Man Holding a Book",ca. 1180,"Tempera, gold, and ink on parchment","Overall (folio): 17 1/2 x 11 13/16in. (44.4 x 30cm)
Mat: 22 x 16 in. (55.9 x 40.6 cm)",44.4,30.0,The Cloisters,https://images.metmuseum.org/CRDImages/cl/original/DP-20616-002.jpg
466192,1991.232.11,,Leaf from a Beatus Manuscript: the Sixth Angel Delivers the Four Angels that had been Bound at the River Euphrates; an Altar Appears in the Heavens as the Enthroned Christ Raises His Hand in Blessing,ca. 1180,"Tempera, gold, and ink on parchment","Overall (folio): 17 1/2 x 11 13/16 in. (44.4 x 30 cm)
Mat: 22 x 16 in. (55.9 x 40.6 cm)",44.4,30.0,The Cloisters,https://images.metmuseum.org/CRDImages/cl/original/DP-20630-001.jpg
466193,1991.232.12,,Leaf from a Beatus Manuscript: the Seventh Angel Proclaims the Reign of the Lord,ca. 1180,"Tempera, gold, and ink on parchment","Overall (folio): 17 1/2 x 11 13/16 in. (44.5 x 30 cm)
Mat: 22 x 16 in. (55.9 x 40.6 cm)",55.8801,40.6401,The Cloisters,https://images.metmuseum.org/CRDImages/cl/original/DP-20632-001.jpg
466195,1991.232.14,,Leaf from a Beatus Manuscript: Seven Angels Hold the Cups of the Seven Last Plagues; The Hymn of the Lamb,ca. 1180,"Tempera, gold, and ink on parchment","Overall (folio): 17 1/2 x 11 13/16 in. (44.5 x 30 cm)
Mat: 22 x 16 in. (55.9 x 40.6 cm)",44.5,30.0,The Cloisters,https://images.metmuseum.org/CRDImages/cl/original/DP-20634-001.jpg
466197,1991.232.2a-d,,Leaves from a Beatus Manuscript: Bifolium with part of the Genealogy of Christ and the Adoration of the Magi,ca. 1180,"Tempera, gold, and ink on parchment",Overall (folio): 17 1/2 x 11 13/16 in. (44.4 x 30 cm),44.4,30.0,The Cloisters,https://images.metmuseum.org/CRDImages/cl/original/DP-20617-005.jpg
466198,1991.232.3,,Leaf from a Beatus Manuscript: Christ in Majesty with Angels and  the Angel of God Directs Saint John to Write the Book of Revelation,ca. 1180,"Tempera, gold, and ink on parchment","Overall (folio): 17 1/2 x 11 13/16 in. (44.4 x 30 cm)
Mat: 22 x 16 in. (55.9 x 40.6 cm)",44.4,30.0,The Cloisters,https://images.metmuseum.org/CRDImages/cl/original/DP-20618-001.jpg
466199,1991.232.4,,Leaf from a Beatus Manuscript: the Angel of the Church of Sardis with Saint John,ca. 1180,"Tempera, gold, and ink on parchment","Overall (folio): 17 1/2 x 11 13/16 in. (44.4 x 30 cm)
Mat: 22 x 16 in. (55.9 x 40.6 cm)",44.4,30.0,The Cloisters,https://images.metmuseum.org/CRDImages/cl/original/DP-20623-001.jpg
466200,1991.232.5,,Leaf from a Beatus Manuscript: the Angel of the Church of Philadelphia with Saint John,ca. 1180,"Tempera, gold, and ink on parchment","Overall (folio): 17 1/2 x 11 13/16 in. (44.4 x 30 cm)
Mat: 22 x 16 in. (55.9 x 40.6 cm)",44.4,30.0,The Cloisters,https://images.metmuseum.org/CRDImages/cl/original/DP-20624-001.jpg
466201,1991.232.6,,Leaf from a Beatus Manuscript: the Opening of the Fifth Seal,ca. 1180,"Tempera, gold, and ink on parchment","Overall (folio): 17 1/2 x 11 13/16 in. (44.4 x 30 cm)
Mat: 22 x 16 in. (55.9 x 40.6 cm)",44.4,30.0,The Cloisters,https://images.metmuseum.org/CRDImages/cl/original/DP-20625-001.jpg
466203,1991.232.8,,"Leaf from a Beatus Manuscript: the First Angel Sounds the Trumpet; Fire, Hail-stones, and Blood are Cast Upon the Earth",ca. 1180,"Tempera, gold, and ink on parchment","Overall (folio): 17 1/2 x 11 13/16 in. (44.4 x 30 cm)
Mat: 22 x 16 in. (55.9 x 40.6 cm)",55.8801,40.6401,The Cloisters,https://images.metmuseum.org/CRDImages/cl/original/DP-20627-001.jpg
466277,1994.516,,Manuscript Leaf with Scenes from the Life of Saint Francis of Assisi,ca. 1320–42,Tempera and gold on parchment,8 5/8 x 6 5/8in. (21.9 x 16.8cm),21.9,16.8,Medieval Art,https://images.metmuseum.org/CRDImages/md/original/DT3784.jpg
466330,21.168,Don Silvestro de' Gherarducci,"Manuscript Illumination with the Birth of the Virgin in an Initial G, from a Gradual",ca. 1375,"Tempera, ink, and gold on parchment","Overall: 11 1/2 x 11 3/4 in. (29.2 x 29.8 cm)
Mat Size: 22 x 16 in. (55.9 x 40.6 cm)",29.2,29.8,Medieval Art,https://images.metmuseum.org/CRDImages/md/original/DT5270.jpg
466369,22.24.2,,"Manuscript Leaf with the Mocking and Flagellation of Christ, from a Royal Psalter",13th century,Tempera and gold on parchment,"Overall (folio): 11 1/4 x 8 1/8 in. (28.5 x 20.7 cm)
Illumination: 8 1/16 x 4 13/16 in. (20.5 x 12.3 cm)
Mat: 13 15/16 x 11 in. (35.4 x 28 cm)",28.5,20.7,Medieval Art,https://images.metmuseum.org/CRDImages/md/original/DP-34701-001.jpg
466370,22.24.3,,"Manuscript Leaf with the Last Supper and the Washing of the Apostles’ Feet Leaf, from a Royal Psalter",ca. 1250–70,Tempera and gold on parchment,"Overall (folio): 9 1/8 x 6 5/8 in. (23.1 x 16.9 cm)
Illumination: 7 1/2 x 4 15/16 in. (19.1 x 12.5 cm)
Mat: 14 x 11 in. (35.5 x 27.9 cm)",23.1,16.9,Medieval Art,https://images.metmuseum.org/CRDImages/md/original/DP-34702-001.jpg
466371,22.24.4,,"Manuscript Leaf with the Agony in the Garden and Betrayal of Christ, from a Royal Psalter",ca. 1270,Tempera and gold on parchment,"Overall: 9 1/4 x 6 1/2 in. (23.5 x 16.5 cm)
Illumination: 7 1/2 x 5 in. (19.1 x 12.7 cm)
Mat size: 14 x 11 in. (35.5 x 27.9 cm)",23.5,16.5,Medieval Art,https://images.metmuseum.org/CRDImages/md/original/DP-34703-001.jpg
466622,25.204.1,,"Manuscript Leaf with the Annunciation, from a Psalter",mid-13th century,"Tempera, ink, gold, and silver on parchment","6 1/2 x 5 1/4 in. (16.5 x 13.3 cm)
Illumination: 5 7/16 x 4 3/16 in. (13.8 x 10.6 cm)
Mat: 12 × 10 in. (30.5 × 25.4 cm)",16.5,13.3,Medieval Art,https://images.metmuseum.org/CRDImages/md/original/sf25-204-1s1at.jpg
466623,25.204.2,,"Manuscript Leaf with the Deposition, from a Psalter",mid-13th century,"Tempera, ink, gold, and silver on parchment","Overall (folio): 6 5/16 x 4 11/16 in. (16.1 x 11.9 cm)
Illumination: 5 11/16 x 4 1/8 in. (14.5 x 10.5 cm)
Mat: 12 x 10 in. (30.5 x 25.4 cm)",16.1,11.9,Medieval Art,https://images.metmuseum.org/CRDImages/md/original/sf25-204-2s1at.jpg
466624,25.204.3,,"Manuscript Leaf with the Resurrection, from a Psalter",mid-13th century,"Tempera, ink, gold, and silver on parchment","Overall (folio): 6 3/8 x 5 3/8 in. (16.2 x 13.7 cm)
Illumination: 5 1/2 x 4 3/8 in. (14 x 11.1 cm)
Mat: 12 x 10 in. (30.5 x 25.4 cm)",16.2,13.7,Medieval Art,https://images.metmuseum.org/CRDImages/md/original/sf25-204-3s1at.jpg
466631,26.159.1,Master of Bagnacavallo,"Manuscript Illumination with the Presentation of Christ in the Temple in an Initial S, from a Gradual",ca. 1278,Tempera and ink on parchment,"Overall: 7 5/16 x 5 7/8 in. (18.6 x 14.9 cm)
stave ht: 1 5/16 in. (3.3 cm)
stave interspace: 1 in. (2.6 cm)",18.6,14.9,Medieval Art,https://images.metmuseum.org/CRDImages/md/original/DT201054a.jpg
466632,26.159.2,Master of Bagnacavallo,"Manuscript Illumination with the Beheading of Saint Paul in an Initial S, from a Gradual",ca. 1278,Tempera and ink on parchment,Overall: 4 5/8 x 4 5/8 in. (11.8 x 11.8 cm),11.8,11.8,Medieval Art,https://images.metmuseum.org/CRDImages/md/original/DP164986.jpg
466677,27.248.1,Simon Bening,"Manuscript Leaf with Adoration of the Holy Name, from a Book of Hours",after 1530 (?),"Tempera, ink and shell gold on parchment","5 7/8 x 4 3/16 in. (15 x 10.6 cm)
Mat: 12 × 10 in. (30.5 × 25.4 cm)",15.0,10.6,Medieval Art,https://images.metmuseum.org/CRDImages/md/original/temp272481.jpg
466685,27.248.2,,"Manuscript Leaf with the Annunciation, from a Book of Hours",ca. 1500–1525,"Tempera, ink and shell gold on parchment","Overall: 5 7/8 x 4 1/4 in. (15 x 10.8 cm)
Outer frame: 5 9/16 x 4 in. (14.2 x 10.2 cm)
Interior Frame: 4 1/4 x 2 13/16 in. (10.8 x 7.1 cm)
19 3/16 x 14 3/16 in. (48.8 x 36.1 cm)",15.0,10.8,Medieval Art,https://images.metmuseum.org/CRDImages/md/original/sf27-248-2s1.jpg
466703,28.140,,"Manuscript Illumination with Crucifixion in an Initial T, from a Missal",ca. 1400,"Tempera, ink and gold on parchment","Overall: 3 7/16 x 3 9/16 in. (8.8 x 9 cm)
Study mat size: 8 15/16 x 7 1/16 in. (22.7 x 17.9 cm)",8.8,9.0,Medieval Art,https://images.metmuseum.org/CRDImages/md/original/sf28-140s1.jpg
466727,28.225.23,,"Manuscript Leaf with Initial R, from a Gradual",second quarter 15th century,"Tempera, ink, and metal leaf on parchment","19 5/8 x 14 3/16in. (49.9 x 36.1cm)
Other (Stave Height): 1in. (2.5cm)
Mat: 28 × 22 in. (71.1 × 55.9 cm)",49.9,36.1,Medieval Art,https://images.metmuseum.org/CRDImages/md/original/temp2822523r.jpg
467392,30.95.211,,Medallion,17th century (in the Byzantine style),Boxwood,Overall: 1 15/16 x 3/16 in. (5 x 0.4 cm),,,Medieval Art,https://images.metmuseum.org/CRDImages/md/original/sf30-95-211s1.jpg
467412,31.134.1,Master of the Brussels Initials,"Manuscript Illumination with Saint Stephen in an Initial S, from an Antiphonary",ca. 1410–20,"Tempera, ink, and gold on parchment","Overall: 5 3/16 x 4 15/16 in. (13.1 x 12.6 cm)
Study mat: 11 15/16 x 9 15/16 in. (30.4 x 25.3 cm)",13.1,12.6,Medieval Art,https://images.metmuseum.org/CRDImages/md/original/DP164992.jpg
467416,31.134.4,,"Manuscript Illumination with Saint Trudo (Trond) in an Initial O, from a Choir Book",15th century,"Tempera, ink, and gold on parchment","Overall: 4 x 3 7/8 in. (10.1 x 9.9 cm)
Study Mat size: 12 1/16 x 10 in. (30.6 x 25.4 cm)",10.1,9.9,Medieval Art,https://images.metmuseum.org/CRDImages/md/original/sf31-134-4s1.jpg
467417,31.134.5,,"Manuscript Illumination with Saint Dominic Saving the Church of Saint John Lateran in an Initial A, from a Gradual",mid-15th century,"Tempera, ink, and gold on parchment","4 5/16 x 3 11/16 in. (10.9 x 9.3 cm)
Mat: 14 × 11 in. (35.6 × 27.9 cm)",10.9,9.3,Medieval Art,https://images.metmuseum.org/CRDImages/md/original/DT201057.jpg
467418,31.134.6,,"Manuscript Illumination with Tobit, Tobias, and the Archangel Raphael in an Initial O, from an Antiphonary",mid-14th century,"Tempera, ink, and  gold on parchment","Overall: 7 1/16 x 6 5/16 in. (18 x 16 cm)
Study mat: 11 15/16 x 9 15/16 in. (30.4 x 25.3 cm)",18.0,16.0,Medieval Art,https://images.metmuseum.org/CRDImages/md/original/DP164994.jpg
467421,31.134.8,Workshop of Pierre Remiet,Leaf from a Manuscript of Valerius Maximus,ca. 1380–90,"Tempera, ink, and gold on parchment","Overall: 15 3/16 x 11 3/4 in. (38.6 x 29.8 cm)
Study mat: 19 3/16 x 14 3/16 in. (48.8 x 36.1 cm)",38.6,29.8,Medieval Art,https://images.metmuseum.org/CRDImages/md/original/DT5143.jpg
467482,32.100.212,,Saint John The Evangelist,15th century,Boxwood,Overall: 9 13/16 x 3 3/16 x 2 13/16in. (25 x 8.1 x 7.2cm),25.0,8.1,Medieval Art,https://images.metmuseum.org/CRDImages/md/original/sf32-100-212s5.jpg
467513,32.100.474a,,"Manuscript Leaf with the Crucifixion, from a Book of Hours",last quarter 15th century,"Tempera, ink, and shell gold on parchment","Overall: 5 9/16 x 3 15/16 in. (14.2 x 10 cm)
Illumination: 5 1/16 x 3 3/8 in. (12.8 x 8.6 cm)
Study mat size: 12 x 10 in. (30.5 x 25.4 cm)",14.2,10.0,Medieval Art,https://images.metmuseum.org/CRDImages/md/original/sf32-100-474as1.jpg
467514,32.100.474b,,"Manuscript Leaf with the Pièta, from a Book of Hours",last quarter 15th century,"Tempera, ink, and shell gold on parchment","Overall: 5 9/16 x 3 15/16 in. (14.1 x 10 cm)
Illumination: 5 1/16 x 3 3/8 in. (12.8 x 8.6 cm)
Study mat size: 12 x 10 in. (30.5 x 25.4 cm)",14.1,10.0,Medieval Art,https://images.metmuseum.org/CRDImages/md/original/sf32-100-474bs1.jpg
467516,32.100.475b,,"Manuscript Leaf with the Betrayal, from a Book of Hours",ca. 1500,"Tempera, ink, and shell gold on parchment","6 7/16 x 4 11/16 in. (16.4 x 11.9 cm)
Other (text frame): 3 11/16 x 2 5/8 in. (9.3 x 6.7 cm)
Other: 12 × 10 in. (30.5 × 25.4 cm)",16.4,11.9,Medieval Art,https://images.metmuseum.org/CRDImages/md/original/sf32-100-475Bs1.jpg
467517,32.100.475c,,"Manuscript Leaf wtih Saint Dorothy, from a Book of Hours",ca. 1500,"Tempera, ink, and shell gold on parchment","6 5/8 x 4 11/16 in. (16.8 x 11.9 cm)
Other (text frame): 3 11/16 x 2 11/16 in. (9.3 x 6.9 cm)
Other (mat size): 12 × 10 in. (30.5 × 25.4 cm)",16.8,11.9,Medieval Art,https://images.metmuseum.org/CRDImages/md/original/sf32-100-475Cs1.jpg
467518,32.100.475d,,"Manuscript Leaf with Saint James the Greater, from a Book of Hours",ca. 1500,"Tempera, ink, and shell gold on parchment","5 13/16 x 4 7/16 in. (14.7 x 11.3 cm)
Other (outer frame): 4 15/16 x 3 11/16 in. (12.6 x 9.4 cm)
Other (text frame): 3 9/16 x 2 13/16 in. (9.1 x 7.2 cm)
Other (mat size): 12 × 10 in. (30.5 × 25.4 cm)",14.7,11.3,Medieval Art,https://images.metmuseum.org/CRDImages/md/original/sf32-100-475Ds1.jpg
467519,32.100.475e,,"Manuscript Leaf with Saint Thomas, from a Book of Hours",ca. 1500,"Tempera, ink, and shell gold on parchment","6 1/4 x 4 11/16 in. (15.9 x 11.9 cm)
Other (Outer frame): 4 15/16 x 3 7/8 in. (12.6 x 9.8 cm)
Other (text frame): 3 9/16 x 2 11/16 in. (9.1 x 6.9 cm)
Other (mat size): 12 × 10 in. (30.5 × 25.4 cm)",15.9,11.9,Medieval Art,https://images.metmuseum.org/CRDImages/md/original/sf32-100-475Es1.jpg
467520,32.100.475f,,Manuscript Leaf from a Book of Hours,ca. 1500,"Tempera, ink, and shell gold on parchment","5 3/4 x 4 7/16 in. (14.6 x 11.3 cm)
Other (outer frame): 5 1/16 x 3 13/16 in. (12.9 x 9.7 cm)
Other (text frame): 3 11/16 x 2 5/8 in. (9.4 x 6.7 cm)
Other (mat size): 12 × 10 in. (30.5 × 25.4 cm)",14.6,11.2713,Medieval Art,https://images.metmuseum.org/CRDImages/md/original/sf32-100-475Fs1.jpg
467521,32.100.475g,,"Manuscript Leaf with the Holy Communion, from a Book of Hours",ca. 1500,"Tempera, ink, and shell gold on parchment","6 1/8 x 4 3/4 in. (15.6 x 12 cm)
Other (outer frame): 5 x 3 11/16 in. (12.7 x 9.3 cm)
Other (text frame): 3 11/16 x 2 3/4 in. (9.4 x 7 cm)
Other (mat size): 12 × 10 in. (30.5 × 25.4 cm)",15.6,12.0,Medieval Art,https://images.metmuseum.org/CRDImages/md/original/DP147196.jpg
467522,32.100.475h,,"Manuscript Leaf with the Resurrection, from a Book of Hours",ca. 1500,"Tempera, ink, and gold on parchment","6 7/16 x 4 3/4 in. (16.4 x 12.1 cm)
Other (outer frame): 5 1/16 x 3 11/16 in. (12.8 x 9.4 cm)
Other (text frame): 3 11/16 x 2 11/16 in. (9.4 x 6.8 cm)
Other (mat size): 12 × 10 in. (30.5 × 25.4 cm)",16.4,12.1,Medieval Art,https://images.metmuseum.org/CRDImages/md/original/sf32-100-475Hs1.jpg
467523,32.100.476a,,"Manuscript Illumination with the Descent from the Cross, from a Book of Hours",late 15th century,"Tempera, ink, and shell gold on parchment","3 7/16 x 2 11/16 in. (8.7 x 6.9 cm)
Other (Illumination): 2 1/16 x 1 7/8 in. (5.2 x 4.7 cm)
Mat: 9 × 7 in. (22.9 × 17.8 cm)",8.7,6.9,Medieval Art,https://images.metmuseum.org/CRDImages/md/original/sf32-100-476as1.jpg
467524,32.100.476b,,"Manuscript Illumination with the Trinity, from a Book of Hours",late 15th century,"Tempera, ink, and shell gold on parchment","3 1/2 x 3 1/8 in. (8.9 x 7.9 cm)
Other (Illumination): 2 1/16 x 1 15/16 in. (5.2 x 5 cm)
Mat: 9 × 7 in. (22.9 × 17.8 cm)",8.9,7.9,Medieval Art,https://images.metmuseum.org/CRDImages/md/original/sf32-100-476bs1.jpg
467525,32.100.477,,"Manuscript Illumination with Initial Q, from a Choir Book",first half 15th century,"Tempera, ink, and gold on parchment","3 7/8 x 4 1/2 in. (9.9 x 11.4 cm)
Other (Illumination): 2 13/16 x 2 7/8 in. (7.2 x 7.3 cm)
Mat: 7 × 9 in. (17.8 × 22.9 cm)",9.9,11.4,Medieval Art,https://images.metmuseum.org/CRDImages/md/original/sf32-100-477s1at.jpg
467526,32.100.478,,"Manuscript Illumination with Joachim and Anna in an Initial G with Joachim and Anna, from a Missal",15th century,"Tempera, ink, and gold on parchment","3 7/16 x 3 1/8 in. (8.8 x 7.9 cm)
Other (Illumination): 2 3/16 x 2 3/16 in. (5.5 x 5.6 cm)
Mat: 9 × 7 in. (22.9 × 17.8 cm)",8.8,7.9,Medieval Art,https://images.metmuseum.org/CRDImages/md/original/sf32-100-478s1at.jpg
467744,41.100.171,,Virgin and Child,mid-14th century,Walnut with traces of polychromy,Overall: 11 3/4 x 4 1/4 x 2 15/16 in. (29.8 x 10.8 x 7.5 cm),29.8451,10.795,Medieval Art,https://images.metmuseum.org/CRDImages/md/original/sf41-100-171s1.jpg
467745,41.100.172,,Virgin of the Annunciation,ca.1250–1300,"Walnut with traces of paint, originally painted",Overall: 7 9/16 x 1 13/16 x 1 13/16 in. (19.2 x 4.6 x 4.6 cm),19.2088,4.6,Medieval Art,https://images.metmuseum.org/CRDImages/md/original/DP108397.jpg
467775,41.100.203,,Virgin and Child,ca. 1400–20,Walnut,Overall: 5 15/16 x 4 1/16 x 3 1/4 in. (15.1 x 10.3 x 8.3 cm),15.0813,10.3188,Medieval Art,https://images.metmuseum.org/CRDImages/md/original/DP353825.jpg
467967,41.190.234,,Miniature Relief of Hebrew Prophet Daniel (?) with Scroll,1200–1225,"Wood, polychromy, gilding",Overall: 1 15/16 x 1 5/8 x 9/16 in. (4.9 x 4.1 x 1.4 cm),4.9,4.1,Medieval Art,https://images.metmuseum.org/CRDImages/md/original/sf41-190-234s1.jpg
467969,41.190.236,,Miniature Relief of Saint John the Evangelist at His Writing Table,1200–1225,"Wood, polychromy, gilding",Overall: 2 1/8 x 1 3/4 x 9/16 in. (5.4 x 4.5 x 1.4 cm),5.4,4.5,Medieval Art,https://images.metmuseum.org/CRDImages/md/original/sf41-190-236s1.jpg
467971,41.190.238,,Miniature Relief of Saint Mark at His Writing Table,ca. 1200–1225,"Wood, polychromy, gilding",Overall: 2 3/16 x 1 11/16 x 9/16 in. (5.6 x 4.3 x 1.5 cm),5.6,4.3,Medieval Art,https://images.metmuseum.org/CRDImages/md/original/sf41-190-238s1.jpg
468254,48.149.15,Master of James IV of Scotland (probably Gerard Horenbout),Manuscript Illumination with Adoration of the Magi,ca. 1515–25,"Tempera, ink, and shell gold on parchment","6 1/2 x 4 5/8in. (16.5 x 11.7cm)
Mat: 12 × 10 in. (30.5 × 25.4 cm)",16.5,11.7,Medieval Art,https://images.metmuseum.org/CRDImages/md/original/DT11895.jpg
468255,48.149.16,Master of James IV of Scotland (probably Gerard Horenbout),Manuscript Illumination with Scenes from the Life of Saint John the Baptist,ca. 1515,"Tempera, ink, and shell gold on parchment","6 1/2 x 4 5/8in. (16.5 x 11.7cm)
Mat: 14 × 11 in. (35.6 × 27.9 cm)",16.5,11.7,Medieval Art,https://images.metmuseum.org/CRDImages/md/original/DP359508.jpg
468266,48.40,Master of the Murano Gradual,"Manuscript Illumination with Four Saints in an Initial O, from a Choir Book",1440–50,"Tempera, gold, and ink on parchment","Overall: 6 x 4 11/16 in. (15.2 x 11.9 cm)
Study mat: 11 15/16 x 9 15/16 in. (30.4 x 25.2 cm)",15.2,11.9,Medieval Art,https://images.metmuseum.org/CRDImages/md/original/DP163291.jpg
468423,53.143,,"The Temple in Jerusalem, from the ""Postilla Litteralis (Literal Commentary)"" of Nicholas of Lyra",1450–75,Tempera and ink on parchment,"Overall: 11 5/16 x 9 1/16 in. (28.8 x 23 cm)
10 3/4 x 8 1/8 in. (27.3 x 20.6 cm)
Mat size: 19 3/16 x 14 3/16 in. (48.7 x 36 cm)",28.8,23.0,Medieval Art,https://images.metmuseum.org/CRDImages/md/original/sf53-143s1.jpg
468476,55.18.3,,"Manuscript Leaf with Marriage Scene, from Decretals of Gregory IX",ca. 1300,"Tempera, ink, and gold on parchment","18 1/8 x 11 5/8 in. (46.1 x 29.6 cm)
Other (Illumination): 3 1/16 x 5 1/2 in. (7.8 x 14 cm)
Mat: 22 × 16 in. (55.9 × 40.6 cm)",46.1,29.6,Medieval Art,https://images.metmuseum.org/CRDImages/md/original/DP-37078-001.jpg
468478,55.18.5,,"Manuscript Leaf with the Holy Trinity in an Initial T, from a Missal",ca. 1390,"Tempera,  ink, and gold on parchment","Overall: 13 1/16 x 8 7/8 in. (33.1 x 22.6 cm)
Illumination: 3 3/4 x 3 7/16 in. (9.5 x 8.8 cm)
Study mat size: 17 15/16 x 14 in. (45.6 x 35.5 cm)",33.1,22.6,Medieval Art,https://images.metmuseum.org/CRDImages/md/original/sf55-18-5s1.jpg
468479,55.18.6,,Manuscript Illumination with the Figure of a Saint in an Initial O,ca. 1480,"Tempera, ink, and gold on parchment","Overall: 5 15/16 x 5 15/16 in. (15.1 x 15.1 cm)
Study mat: 11 15/16 x 9 15/16 in. (30.4 x 25.2 cm)",15.1,,Medieval Art,https://images.metmuseum.org/CRDImages/md/original/sf55-18-6s1.jpg
468539,57.185.3,,Leaf from a Gospel Book with Four Standing Evangelists,1290–1330,Tempera and ink on parchment,Overall: 9 x 13 3/16 in. (22.8 x 33.5 cm),22.8,33.5,Medieval Art,https://images.metmuseum.org/CRDImages/md/original/DP-15488-001.jpg
468570,60.66.23,,"Manuscript Illumination with Salvator Mundi in an Initial P, from a Choir Book",early 16th century,"Tempera, ink, and gold on parchment","Overall: 3 9/16 x 4 1/8 in. (9 x 10.5 cm)
Study mat: 7 x 9 in. (17.8 x 22.8 cm)",9.0,10.5,Medieval Art,https://images.metmuseum.org/CRDImages/md/original/sf60-66-23s1.jpg
468590,62.122.17,Girolamo dai Libri,"Manuscript Illumination with the Holy Women at the Tomb in an Initial A, from an Antiphonary",ca. 1490–1500,"Tempera, gold, and ink on parchment","Overall: 8 15/16 x 6 1/4 in. (22.7 x 15.9 cm)
Illumination: 5 15/16 x 5 9/16 in. (15.1 x 14.2 cm)
Mat size: 19 1/4 x 14 1/4 in. (48.9 x 36.2 cm)",22.7,15.9,Medieval Art,https://images.metmuseum.org/CRDImages/md/original/DP162982.jpg
468591,62.122.18,,"Manuscript Leaf with the Crucifixion, from a Book of Hours",15th century,"Tempera, ink, and shell gold on parchment","Overall: 5 7/16 x 3 5/16 in. (13.8 x 8.4 cm)
Illumination: 5 x 2 13/16 in. (12.7 x 7.2 cm)
Mat size: 7 15/16 x 5 15/16 in. (20.1 x 15.1 cm)",13.8,8.4,Medieval Art,https://images.metmuseum.org/CRDImages/md/original/sf62-122-18s1.jpg
468679,64.101.1554,,Virgin,ca. 1500,Boxwood,Overall: 9 1/4 x 3 1/2 x 3 in. (23.5 x 8.9 x 7.6 cm),23.5,8.9,Medieval Art,https://images.metmuseum.org/CRDImages/md/original/sf64-101-1554s1.jpg
468925,88.3.50,Giovanni Pietro da Cemmo,"Manuscript Illumination with Joseph Sold by His Brothers in an Initial V, from an Antiphonary",ca. 1490,"Tempera, ink and gold on parchment; leather binding","Overall: 6 3/4 x 7 1/16 in. (17.1 x 17.9 cm)
Illumination: 5 1/4 x 5 7/16 in. (13.4 x 13.8 cm)
Stave Ht.: 1 1/4 in. (3.2 cm)
between stave ht.: 1 5/16 in. (3.4 cm)
Study mat: 9 15/16 x 11 15/16 in. (25.3 x 30.4 cm)",17.1,17.9,Medieval Art,https://images.metmuseum.org/CRDImages/md/original/DP158500.jpg
468941,89.27.4,Gilles Hardouyn,Book of Hours,1518–21,"Tempera, ink and gold on parchment; leather binding","8 1/8 x 4 3/4 x 1in. (20.6 x 12.1 x 2.5cm)
Other (77 folios): 8 1/16 × 4 13/16 in. (20.4 × 12.2 cm)",20.6,12.1,Medieval Art,https://images.metmuseum.org/CRDImages/md/original/LC_89_27_4_s19.jpg
468949,90.3.5,,Altarpiece with scenes from the life of the Virgin,1548,"Tempera, oil and gilding on pine","Overall (closed): 32 x 35 in. (81.3 x 88.9 cm)
Overall (Open): 32 x 48 in. (81.3 x 121.9 cm)
each wing: 18 3/4 x 9 1/4 in. (47.6 x 23.5 cm)
predella: 4 3/4 x 19 1/2 in. (12.1 x 49.5 cm)
fixed sides: 18 3/4 x 5 5/8 in. (47.6 x 14.3 cm)",81.2802,121.9202,Medieval Art,https://images.metmuseum.org/CRDImages/md/original/DP157858.jpg
468974,90.61.2,Don Simone Camaldolese,"Manuscript Illumination with Saint Lawrence in an Initial C, from a Gradual",ca. 1380–90,"Tempera, ink and gold on parchment","Overall: 5 7/8 x 7 9/16 in. (15 x 19.2 cm)
Mat size: 10 11/16 x 12 1/2 in. (27.2 x 31.8 cm)",15.0,19.2,Medieval Art,https://images.metmuseum.org/CRDImages/md/original/DT201056.jpg
468975,90.61.3,,"Manuscript Leaf with the Visitation in an Initial A and Cardinal Adam Easton with a Dominican Saint and Saint Dominic, from an Antiphonary",ca. 1400,"Tempera, ink and gold on parchment","19 5/16 x 13 9/16 in. (49 x 34.5 cm)
Other (historiated letter): 3 7/8 x 2 15/16 in. (9.9 x 7.4 cm)
Other (Study Mat): 23 15/16 × 17 15/16 in. (60.8 × 45.6 cm)",49.0,34.5,Medieval Art,https://images.metmuseum.org/CRDImages/md/original/DP158501.jpg
468977,90.61.5,,Manuscript Leaf from a Missal,late 15th century,"Tempera, ink, shell gold, and gold on parchment","Overall: 14 3/16 x 10 1/16 in. (36 x 25.5 cm)
Historiated initial: 5 7/16 x 5 1/4 in. (13.8 x 13.3 cm)
Study mat size: 17 15/16 x 14 in. (45.5 x 35.5 cm)",36.0,25.5,Medieval Art,https://images.metmuseum.org/CRDImages/md/original/sf90-61-5s1.jpg
468978,90.61.6,,Bifolium from a Gradual,late 15th century,"Tempera, ink, and metal leaf on parchment","Overall: 14 5/8 x 10 1/16 in. (37.2 x 25.6 cm)
Historiated initial ""S"": 4 7/16 x 3 7/8 in. (11.3 x 9.8 cm)
Mat Size: 19 3/16 x 14 3/16 in. (48.8 x 36 cm)",37.2,25.6,Medieval Art,https://images.metmuseum.org/CRDImages/md/original/sf90-61-6s1.jpg
469038,95.65,,Missal,1472,"Tempera, ink, and metal leaf on parchment; leather binding",Overall: 11 x 7 5/8 x 2 1/2in. (27.9 x 19.4 x 6.4cm),27.9,19.4,Medieval Art,https://images.metmuseum.org/CRDImages/md/original/sf95-65d1.jpg
469042,96.32.10,Master of the Riccardiana Lactantius,"Manuscript Leaf with the Feast of Saint Andrew in an Initial M, from an Antiphonary",second half 15th century,"Tempera, ink, and gold on parchment","Overall: 22 1/4 x 15 3/4 in. (56.5 x 40 cm)
6 7/16 x 6 9/16 in. (16.4 x 16.6 cm)
29 x 23 1/16 in. (73.6 x 58.5 cm)",56.5,40.0,Medieval Art,https://images.metmuseum.org/CRDImages/md/original/DP158505.jpg
469826,X.430.2,Cano de Aranda,"Spanish Translation of Saint Augustine's ""City of God""",1446–82,"Tempera and gold on parchment, tooled leather binding",Overall: 15 1/2 x 11 1/4 x 3in. (39.4 x 28.6 x 7.6cm),39.4,28.6,Medieval Art,https://images.metmuseum.org/CRDImages/md/original/sfx-430-2s7.jpg
469828,X.431,,Missal,15th century,Tempera and ink on parchment,Overall: 12 x 8 3/4 x 3in. (30.5 x 22.2 x 7.6cm),30.5,22.2,Medieval Art,https://images.metmuseum.org/CRDImages/md/original/sfx-431s7.jpg
469892,1984.343,,The Bishop of Assisi Giving a Palm to Saint Clare,ca. 1360,"Oil, gold, and silver on wood",13 5/16 × 8 9/16 × 3/16 in. (33.8 × 21.7 × 0.45 cm),33.8,21.7,The Cloisters,https://images.metmuseum.org/CRDImages/cl/original/h1_1984.343.jpg
469963,1998.179,,"Manuscript Leaf with the Last Judgment, from a Book of Hours",ca. 1400,Tempera and gold on parchment,"3 3/4 x 2 1/2in. (9.5 x 6.3cm)
Mat: 8 5/8 × 7 1/8 in. (21.9 × 18.1 cm)",9.5,6.3,Medieval Art,https://images.metmuseum.org/CRDImages/md/original/h1_1998.179.jpg
470304,56.70a–c,Robert Campin,Annunciation Triptych (Merode Altarpiece),ca. 1427–32,Oil on oak,"Overall (open): 25 3/8 x 46 3/8 in. (64.5 x 117.8 cm)
Central panel: 25 1/4 x 24 7/8 in. (64.1 x 63.2 cm)
each wing: 25 3/8 x 10 3/4 in. (64.5 x 27.3 cm)",64.4526,117.7927,The Cloisters,https://images.metmuseum.org/CRDImages/cl/original/DP273206.jpg
470309,54.1.2,Jean Pucelle,"The Hours of Jeanne d'Evreux, Queen of France",ca. 1324–28,"Grisaille, tempera, and ink on vellum","single folio: 3 5/8 x 2 7/16 in. (9.2 x 6.2 cm)
Overall (with binding): 3 7/8 x 2 13/16 x 1 1/2 in. (9.9 x 7.2 x 3.8 cm)",9.9,7.2,The Cloisters,https://images.metmuseum.org/CRDImages/cl/original/DP233162.jpg
470328,53.37,Lorenzo Monaco (Piero di Giovanni),The Intercession of Christ and the Virgin,before 1402,Tempera on canvas,Overall: 94 1/4 x 60 1/4 x 1 in. (239.4 x 153 x 2.5 cm),239.4,153.0,The Cloisters,https://images.metmuseum.org/CRDImages/cl/original/DP359505.jpg
470600,25.120.288,Bartolo di Fredi,The Adoration of the Shepherds,1374,"Tempera on poplar, gold ground","Overall: 69 1/8 x 45 1/8 in. (175.6 x 114.6 cm)
Painted surface: 63 1/4 x 45 1/8 in. (160.7 x 114.6 cm)",175.6,114.6,The Cloisters,https://images.metmuseum.org/CRDImages/cl/original/DP270224.jpg
470873,25.120.668,Domingo Ram,Panel from Saint John Retable,1464–1507,"Tempera on wood, gold ground","59 1/2 x 28 5/8 in. (151.1 x 72.7 cm)
Entire Retable: 139 x100 in. (353.1 x 254 cm)",151.1303,72.7076,The Cloisters,https://images.metmuseum.org/CRDImages/cl/original/cdi25-120-668.jpg
470874,25.120.669,Domingo Ram,Panel of Saint John the Baptist with Scenes from His Life,1464–1507,"Tempera on wood, gold ground","59 1/2 x 28 5/8 in. (151.1 x 72.7 cm)
Entire Retable: 139 x100 in. (353.1 x 254 cm)",151.1303,72.7076,The Cloisters,https://images.metmuseum.org/CRDImages/cl/original/DP212505.jpg
470875,25.120.670,Domingo Ram,Panel with Saint John the Baptist Enthroned from Retable,15th century,"Tempera on wood, gold ground",53 3/4 x 36 1/4 in. (136.5 x 92.1 cm ),136.52527,92.07519,The Cloisters,https://images.metmuseum.org/CRDImages/cl/original/cdi25-120-670.jpg
470876,25.120.671,Domingo Ram,The Visitation Panel from Saint John Retable,15th century,"Tempera on wood, gold ground",39-1/4 x 38-3/4 in.,99.6952,98.42519,The Cloisters,https://images.metmuseum.org/CRDImages/cl/original/cdi25-120-671.jpg
470877,25.120.673,Domingo Ram,"Predella pane with Saint Bridget, Saint Christopher, and Saint Kilian from Retable",15th century,"Tempera on wood, gold ground",25 x 41-1/2 in.,63.500126,105.41021,The Cloisters,https://images.metmuseum.org/CRDImages/cl/original/cdi25-120-673.jpg
470878,25.120.674,Domingo Ram,"Predella panel with Saint Martial, Saint Sebastian, and Saint Mary Magdalen from Retable",15th century,"Tempera on wood, gold ground","H. 24-1/2, W. 41-1/2 in.",62.230125,105.41021,The Cloisters,https://images.metmuseum.org/CRDImages/cl/original/cdi25-120-674.jpg
470919,25.120.927,Domingo Ram,Panel with the Birth of St. John the Baptist from Retable,15th century,"Tempera on wood, gold ground","H. 37-1/2, W. 28 in.",95.25019,71.12014,The Cloisters,https://images.metmuseum.org/CRDImages/cl/original/cdi25-120-927.jpg
470920,25.120.928,Domingo Ram,Panel with The Crucifixion from Retable,15th century,"Tempera on wood, gold ground",H.  27-3/4; L. 40-1/2 in.,70.48514,102.87021,The Cloisters,https://images.metmuseum.org/CRDImages/cl/original/cdi25-120-928.jpg
470921,25.120.929,Domingo Ram,Panel with the Angel Appearing to Zacharias (from a Retable depicting Saint John the Baptist and scenes from his life),1464–1507,"Tempera on wood, gold ground","37 1/2 x 27 1/4 in. (95.3 x 69.2 cm)
Entire Retable: 139 x 100 in. (353.1 x 254 cm)",95.3,69.2,The Cloisters,https://images.metmuseum.org/CRDImages/cl/original/DP-29633-001.jpg
471223,38.141a-o,,Saint Anne with the Virgin and Child,1473 or 1483,Oil and gold on wood (pine?),15 ft. 4 in. × 11 ft. 1 in. (467.4 × 337.8 cm),467.36093,337.82068,The Cloisters,https://images.metmuseum.org/CRDImages/cl/original/CDS170574.JPG
471349,49.109,Rogier van der Weyden,The Nativity Polyptych,ca. 1450–60,Oil on oak,"as displayed: 59 3/4 in. × 9 ft. × 17 1/2 in., 86 lb. (151.8 × 274.3 × 44.5 cm, 39 kg)
wings closed: 59 3/4 × 80 7/8 × 4 1/4 in., 86 lb. (151.8 × 205.4 × 10.8 cm, 39 kg)",151.7653,274.32056,The Cloisters,https://images.metmuseum.org/CRDImages/cl/original/DT200237.jpg
471425,50.162,,Fresco with Miracle of the Jewels,late 13th–early 14th century,Fresco transferred to canvas,"Overall: 47 3/8 × 61 5/8 in. (120.3 × 156.5 cm)
Framed: 48 7/16 × 62 13/16 × 7/8 in. (123 × 159.5 × 2.2 cm)",120.33274,156.52782,The Cloisters,https://images.metmuseum.org/CRDImages/cl/original/sf50-162s1.jpg
471455,53.21,Master of the Burg Weiler Altarpiece,The Burg Weiler Altar Triptych (Altarpiece with the Virgin and Child and Saints),ca. 1470,"Oil on wood, gold ground",central panel: 68 1/2 x 60 in. (174 x 152.4 cm); each wing; 68 1/2 x 26 in. (174 x 66 cm),173.99034,66.04013,The Cloisters,https://images.metmuseum.org/CRDImages/cl/original/DP164882.jpg
471722,"55.62a, b",,"Scenes from the Life of Christ: Arrest of Christ, Christ in Limbo; Descent from the Cross, Preparation of Christ’s Body for His Entombment",13th century,Tempera on wood,"a: 41 3/8 × 15 5/8 × 11/16 in. (105.1 × 39.7 × 1.8 cm)
b: 41 3/4 × 16 3/8 × 11/16 in. (106 × 41.6 × 1.8 cm)",106.0452,41.6,The Cloisters,https://images.metmuseum.org/CRDImages/cl/original/LC-55_62ab-1.jpg
471728,55.116.2,,Base for a Statuette,1470–80,Boxwood,3 1/2 × 4 7/8 × 3 3/8 in. (8.9 × 12.4 × 8.6 cm),8.89,12.3825,The Cloisters,https://images.metmuseum.org/CRDImages/cl/original/DP-34089-001.jpg
471730,55.120.2,Master of Belmonte,Saint Michael,1450–1500,Tempera and oil on wood,"85 1/2 in. × 47 in. (217.2 × 119.4 cm)
thickness of panel: 7/8 in. (2.2 cm)
thickness w/ bracing: 2 in. (5.1 cm)",217.17044,119.4,The Cloisters,https://images.metmuseum.org/CRDImages/cl/original/DP316433.jpg
471737,56.101,,Saint Geneviève,second half 15th century,Boxwood,Overall (without base): 7 1/2 in. (19.1 cm),19.050037,,The Cloisters,https://images.metmuseum.org/CRDImages/cl/original/cdi56-101.jpg
471826,57.97.1,,Hunting Scene,first half 12th century (possibly 1129–34),Fresco transferred to canvas,Overall: 71 3/4 x 141 in. (182.2 x 358.1 cm),182.24536,358.14072,The Cloisters,https://images.metmuseum.org/CRDImages/cl/original/cdi57-97-1.jpg
471828,57.97.3,,Warrior with Shield,first half 12th century (possibly 1129–34),Fresco transferred to canvas,Overall: 112 3/4 x 51 7/8 in. (286.4 x 131.8 cm),286.38556,131.76276,The Cloisters,https://images.metmuseum.org/CRDImages/cl/original/cdi57-97-3.jpg
471840,"58.71a, b",Master of Charles of France,The Annunciation from the Hours of Charles of France,1465,"Tempera, ink, and gold on parchment","Overall (a-Angel of Annunciation): 6 13/16 x 4 15/16 in. (17.3 x 12.5 cm)
Overall (b-Virgin of Annunciation): 6 3/4 x 4 13/16 in. (17.2 x 12.3 cm)",17.2,12.3,The Cloisters,https://images.metmuseum.org/CRDImages/cl/original/DP261677&DP261679.jpg
471846,59.196,,The Healing of the Blind Man and the Raising of Lazarus,first half 12th century (possibly 1129–34),Fresco transferred to canvas,Overall: 65 x 134 in. (165.1 x 340.4 cm),165.1003,340.3607,The Cloisters,https://images.metmuseum.org/CRDImages/cl/original/DP-21360-001.jpg
471849,65.215.4,,"St. John the Evangelist, probably from a Crucifixion Group",ca. 1420,Limewood,Overall: 7 3/4 x 2 3/4 x 2 in. (19.7 x 7 x 5.1 cm),19.685,6.985,The Cloisters,https://images.metmuseum.org/CRDImages/cl/original/cdi65-215-4s1.jpg
471903,61.199,Master of Saint Augustine,Scenes from the Life of Saint Augustine of Hippo,ca. 1490,"Oil, gold, and silver on wood","Framed: 59 7/8 × 64 1/2 × 2 3/4 in., 98 lb. (152.1 × 163.8 × 7 cm, 44.5 kg)
54 1/4 × 59 in. (137.8 × 149.9 cm)
Other (greatest thickness): 3/8 in. (1 cm)",137.7953,149.8603,The Cloisters,https://images.metmuseum.org/CRDImages/cl/original/DP-41433-001.jpg
471904,61.200.1,Master of the Codex of Saint George,The Crucifixion,ca. 1330–35,"Tempera on wood, gold ground","Overall: 18 x 11 3/4 in. (45.7 x 29.8 cm)
Painted surface: 15 5/8 x 10 5/8 in. (39.7 x 27 cm)",45.7,29.8,The Cloisters,https://images.metmuseum.org/CRDImages/cl/original/DT200609.jpg
471905,61.200.2,Master of the Codex of Saint George,The Lamentation,ca. 1330–35,"Tempera on wood, gold ground","Overall: 18 x 11 3/4 in. (45.7 x 29.8 cm)
Painted surface: 15 5/8 x 10 5/8 in. (39.7 x 27 cm)",45.7,29.8,The Cloisters,https://images.metmuseum.org/CRDImages/cl/original/DT200610.jpg
471907,61.248,,The Temptation of Christ by the Devil,first half 12th century (possibly 1129–34),Fresco transferred to canvas,69 1/2 in. × 9 ft. 10 in. (176.5 × 299.7 cm),176.53035,299.7206,The Cloisters,https://images.metmuseum.org/CRDImages/cl/original/DP-21361-001.jpg
471924,64.215,Friedrich Walther,Sermon of Saint Albertus Magnus,ca. 1430–95,Oil on wood,49 1/2 x 27 5/8 in.  (125.7 x 70.2 cm),125.7,70.2,The Cloisters,https://images.metmuseum.org/CRDImages/cl/original/DP281465.jpg
471966,1974.392,,Man of Sorrows with Kneeling Donor,fourth quarter 15th century with modern additons,Oil and tempera on wood,Overall: 18 x 12 1/2 in. (45.7 x 31.8 cm),45.7201,31.7501,The Cloisters,https://images.metmuseum.org/CRDImages/cl/original/sf1974-392s1.jpg
471999,1977.94,,"Scenes from the Life of Christ: Disrobing Youths from the Entry into Jerusalem, Flagellation, and Angel at the Sepulchre",13th century,Tempera on wood,59 1/2 × 10 5/8 × 2 1/4 in. (151.1 × 27 × 5.7 cm),151.1303,26.987555,The Cloisters,https://images.metmuseum.org/CRDImages/cl/original/LC-1977_94-1.jpg
472301,25.120.241,Niccolò di Tommaso,Man of Sorrows,ca. 1370,Fresco transferred to canvas,Overall: 65 x 70 in. (165.1 x 177.8 cm),165.1003,177.8004,The Cloisters,https://images.metmuseum.org/CRDImages/cl/original/DP102888.jpg
472322,25.120.257,,Scenes from the Life of Saint Andrew,late 14th century,"Tempera on wood, gold ground",78 1/4 in. × 39 3/4 in. × 2 1/8 in. × 15/16 in. (198.8 × 101 × 5.4 × 2.4 cm),198.7554,100.9652,The Cloisters,https://images.metmuseum.org/CRDImages/cl/original/DP212504.jpg
472381,50.180a-l,Master of Pedret,The Virgin and Child in Majesty and the Adoration of the Magi,ca. 1100,Fresco transferred to canvas,"Overall (a-c): 127 x 233 1/4 in. (322.6 x 592.5 cm)
Overall (d): 36 1/2 x 17 3/4 in. (92.7 x 45.1 cm)
Overall (e): 33 1/4 x 18 1/2 in. (84.5 x 47 cm)
Overall (f): 43 x 17 in. (109.2 x 43.2 cm)
Overall (g): 57 1/4 x 18 3/4 in. (145.4 x 47.6 cm)
Overall (h): 46 3/4 x 20 1/4 in. (118.7 x 51.4 cm)
Overall (i): 53 x 20 1/4 in. (134.6 x 51.4 cm)
Overall (j): 42 x 20 in. (106.7 x 50.8 cm)
Overall (k): 44 x 17 1/4 in. (111.8 x 43.8 cm)
Overall (l): 45 1/4 x 14 in. (114.9 x 35.6 cm)",111.7602,43.8151,The Cloisters,https://images.metmuseum.org/CRDImages/cl/original/DP102886.jpg
473058,2000.526.1,,Wall Painting of Male Saint,"12th century, modern restoration",Fresco,Overall: 9 7/16 x 9 5/16 x 1 5/8 in. (24 x 23.7 x 4.2 cm),24.0,23.7,Medieval Art,https://images.metmuseum.org/CRDImages/md/original/sf2000-526-1s1.jpg
473473,39.156.2,,Manuscript Leaf with Dedication of a Book to the Virgin,ca. 1400,Tempera on parchment,"Overall: 10 1/2 x 7 3/16 in. (26.7 x 18.3 cm)
Mat size: 18 x 14 in. (45.7 x 35.6 cm)",26.7,18.3,Medieval Art,https://images.metmuseum.org/CRDImages/md/original/sf39-156-2s1.jpg
473633,2001.633,,Manuscript Illumination with the Evangelist Luke,late 13th–early 14th century,Tempera and gold on parchment,5 13/16 x 4 1/16 in.  (14.7 x 10.3 cm),14.7,10.3,Medieval Art,https://images.metmuseum.org/CRDImages/md/original/DT5330.jpg
473801,06.1211.1–.9,Master of Roussillon,Retable with Scenes from the Life of Saint Andrew,ca. 1420–30,Tempera and gilding on panel,10 ft. 3 1/4 in. × 10 ft. 3 5/8 in. × 5 1/4 in. (313.1 × 314 × 13.3 cm),313.0556,314.0081,The Cloisters,https://images.metmuseum.org/CRDImages/cl/original/DP102922.jpg
474236,2001.730,,Illuminated Psalter,late 1100s,"Tempera, black ink and gold on parchment","8 1/8 x 5 7/8 x 2 in. (20.7 x 14.9 x 5.1 cm)
Other (Single MS leaf): 7 11/16 x 5 13/16 in. (19.5 x 14.7 cm)",20.7,14.9,Medieval Art,https://images.metmuseum.org/CRDImages/md/original/DT5343.jpg
474336,2008.352,,Portable Icon with the Virgin Eleousa,early 1300s,"Miniature mosaic set in wax on wood panel, with gold, multicolored stones, and gilded copper",Overall: 4 7/16 x 3 3/8 x 1/2 in. (11.2 x 8.6 x 1.3 cm),11.2,8.6,Medieval Art,https://images.metmuseum.org/CRDImages/md/original/DP-38912-001.jpg
476336,31.134.11,,Saint Jerome's Lives of the Fathers,1483,Printed on paper with one tempera and gold illumination; Binding: marbelized paper and bleached leather,Overall: 9 5/8 x 7 x 2 11/16 in. (24.5 x 17.8 x 6.8 cm),24.5,17.8,Medieval Art,https://images.metmuseum.org/CRDImages/md/original/Medclois-6s6.jpg
476562,2004.564,Jean Bourdichon,Manuscript Leaf with the Annunciation from a Book of Hours,ca. 1485–90,Tempera and shell gold on parchment,"Overall: 3 3/4 x 2 3/8 in. (9.6 x 6 cm)
mat size: 11 7/8 x 11 in. (30.2 x 27.9 cm)
collectors mark in lower right corner : 3/16 x 3/16 in. (0.5 x 0.5 cm)",9.6,6.0,Medieval Art,https://images.metmuseum.org/CRDImages/md/original/tr626-2004s1.jpg
476566,2006.250,Pacino di Bonaguida,"Manuscript Leaf with the Martyrdom of Saint Bartholomew, from a Laudario",ca. 1340,"Tempera, gold, and ink on parchment","Overall: 18 1/2 x 13 3/4 in. (47 x 35 cm)
Mat size: 27 7/8 x 22 in. (70.8 x 55.9 cm)
Illumination: 6 15/16 x 8 1/16 in. (17.7 x 20.5 cm)",47.0,35.0,The Cloisters,https://images.metmuseum.org/CRDImages/cl/original/DP148560.jpg
477838,2007.236,Niccolò di Giacomo da Bologna,"Manuscript Illumination with the Martyrdom of Saint Stephen in an Initial E, from a Gradual",ca. 1394–1402,"Tempera, gold, and ink on parchment","Overall: 7 1/2 x 6 15/16 in. (19 x 17.6 cm)
Mat size: 19 1/4 x 14 1/4 in. (48.9 x 36.2 cm)",19.0,17.6,Medieval Art,https://images.metmuseum.org/CRDImages/md/original/DP162199.jpg
478665,2010.108,,Four Gospels in Armenian,1434/35,Tempera and gold on paper; stamped leather binding,Overall: 11 1/16 x 7 5/8 x 3 3/8 in. (28.1 x 19.4 x 8.5 cm),28.1,19.4,Medieval Art,https://images.metmuseum.org/CRDImages/md/original/DP228809.jpg
478979,2010.10,,Manuscript Leaf with Saint Christopher Bearing Christ,early 14th century,Tempera and gold on parchment,"Overall: 5 7/16 x 3 11/16 in. (13.8 x 9.3 cm)
Overall (illumination): 5 1/16 x 3 1/4 in. (12.9 x 8.3 cm)
verso: 28 ruled line in light brown ink (no text): 4 5/8 x 3 5/16 in. (11.8 x 8.4 cm)",13.8,9.3,Medieval Art,https://images.metmuseum.org/CRDImages/md/original/DP228473.jpg
479681,48.105.4,,Saint Michael,2nd–6th century CE,Tempera on paper,"Overall: 17 1/16 x 7 1/8 in. (43.3 x 18.1 cm)
Framed: 18 5/8 x 8 5/8 x 7/8 in. (47.3 x 21.9 x 2.2 cm)",43.338837,18.097536,Medieval Art,https://images.metmuseum.org/CRDImages/md/original/sf48-105-4s1.jpg
479791,2013.272,,Saints Procopius and Adalbert,ca. 1340–50,Tempera and gold leaf on panel,Overall: 8 3/16 × 6 3/8 × 9/16 in. (20.8 × 16.2 × 1.5 cm),16.2,,The Cloisters,https://images.metmuseum.org/CRDImages/cl/original/DP317181.jpg
479796,2013.980a–d,,"Four Icons from a Pair of Doors (Panels), possibly part of a Polyptych: John the Theologian and Prochoros, the Baptism (Epiphany), Harrowing of Hell (Anastasis), and Saint Nicholas",early 15th century,Tempera and gold on wood,"Overall ((a) St John and Prochoros on Patmos): 10 1/16 × 7 3/8 × 3/8 in. (25.5 × 18.8 × 0.9 cm)
Overall ((b) Baptism): 10 5/16 × 7 3/8 × 3/8 in. (26.2 × 18.7 × 0.9 cm)
Overall ((c) Anastasis): 10 5/16 × 7 1/4 × 3/8 in. (26.2 × 18.4 × 0.9 cm)
Overall ((d) St. Nicholas): 10 13/16 × 7 3/8 × 5/16 in. (27.4 × 18.8 × 0.8 cm)",25.5,18.8,Medieval Art,https://images.metmuseum.org/CRDImages/md/original/DP-14093-001.jpg
482591,1982.514,Christopher Dresser,Toast or letter rack,1881,Electroplated silver,"4 3/4 × 6 1/2 × 3 11/16 in., 0.7 lb. (12.1 × 16.5 × 9.4 cm, 0.3 kg)",12.1,16.5,Modern and Contemporary Art,https://images.metmuseum.org/CRDImages/ma/original/LC-1982_514-overall-20240326-01.jpg
483438,1984.433.298ab,Egon Schiele,Self-Portrait,1911,"Watercolor, graphite, and gouache on paper",20 1/4 x 13 3/4 in. (51.4 x 34.9 cm),51.4,34.9,Modern and Contemporary Art,https://images.metmuseum.org/CRDImages/ma/original/DP279450.jpg
483458,1984.433.315ab,Egon Schiele,Standing Nude with Orange Drapery (recto): Study of Nude with Arms Raised (verso),1914,"Watercolor, gouache, and graphite on paper",18 3/8 × 12 in. (46.7 × 30.5 cm),46.672592,30.5,Modern and Contemporary Art,https://images.metmuseum.org/CRDImages/ma/original/DP-13960-001.jpg
485551,1990.38.4,Umberto Boccioni,Self-Portrait,1905,Oil on canvas,21 1/2 × 27 5/8 in. (54.6 × 70.2 cm),54.610107,70.16764,Modern and Contemporary Art,https://images.metmuseum.org/CRDImages/ma/original/LC-1990_38_4-overall-20240701-01.jpg
485728,1991.179,Egon Schiele,Two Women Embracing,1913,"Gouache, watercolor, and graphite on paper",19 × 12 1/2 in. (48.3 × 31.8 cm),48.260098,31.8,Modern and Contemporary Art,https://images.metmuseum.org/CRDImages/ma/original/DT6691.jpg
487688,31.117,Kenneth Hayes Miller,The Fitting Room,1931,"Oil and tempera on canvas, mounted on Masonite",28 x 34 in. (71.1 x 86.4 cm),71.1,86.4,Modern and Contemporary Art,https://images.metmuseum.org/CRDImages/ma/original/DT259032.jpg
488127,43.47.11,Reginald Wilson,Country Store,ca. 1939,Gouache and watercolor on board,14 7/8 in. × 20 in. (37.8 × 50.8 cm),37.8,50.8,Modern and Contemporary Art,https://images.metmuseum.org/CRDImages/ma/original/LC-43_47_11-overall-20231218-01.jpg
488146,43.47.6,Joseph De Martini,Docks on Sunday,ca. 1941,Oil on canvas,24 x 30 in. (61 x 76.2 cm),61.0,76.2,Modern and Contemporary Art,https://images.metmuseum.org/CRDImages/ma/original/43.47.6 - color.jpg
48881,14.76.45,Hokuga,Monkey Showman and Porter(?) in the Snow,19th century,Hanging scroll; ink and color on silk,"Image: 12 13/16 × 22 5/8 in. (32.5 × 57.5 cm)
Overall with mounting: 50 1/8 × 28 3/8 in. (127.3 × 72 cm)
Overall with knobs: 50 1/8 × 30 9/16 in. (127.3 × 77.6 cm)",32.5,57.5,Asian Art,https://images.metmuseum.org/CRDImages/as/original/DP-24847-002.jpg
488903,56.184.2,Amedeo Modigliani,Jeanne Hébuterne,1919,Oil on canvas,36 × 28 3/4 in. (91.4 × 73 cm),91.4,73.0,Modern and Contemporary Art,https://images.metmuseum.org/CRDImages/ma/original/DT2180.jpg
488927,56.4,Amedeo Modigliani,The Italian Woman,ca. 1918–19,Oil on canvas,40 3/8 × 26 3/8 in. (102.6 × 67 cm),102.87021,67.310135,Modern and Contemporary Art,https://images.metmuseum.org/CRDImages/ma/original/DT1438.jpg
48898,14.76.46,Suga Mitsusada,Pleasure Quarters,18th–19th century,Hanging scroll; ink and color on silk,40 x 12 3/16 in. (101.6 x 30.9 cm),101.6,30.9,Asian Art,https://images.metmuseum.org/CRDImages/as/original/14_76_46_23436.jpg
48901,1980.80,Qian Gu,Gathering at the Orchid Pavilion,1560,Handscroll; ink and color on paper,"Image: 9 1/2 x 171 1/2 in. (24.1 x 435.6 cm)
Overall with mounting: 9 3/4 x 491 3/8 in. (24.8 x 1248.1 cm)",24.13,435.6109,Asian Art,https://images.metmuseum.org/CRDImages/as/original/DP204430_CRD.jpg
489102,60.118,Amedeo Modigliani,Girl in a Sailor's Blouse,1918,Oil on canvas,25 3/4 × 18 1/4 in. (65.4 × 46.4 cm),65.40513,46.4,Modern and Contemporary Art,https://images.metmuseum.org/CRDImages/ma/original/CT_2860.jpg
48911,52.160.5,Nishikawa Sukenobu,Three Girls Having Tea,19th century,Hanging scroll; ink and color on silk,21 1/2 x 25 in. (54.6 x 63.5 cm),54.6,63.5,Asian Art,https://images.metmuseum.org/CRDImages/as/original/DP-41812-002.jpg
48937,51.39.2,Unidentified artist,Portrait of a Gentleman,late 16th–early 17th century,Hanging scroll; ink and color on silk,58 3/4 x 34 7/8 in. (149.2 x 88.6 cm),149.2,88.6,Asian Art,https://images.metmuseum.org/CRDImages/as/original/51_39_2_149650.JPG
48939,51.39.4,Unidentified artist,Portrait of a Gentleman,16th or 17th century,Hanging scroll; ink and color on silk,56 7/8 x 35 1/8 in. (144.5 x 89.2 cm),144.5,89.2,Asian Art,https://images.metmuseum.org/CRDImages/as/original/DP-35725-002.jpg
48946,2001.746.1,Zhang Feng,Plucking Chrysanthemums,dated 1658,Hanging scroll; ink on paper,"Image: 32 1/2 x 12 in. (82.6 x 30.5 cm)
Overall with mounting: 70 1/2 x 17 3/8 in. (179.1 x 44.1 cm)
Overall with knobs: 70 1/2 x 21 in. (179.1 x 53.3 cm)",82.5502,30.4801,Asian Art,https://images.metmuseum.org/CRDImages/as/original/DP-21613-002.jpg
48947,1985.335,Wang Shanggong,Paragons of Loyalty and Filial Piety,1593,Handscroll; ink on paper,"Image: 11 1/8 in. x 14 ft. 8 3/4 in. (28.3 x 448.9 cm)
Overall with mounting: 12 1/4 in. x 38 ft. 1 15/16 in. (31.1 x 1163.2 cm)",28.2576,448.9459,Asian Art,https://images.metmuseum.org/CRDImages/as/original/DP204868_CRD.jpg
48948,1986.266.4,Wu Bin,The Sixteen Luohans,dated 1591,Handscroll; ink and color on paper,"Image: 12 5/8 x 163 9/16 in. (32.1 x 415.4 cm)
Overall with mounting: 13 1/4 x 398 1/16 in. (33.7 x 1011.1 cm)",32.0676,415.4496,Asian Art,https://images.metmuseum.org/CRDImages/as/original/DP153754.jpg
49082,29.100.528,Miwa Zaiei,Chinese Portrait Painter,18th century,"Two-panel folding screen; ink, color, and gold on paper",40 x 49 1/4 in. (101.6 x 125.1 cm),101.6,125.1,Asian Art,https://images.metmuseum.org/CRDImages/as/original/DP-27191-001.jpg
49096,1975.268.144,,Ōtsu-e of Uhō Dōji,17th century,Hanging scroll; ink and color on paper,"Image: 13 3/8 x 7 1/2 in. (34 x 19.1 cm)
Overall: 22 1/8 x 11 7/16in. (56.2 x 29.1 cm)",34.0,19.1,Asian Art,https://images.metmuseum.org/CRDImages/as/original/LC-1975_268_144_cc-002.jpg
49101,42.61,Unidentified artist,In the Palace,early 20th century,Handscroll; ink and color on paper,10 3/16 in. × 18 ft. 15/16 in. (25.8 × 551 cm),25.8,551.0,Asian Art,https://images.metmuseum.org/CRDImages/as/original/DP232097_CRD.jpg
49104,29.100.444,Ogawa Haritsu (Ritsuō),Noh Mask of a Demoness (Hannya),18th century,"Matted painting; color on papier mache in relief, against a paper background",Diam. 10 3/4 in. (27.3 cm),103.0,,Asian Art,https://images.metmuseum.org/CRDImages/as/original/29_100_444_tms.JPG
49105,29.100.445,Ogawa Haritsu (Ritsuō),Noh Mask of an Old Man (Asakurajō),18th century,"Matted painting; color on papier-mâché in relief, against a paper background",Diam. 10 3/4 in. (27.3 cm),103.0,,Asian Art,https://images.metmuseum.org/CRDImages/as/original/29_100_445_tms.JPG
49170,1985.227.1,Shitao (Zhu Ruoji),The Sixteen Luohans,dated 1667,Handscroll; ink on paper,"Image: 18 1/4 in. × 19 ft. 7 3/4 in. (46.4 × 598.8 cm)
Overall with mounting: 22 5/16 in. × 74 ft. 7 in. (56.7 × 2273.3 cm)",46.3551,598.8062,Asian Art,https://images.metmuseum.org/CRDImages/as/original/DP153677.jpg
49249,1986.206,Unidentified artist,Portrait of the imperial guard Zhanyinbao,dated 1760,Hanging scroll; ink and color on silk,"Painting and inscription: 74 1/4 x 37 7/16 in. (188.6 x 95.1 cm)
Overall with mounting: 130 1/2 x 46 3/8 in. (331.5 x 117.8 cm)
Overall with knobs: 130 1/2 x 50 1/4 in. (331.5 x 127.6 cm)",153.6703,94.9327,Asian Art,https://images.metmuseum.org/CRDImages/as/original/DT8324.jpg
49252,47.81.2,Unidentified artist,Portraits of Emperors of Successive Dynasties,early 20th century (?),Album of twenty leaves; ink and color on silk,11 1/8 x 8 3/4 in. (28.3 x 22.2 cm),28.3,22.2,Asian Art,https://images.metmuseum.org/CRDImages/as/original/DP160932.jpg
49453,1986.267.30,Wang Yuan,Portrait of Zhao Zhiqian,dated 1871,Hanging scroll; ink and color on paper,41 3/4 x 13 1/4 in. (106 x 33.7 cm),106.0,33.7,Asian Art,https://images.metmuseum.org/CRDImages/as/original/DP-25530-002.jpg
49459,1986.267.42,Ju Chao,Bird,,Folding fan mounted as an album leaf; ink and color on gold-flecked  paper,7 x 20 7/8 in. (17.8 x 53 cm),17.8,53.0,Asian Art,https://images.metmuseum.org/CRDImages/as/original/DP161408.jpg
49476,1986.267.80,Qian Huian,Woman in a garden,dated 1876,Folding fan mounted as an album leaf; ink and color on alum paper,7 1/4 x 21 in. (18.4 x 53.3 cm),18.4,53.3,Asian Art,https://images.metmuseum.org/CRDImages/as/original/DP162537.jpg
49570,47.18.132,,Bodhisattva,9th–10th century,Water-based pigment on mud plaster,14 1/2 x 13 in. (36.8 x 33 cm),36.8,33.0,Asian Art,https://images.metmuseum.org/CRDImages/as/original/47_18_132.JPG
49574,51.94.7,,Buddha with Two Disciples,ca. 6th–7th century,Pigments on mud plaster,9 1/8 x 10 1/2 in. (23.2 x 26.7 cm),23.2,26.7,Asian Art,https://images.metmuseum.org/CRDImages/as/original/DP360994.jpg
49960,1999.195,Unidentified artist,Banquet Scene,,Fragment from a wall hanging; ink on silk,14 5/8 x 26 in. (37.1 x 66 cm),37.1,66.0,Asian Art,https://images.metmuseum.org/CRDImages/as/original/1999_195_O1.jpg
501791,89.4.1224a-b,Unknown,Clavicytherium,early 17th century,Wood and various materials,"D. 32.5 cm 
W. 70.5 cm 
H. 170.0 plus stand (73.0) = 243.0 cm,",243.0,70.5,Musical Instruments,https://images.metmuseum.org/CRDImages/mi/original/D2268 89.4.1224 open.jpg
504134,2005.282,Ron Fasand,Woman with an Accordion daguerreotype,1840s,Daguerreotype,"H. 12.06 cm (4 3/4 in.), W. 8.25 cm (3 1/4 in.)",12.06,8.25,Musical Instruments,https://images.metmuseum.org/CRDImages/mi/original/DP224724.jpg
505722,2007.442,Guillaume Voiriot,Portrait of Monsieur Aublet,ca. 1782,Oil on canvas,50 3/4 × 38 1/4 in. (128.9 × 97.2 cm),128.9,97.2,Musical Instruments,https://images.metmuseum.org/CRDImages/mi/original/DP-12444-001.jpg
506073,1990.289.1,,Musician playing Guqin (古琴 ),late 18th century,Gouache on paper,Overall: 43.2 x 35.6 x 1.3cm (17 x 14 x 1/2in.),43.1801,35.5601,Musical Instruments,https://images.metmuseum.org/CRDImages/mi/original/DP211142.jpg
50771,57.70.4,Kawanabe Kyōsai 河鍋暁斎,Urashima Tarō Riding on a Tortoise,after 1888,Hanging scroll; ink and color on silk,38 7/8 x 14 1/4 in. (98.7 x 36.2 cm),98.7,36.2,Asian Art,https://images.metmuseum.org/CRDImages/as/original/DP-37455-002.jpg
50939,1999.148,,"Vasant Ragini, Page from a Ragamala Series (Garland of Musical Modes)",early 17th century,"Ink, opaque watercolor, and gold on paper",9 13/16 x 7 7/8 in. (24.9 x 20 cm),24.9,20.0,Asian Art,https://images.metmuseum.org/CRDImages/as/original/DP153182.jpg
51286,13.62a–d,,Lady Su Hui and Her Verse Puzzle,,Handscroll; ink and color on silk,Image: 11 7/8 in. × 20 ft. (30.2 × 609.6 cm),30.2,609.6,Asian Art,https://images.metmuseum.org/CRDImages/as/original/DP214774_CRD.jpg
51291,13.100.23,Unidentified artist,"The Immortal, Zhong li",,Hanging scroll; ink and color on paper,45 x 17 3/4 in. (114.3 x 45.1 cm),114.3,45.1,Asian Art,https://images.metmuseum.org/CRDImages/as/original/13_100_23_O.jpg
51366,13.100.35,Unidentified artist,Brocade Hall,,Handscroll; ink and color on silk,11 7/8 x 97 in. (30.2 x 246.4 cm),30.2,246.4,Asian Art,https://images.metmuseum.org/CRDImages/as/original/DP165727_CRD.jpg
51416,13.220.2,Unidentified artist,Women and children in a garden,,Handscroll; ink and color on silk,16 1/8 in. × 10 ft. 1 in. (41 × 307.3 cm),41.0,307.3,Asian Art,https://images.metmuseum.org/CRDImages/as/original/DP215053_CRD.jpg
51418,13.220.4,Unidentified artist,Judging a Horse,,Handscroll; ink and color on silk,12 x 40 1/2 in. (30.5 x 102.9 cm),30.5,102.9,Asian Art,https://images.metmuseum.org/CRDImages/as/original/DP165831_CRD.jpg
51423,13.220.12,Unidentified artist,"Shakyamuni with luohan, heavenly king, and boys",early 17th century,Hanging scroll; ink and color on silk,"Image: 41 1/2 x 19 1/2 in. (105.4 x 49.5 cm)
Overall with mounting: 105 1/2 x 26 in. (268 x 66 cm)
Overall with knobs: 105 1/2 x 31 in. (268 x 78.7 cm)",105.41021,49.530098,Asian Art,https://images.metmuseum.org/CRDImages/as/original/DP-18086-002.jpg
51427,13.220.19,Unidentified artist,The Three Scholars,,Hanging scroll; ink on paper,33 1/8 x 18 5/8 in. (84.1 x 47.3 cm),84.1,47.3,Asian Art,https://images.metmuseum.org/CRDImages/as/original/13_220_19_O.jpg
51428,13.220.20,Unidentified artist,Luohan,,Hanging scroll; ink and color on silk,21 1/2 x 13 3/4 in. (54.6 x 34.9 cm),54.6,34.9,Asian Art,https://images.metmuseum.org/CRDImages/as/original/13_220_20_O.jpg
51478,13.220.25,Unidentified artist,Girl Bringing Jar of Wine,18th century,Hanging scroll; ink and color on silk,58 x 25 3/4 in. (147.3 x 65.4 cm),147.3,65.4,Asian Art,https://images.metmuseum.org/CRDImages/as/original/DP163181.jpg
51487,13.220.89,Unidentified artist,Copy of Tang Ming Huang Instructing the Prince,,Handscroll; ink and color on silk,12 3/8 x 42 3/4 in. (31.4 x 108.6 cm),31.4,108.6,Asian Art,https://images.metmuseum.org/CRDImages/as/original/DP166183_CRD.jpg
51495,13.220.99a,Unidentified artist,Washing a Horse,,Album leaf; ink on silk,11 13/16 x 16 in. (30 x 40.6 cm),30.0,40.6,Asian Art,https://images.metmuseum.org/CRDImages/as/original/DP154409.jpg
51496,13.220.99c,Unidentified artist,Flower Vendor,,Album leaf; ink and color on silk,9 5/8 x 7 3/4 in. (24.4 x 19.7 cm),24.4,19.7,Asian Art,https://images.metmuseum.org/CRDImages/as/original/DP153525.jpg
51501,13.220.99h,Unidentified artist,Water Buffalo,,Album leaf; ink and color on silk,9 1/2 x 11 1/2 in. (24.1 x 29.2 cm),24.1,29.2,Asian Art,https://images.metmuseum.org/CRDImages/as/original/DP154414.jpg
51504,13.220.99j,Unidentified artist,Sage Floating on Lotus Leaf,,Album leaf; ink on silk,11 x 8 5/8 in. (27.9 x 21.9 cm),27.9,21.9,Asian Art,https://images.metmuseum.org/CRDImages/as/original/DP154402.jpg
51505,13.220.100a–l,Yi Yuanji,Twelve Designs for Circular Mirror,,Set of twelve album leaves; ink and color on silk,Each: 11 1/2 x 10 5/8 in. (29.2 x 27 cm),29.2,27.0,Asian Art,https://images.metmuseum.org/CRDImages/as/original/DP156843.jpg
51514,13.220.125,Unidentified artist,Family Training,,Ten panels mounted as a handscroll; ink and color on silk,"Image (each panel, approx.): 13 3/8 × 16 1/4 in. (34 × 41.3 cm)",33.97257,42.545086,Asian Art,https://images.metmuseum.org/CRDImages/as/original/DP216154_CRD.jpg
51518,13.220.130a–j,Unidentified artist,Procession of Arhats,,Album of ten leaves; ink on silk,(a): 11 7/8 x 20 in. (30.2 x 50.8 cm); (b): 11 x 10 in. (27.9 x 25.4 cm); (c): 11 3/4 x 16 1/4 in. (29.8 x 41.3 cm); (d) 11 7/8 x 14 5/8 in. (30.2 x 37.1 cm); (e) 11 7/8 x 21 3/8 in. (30.2 x 54.3 cm); (f) 11 7/8 x 17 3/4 in. (30.2 x 45.1 cm); (g) 11 7/8 x 14 1/2 in. (30.2 x 36.8 cm); (h) 11 3/4 x 11 1/8 in. (29.8 x 28.3 cm); (i) 11 7/8 x 12 3/4 in. (30.2 x 32.4 cm); (j) 11 7/8 x 14 1/8 in. (30.2 x 35.9 cm),30.2,35.9,Asian Art,https://images.metmuseum.org/CRDImages/as/original/DP156815.jpg
51519,13.220.131a–j,Unidentified artist,Ten Paintings of Luohans,,Album of ten leaves; ink and color on silk,Each painting: 11 1/4 x 11 1/2 in. (28.6 x 29.2 cm),28.6,29.2,Asian Art,https://images.metmuseum.org/CRDImages/as/original/DP159127.jpg
51521,14.76.2,Unidentified artist,Mincho Gama Sennin,,Hanging scroll; color on paper,46 3/4 x 24 1/8 in. (118.7 x 61.3 cm),118.7,61.3,Asian Art,https://images.metmuseum.org/CRDImages/as/original/DP-32421-002.jpg
51524,18.25.1,Unidentified artist,Buddhist luohans crossing the sea to the palace of the dragon king,late 16th–early 17th century,Handscroll; ink on silk,11 3/8 × 58 in. (28.9 × 147.3 cm),28.9,147.3,Asian Art,https://images.metmuseum.org/CRDImages/as/original/DP166191_CRD.jpg
51526,18.124.1,Unidentified artist,The Five Rulers at the New Year's Reception,,Handscroll; ink and color on silk,20 1/2 in. × 16 ft. 3 15/16 in. (52.1 × 497.7 cm),52.1,497.7,Asian Art,https://images.metmuseum.org/CRDImages/as/original/DP201188_CRD.jpg
51533,19.149,Unidentified artist,The Eight Drunkards,,Handscroll; ink and color on silk,8 1/2 x 92 in. (21.6 x 233.7 cm),21.6,233.7,Asian Art,https://images.metmuseum.org/CRDImages/as/original/DP200456_CRD.jpg
51537,21.18,Unidentified artist,Five Rulers at New Year's Reception,,Handscroll; ink and color on silk,20 1/2 x 75 3/4 in. (52.1 x 192.4 cm),52.1,192.4,Asian Art,https://images.metmuseum.org/CRDImages/as/original/DP200891_CRD.jpg
51540,23.33.1,Unidentified artist,An Emperor with Two Ladies,,Album leaf; ink and color on silk,7 1/8 x 8 7/8 in. (18.1 x 22.5 cm),18.1,22.5,Asian Art,https://images.metmuseum.org/CRDImages/as/original/DP154403.jpg
51544,23.53,Unidentified artist,Xiao Yi Obtaining the Lanting Manuscript from the Monk Biancai,,Handscroll; ink and color on silk,10 5/8 × 34 1/2 in. (27 × 87.6 cm),27.0,87.6,Asian Art,https://images.metmuseum.org/CRDImages/as/original/DP166321_CRD_sf.jpg
51548,24.44,Gong Kai,Merry Gatherings in the Magic Jar,,Handscroll; ink on paper,11 3/4 in. × 14 ft. 2 in. (29.8 × 431.8 cm),29.8,431.8,Asian Art,https://images.metmuseum.org/CRDImages/as/original/DP-13993-008_crd.jpg
51555,27.63,Unidentified artist,The Thousand Buddha Grotto,dated 690–691,Ink and color on paper,Image: 27 3/4 x 20 3/8 in. (70.5 x 51.8 cm),70.48514,51.7526,Asian Art,https://images.metmuseum.org/CRDImages/as/original/DP-32401-001.jpg
51556,27.70,Unidentified artist,Part of a Buddhistic Sutra,dated 797,Handscroll; ink and color on paper,11 1/2 x 52 1/2 in. (29.2 x 133.4 cm),29.2,133.4,Asian Art,https://images.metmuseum.org/CRDImages/as/original/DP215378_CRD.jpg
51559,29.100.443,Unidentified artist,Lady with Scroll,,Hanging scroll; color on silk,"Image: 47 3/4 × 18 1/4 in. (121.3 × 46.4 cm)
Overall with mounting: 84 × 24 1/4 in. (213.4 × 61.6 cm)
Overall with knobs: 84 × 26 1/2 in. (213.4 × 67.3 cm)",121.28524,46.35509,Asian Art,https://images.metmuseum.org/CRDImages/as/original/29_100_443.JPG
51562,29.100.467,Unidentified artist,Luohans and Attendants,,Hanging scroll; ink and color on silk,"Overall: 55 3/16 x 31 3/16 in. (140.2 x 79.2 cm)
Overall with mounting: 99 1/8 x 37 7/8 in. (251.8 x 96.2 cm)
Overall with knobs: 99 1/8 x 40 5/8 in. (251.8 x 103.2 cm)",140.17653,79.21641,Asian Art,https://images.metmuseum.org/CRDImages/as/original/DP-41354-002.jpg
51563,29.100.468,Unidentified artist,Horsemen with Dog,,Painting; ink and color on silk,Image: 10 × 23 in. (25.4 × 58.4 cm),25.400051,58.420116,Asian Art,https://images.metmuseum.org/CRDImages/as/original/DP156814.jpg
51566,29.100.480,Unidentified artist,The Orchid Pavilion,,Handscroll; ink on silk,13 1/8 in. × 11 ft. 5 in. (33.3 × 348 cm),33.3,348.0,Asian Art,https://images.metmuseum.org/CRDImages/as/original/DP201244_CRD.jpg
51567,29.100.481,Unidentified artist,Washing Horses in a River,dated 1309,Handscroll; ink and color on silk,15 3/8 in. × 13 ft. 2 1/2 in. (39.1 × 402.6 cm),39.1,402.6,Asian Art,https://images.metmuseum.org/CRDImages/as/original/DP200868_CRD.jpg
51569,29.100.521,Unidentified artist,A Beauty,,Hanging scroll; ink and color on silk,23 1/8 x 30 in. (58.7 x 76.2 cm),58.7,76.2,Asian Art,https://images.metmuseum.org/CRDImages/as/original/29_100_521_O3.jpg
51583,31.96.8,,Cake Vendor,early 20th century,Leaf; color on rice paper,3 5/8 x 2 5/16 in. (9.2 x 5.9 cm),9.2,5.9,Asian Art,https://images.metmuseum.org/CRDImages/as/original/DP-32402-001.jpg
51585,38.31.1,Unidentified artist,Canonization scroll of Li Zhong,colophon dated 1641,"Handscroll; ink color, and gold on silk","Image: 19 in. × 30 ft. 3/4 in. (48.3 × 916.3 cm)
Overall with mounting: 19 in. × 34 ft. 1 in. (48.3 × 1038.9 cm)",48.3,916.3,Asian Art,https://images.metmuseum.org/CRDImages/as/original/DP200661_CRD.jpg
51590,42.68.2,Unidentified artist,The Hundred Sons,,Handscroll; ink and color on silk,9 3/4 x 101 1/2 in. (24.8 x 257.8 cm),24.8,257.8,Asian Art,https://images.metmuseum.org/CRDImages/as/original/DP200562_CRD.jpg
51594,42.141.20,Unidentified artist,Portrait of a Member of the Family (?) of Emperor Tongzhi (1862–74),19th century,Hanging scroll; ink and color on silk,"Image: 79 7/8 × 37 3/4 in. (202.9 × 95.9 cm)
Overall with mounting: 99 x 42 5/8 in. (251.5 x 108.3 cm)
Overall with knobs: 8 3 × 46 1/4 in. (251.5 × 117.5 cm)",202.8829,95.88519,Asian Art,https://images.metmuseum.org/CRDImages/as/original/DP-32883-002.jpg
51595,42.150.1,Unidentified artist,Conference of Six States in the Warring States Period (ca. 481–221 B.C.),,Framed painting; color on glass,21 1/2 x 31 1/2 in. (54.6 x 80cm),54.6,80.0,Asian Art,https://images.metmuseum.org/CRDImages/as/original/42_150_1.jpg
51611,42.200.10,Unidentified artist,Two Ladies in Foreground of Landscape,,Miniature from album of eleven paintings; ink and color on silk,5 x 6 3/4 in. (12.7 x 17.1 cm),12.7,17.1,Asian Art,https://images.metmuseum.org/CRDImages/as/original/DP154481.jpg
51622,45.97.10,Unidentified artist,Procession,late 19th century,Handscroll; ink and color on silk,9 3/4 x 25 1/2 in. (24.8 x 64.8 cm),24.8,64.8,Asian Art,https://images.metmuseum.org/CRDImages/as/original/DP200529_CRD.jpg
51643,47.18.12,Unidentified artist,Merry Gatherings in the Magic Jar,,Handscroll; ink on paper,Image: 11 1/2 in. × 12 ft. 3 3/8 in. (29.2 × 374.4 cm),29.2,374.4,Asian Art,https://images.metmuseum.org/CRDImages/as/original/DP202137_CRD.jpg
51653,47.18.26a–h,Unidentified artist,Eight Buddhist Paintings,,Eight leaves; ink and color on paper,"Image (a): 10 3/4 x 7 1/2 in. (27.3 x 19.1 cm)
Image (b): 30 x 21 in. (76.2 x 53.3 cm); Framed (b): 35 × 25 3/4 in. (88.9 × 65.4 cm)
Image (c): 7 1/4 x 5 1/2 in. (18.4 x 14 cm)
Image (d): 10 3/16 x 7 7/8 in. (25.9 x 20 cm)
Image (e): 12 3/4 x 8 5/16 in. (32.4 x 21.1 cm)
Image (f): 13 7/8 x 10 3/4 in. (35.2 x 27.3 cm)
Image (g): 10 7/8 x 7 1/2 in. (27.6 x 19.1 cm)
Image (h): 13 1/8 x 11 1/2 in. (33.3 x 29.2 cm)",33.3376,29.2101,Asian Art,https://images.metmuseum.org/CRDImages/as/original/DP159111.jpg
51661,47.18.39,Unidentified artist,School Scene,,Fan mounted as an album leaf; ink and color on silk,10 7/8 x 10 3/4 in. (27.6 x 27.3 cm),27.6,27.3,Asian Art,https://images.metmuseum.org/CRDImages/as/original/DP154399.jpg
51669,47.18.50,Unidentified artist,Family Visit,,Handscroll; ink and color on paper,12 1/2 x 107 3/4 in. (31.8 x 273.7 cm),31.8,273.7,Asian Art,https://images.metmuseum.org/CRDImages/as/original/DP202623_CRD.jpg
51680,47.18.65,Unidentified artist,Tartar Officer with Blond Lady Playing Musical Instruments,19th century,Album leaf; ink and color on silk,10 1/2 x 10 7/16 in. (26.7 x 26.5 cm),26.7,26.5,Asian Art,https://images.metmuseum.org/CRDImages/as/original/DP159073.jpg
51681,47.18.66,Unidentified artist,Tartar Officer Courting Blond Lady,,Album leaf; ink and color on silk,10 5/8 x 10 1/2 in. (27.0 x 26.7 cm),27.0,26.7,Asian Art,https://images.metmuseum.org/CRDImages/as/original/DP159074.jpg
51684,47.18.69,Unidentified artist,Tartar Officer with Blond Lady,,Album leaf; ink and color on silk,10 5/8 x 10 3/4 in. (27 x 27.3 cm),27.0,27.3,Asian Art,https://images.metmuseum.org/CRDImages/as/original/DP159075.jpg
51686,47.18.71,Unidentified artist,Tartar Officer Carrying Blond Lady,19th century,Album leaf; ink and color on silk,10 5/8 x 10 15/16 in. (27.0 x 27.8 cm),27.0,27.8,Asian Art,https://images.metmuseum.org/CRDImages/as/original/DP159076.jpg
51692,47.18.78,Tong Rênyi,Daoist Riding Horned Animal,,Album leaf; ink and color on silk,12 1/2 x 8 3/4 in. (31.8 x 22.2 cm),31.8,22.2,Asian Art,https://images.metmuseum.org/CRDImages/as/original/DP153549.jpg
51697,47.18.85,Unidentified artist,Scholars and Monkeys under Trees,,Handscroll; ink on silk,9 1/2 x 63 5/8 in. (24.1 x 161.6 cm),24.1,161.6,Asian Art,https://images.metmuseum.org/CRDImages/as/original/DP202506_CRD.jpg
51702,47.18.90,Unidentified artist,Three Bust Portraits of Tang and Song Officials,,"Handscroll; (1) ink and color on paper; (2,3) ink and color on silk",".1) 12 1/4 x 7 5/8 in. (31.1 x 19.4 cm) 
.2) 11 5/16 x 7 7/8 in. (28.7 x 20 cm) 
.3) 11 3/4 x 6 5/8 in. (29.8 x 16.8 cm)",29.8,16.8,Asian Art,https://images.metmuseum.org/CRDImages/as/original/DP202436_CRD.jpg
51704,47.18.92,Unidentified artist,Portrait of a Member and Record of the Wang Family,,"Handscroll; calligraphy, ink on paper; portrait, ink and color on paper",13 1/8 x 9 3/4 in. (33.3 x 24.8 cm),33.3,24.8,Asian Art,https://images.metmuseum.org/CRDImages/as/original/DP202705_CRD.jpg
51705,47.18.93,Unidentified artist,Horse and groom,16th century,Handscroll; ink and color on silk,"Image: 12 in. × 20 1/4 in. (30.5 × 51.4 cm)
Overall with mounting: 12 9/16 in. × 23 ft. 3/4 in. (31.9 × 702.9 cm)",30.5,51.435104,Asian Art,https://images.metmuseum.org/CRDImages/as/original/DP202661_CRD.jpg
51708,47.18.96,Unidentified artist,Washing the Sacred Elephant,,Handscroll; ink and color on silk,13 3/8 x 22 1/2 in. (34.0 x 57.2 cm),34.0,57.2,Asian Art,https://images.metmuseum.org/CRDImages/as/original/DP202689_CRD.jpg
51723,47.18.115,Unidentified artist,Happy Return from the West,,Handscroll; ink and color on silk,9 x 35 1/4 in. (22.9 x 89.5 cm),22.9,89.5,Asian Art,https://images.metmuseum.org/CRDImages/as/original/DP202571_CRD.jpg
51728,47.18.122,Unidentified artist,Two Ancestors of the Mao Family,,Handscroll; ink and color on paper,11 1/8 x 1 13/16 in. (28.3 x 4.6 cm),28.3,4.6,Asian Art,https://images.metmuseum.org/CRDImages/as/original/DP203092-93_CRD.jpg
51734,"47.18.131a, b",Unidentified artist,Two Buddhist Paintings,dated 670 (a) and 797 (b),Single leaf and single accordian-fold manuscript; ink and color on paper,"(a.) 22 1/2 x 16 5/8 in. (57.2 x 42.2 cm);
(b.) 11 1/2 x 52 1/4 in. (29.2 x 132.7 cm)",29.2,132.7,Asian Art,https://images.metmuseum.org/CRDImages/as/original/DP159123.jpg
51744,47.18.145,Unidentified artist,Emperor and Two Attendants,,Album leaf; ink and color on silk,10 x 5 15/16 in. (25.4 x 15.1 cm),25.4,15.1,Asian Art,https://images.metmuseum.org/CRDImages/as/original/DP154404.jpg
51749,47.135.1,Zhao Yong,Horsemanship demonstration,19th century,Handscroll; ink and color on silk,10 1/2 x 68 in. (26.7 x 172.7 cm),26.7,172.7,Asian Art,https://images.metmuseum.org/CRDImages/as/original/DP202786_CRD.jpg
5175,1983.20,,,ca. 1810,Painted watercolor and gouache on silk,19 x 24 1/4 in. (48.3 x 61.6 cm),48.3,61.5951,The American Wing,https://images.metmuseum.org/CRDImages/ad/original/APS1653.jpg
51750,47.135.2a–h,Unidentified artist,Tartar Officer with Blonde Lady,19th century,Eight album leaves; color on silk,"(a): 10 1/2 x 10 1/2 in. (26.7 x 26.7 cm) 
(b): 10 1/2 x 11 1/8 in. (26.7 x 28.3 cm)  
(c): 10 1/2 x 11 1/8 in. (26.7 x 28.3 cm) 
(d): 10 1/2 x 11 in. (26.7 x 27.9 cm) 
(e) 10 1/2 x 11 in. (26.7 x 27.9 cm)
(f) 10 1/2 x 11 in. (26.7 x 27.9 cm)
(g) 10 1/2 x 11 in. (26.7 x 27.9 cm)
(h) 10 1/2 x 11 in. (26.7 x 27.9 cm)",26.7,27.9,Asian Art,https://images.metmuseum.org/CRDImages/as/original/DP159072.jpg
51751,47.136.2,Unidentified artist,Buddhist Scroll: The Eighteen Luohans,,Handscroll; gold on black paper,10 1/2 x 151 1/4 in. (26.7 x 384.2 cm),26.7,384.2,Asian Art,https://images.metmuseum.org/CRDImages/as/original/DP202873_CRD.jpg
51758,48.162.3,Unidentified artist,Rakan,15th–16th century,"Hanging scroll; ink, color, gold, and cut gold on silk","Image: 36 1/4 × 14 7/8 in. (92.1 × 37.8 cm)
Overall with mounting: 70 3/8 × 22 in. (178.8 × 55.9 cm)
Overall with knobs: 70 3/8 × 24 in. (178.8 × 61 cm)",92.07519,37.782574,Asian Art,https://images.metmuseum.org/CRDImages/as/original/48_162_3_O2.jpg
51767,49.154.1,Unidentified artist,Spring Pictures,,Album leaf; ink and color on silk,10 1/8 x 8 13/16 in. (25.7 x 22.4 cm),25.7,22.4,Asian Art,https://images.metmuseum.org/CRDImages/as/original/DP159059.jpg
51771,51.106,Unidentified artist,Lady and Attendant,19th century,Hanging scroll; paint on paper,63 3/4 x 24 3/8 in. (161.9 x 61.9 cm),161.9,61.9,Asian Art,https://images.metmuseum.org/CRDImages/as/original/DP-41806-002.jpg
51780,52.177.5,Jiang Jun,Portrait of a Lady,19th century,Hanging scroll; ink and color on paper,36 3/8 x 17 1/2 in. (92.4 x 44.5 cm),92.4,44.5,Asian Art,https://images.metmuseum.org/CRDImages/as/original/DP-32938-002.jpg
51783,52.177.8,Jiang Yun,Portrait of a Man,19th century,Hanging scroll; ink and color on paper,39 1/2 x 23 1/2 in. (100.3 x 59.7 cm),100.3,59.7,Asian Art,https://images.metmuseum.org/CRDImages/as/original/DP-32941-003.jpg
51791,52.177.16,Unidentified artist,Two Ladies,18th century,Hanging scroll; ink and color on paper,49 x 21 9/16 in. (124.5 x 54.8 cm),124.5,54.8,Asian Art,https://images.metmuseum.org/CRDImages/as/original/DP-32999-002.jpg
51796,52.177.23,Meizhi,Old Man and Children,19th century,Hanging scroll; ink and color on silk,30 1/16 x 12 3/8 in. (76.4 x 31.4 cm),76.4,31.4,Asian Art,https://images.metmuseum.org/CRDImages/as/original/DP-33004-002.jpg
51797,52.177.24,Shen Zhenlin,Figure Painting,mid-19th century,Handscroll; ink and color on paper,18 1/4 x 43 in. (46.4 x 109.2 cm),46.4,109.2,Asian Art,https://images.metmuseum.org/CRDImages/as/original/DP203216_CRD.jpg
51798,52.198,Jiang Jun,Buddha Seated on Lotus Throne,,Hanging scroll; ink and color on silk,"34 x 18 7/8in. (86.4 x 47.9cm)
Image: 33 7/8 × 19 1/2 in. (86 × 49.5 cm)
Overall with mounting: 47 1/2 × 27 in. (120.7 × 68.6 cm)",86.04267,49.530098,Asian Art,https://images.metmuseum.org/CRDImages/as/original/52_198_O1_sf.jpg
51800,53.150,Qian Gong,Gathering at the Orchid Pavilion,dated 1607,Handscroll; ink on figured damask,13 1/2 x 182 1/4 in. (34.3 x 462.9 cm),34.3,462.9,Asian Art,https://images.metmuseum.org/CRDImages/as/original/DP203126_CRD.jpg
51809,55.15.1,Unidentified artist,Twenty-four Paragons of Filial Piety,19th century,"Album of fifty-one leaves of paintings and calligraphy; ink, wash and color on paper",13 3/4 x 9 5/9 in. (34.9 x 24.3 cm),34.9,24.3,Asian Art,https://images.metmuseum.org/CRDImages/as/original/DP159715_crd.jpg
51810,55.37,Unidentified artist,Twenty-five bust portraits of famous scholars,16th or 17th century,Handscroll; ink and color on paper,11 1/4 x 123 3/4 in. (28.6 x 314.3 cm),28.6,314.3,Asian Art,https://images.metmuseum.org/CRDImages/as/original/DP204105_CRD.jpg
51811,55.139.1,Unidentified artist,Using Muffle Stoves for the Firing of Porcelain in a Cantonese Workshop,ca. 1830,Watercolor on paper,15 1/8 x 19 1/4 in. (38.4 x 48.9 cm),38.4,48.9,Asian Art,https://images.metmuseum.org/CRDImages/as/original/DP-32411-001.jpg
51813,55.215,Unidentified artist,Portrait scroll of seven generations of the same family,18th or 19th century,Handscroll; ink and color on silk,13 x 175 3/8 in. (33 x 445.5 cm),33.0,445.5,Asian Art,https://images.metmuseum.org/CRDImages/as/original/DP204032_CRD.jpg
51823,57.109a–q,Unidentified artist,Collection of Paintings showing Military Officials,,Set of seventeen paintings tied together; watercolor on paper,10 1/16 x 6 3/4 in. (25.6 x 17.1 cm),25.6,17.1,Asian Art,https://images.metmuseum.org/CRDImages/as/original/DP154448.jpg
51824,57.111,Unidentified artist,Nine Guardian Kings,,Hanging scroll; ink and color on paper,77 1/2 x 39 5/8 in. (196.9 x 100.6 cm),196.9,100.6,Asian Art,https://images.metmuseum.org/CRDImages/as/original/DP-33162-002.jpg
51825,57.112,Unidentified artist,Nine Guardian Kings,,Hanging scroll; ink and color on paper,77 1/2 x 39 5/8 in. (196.9 x 100.6 cm),196.9,100.6,Asian Art,https://images.metmuseum.org/CRDImages/as/original/DP-33163-002.jpg
51827,57.114,Unidentified artist,One of the Taoist Masters,,Hanging scroll; ink and color on paper,78 1/4 x 39 1/2 in. (198.8 x 100.3 cm),198.8,100.3,Asian Art,https://images.metmuseum.org/CRDImages/as/original/DP-33165-002.jpg
51828,57.116.1,Unidentified artist,Eight Heavenly Emperors,,Hanging scroll; ink and color on paper,"Image: 77 3/4 x 39 1/4 in. (197.5 x 99.7 cm)
Overall with mounting: W. 52 in. (132.1 cm)
Overall with knobs: W. 56 in. (142.2 cm)",197.5,99.7,Asian Art,https://images.metmuseum.org/CRDImages/as/original/DP-33166-002.jpg
51829,57.116.2,Unidentified artist,Seven Heavenly Emperors,,Hanging scroll; ink and color on paper,63 1/8 x 39 5/8 in. (160.3 x 100.6 cm),160.3,100.6,Asian Art,https://images.metmuseum.org/CRDImages/as/original/DP-33167-002.jpg
51830,57.116.3,Unidentified artist,One of the Taoist Masters,,Hanging scroll; ink and color on paper,77 1/2 x 39 1/4 in. (196.9 x 99.7 cm),196.9,99.7,Asian Art,https://images.metmuseum.org/CRDImages/as/original/DP-33168-002.jpg
51832,57.125,Unidentified artist,Beggars,,Handscroll; ink and color on paper,10 x 132 3/4 in. (25.4 x 337.2 cm),25.4,337.2,Asian Art,https://images.metmuseum.org/CRDImages/as/original/DP204819_CRD.jpg
51834,57.174.3,Unidentified artist,Sages in a Bamboo Grove,,Hanging scroll; ink and color on silk,67 5/8 x 33 1/2 in. (171.8 x 85.1 cm),171.8,85.1,Asian Art,https://images.metmuseum.org/CRDImages/as/original/DP-33169-001.jpg
51835,57.175,Unidentified artist,A Guardian King,,Hanging scroll; color on silk,76 1/2 x 39 1/2 in. (194.3 x 100.3 cm),194.3,100.3,Asian Art,https://images.metmuseum.org/CRDImages/as/original/DP-33170-002.jpg
51836,57.177.1,Unidentified artist,Seven Dignitaries,,Hanging scroll; color on silk,76 x 39 1/4 in. (193.0 x 99.7 cm),193.0,99.7,Asian Art,https://images.metmuseum.org/CRDImages/as/original/DP-33171-002.jpg
51853,65.211.1,Unidentified artist,Two Europeans Playing with a Monkey,18th century,Hanging scroll; ink and color on silk,Overall: 17 1/2 x 11 7/8in. (44.5 x 30.2cm),44.5,30.2,Asian Art,https://images.metmuseum.org/CRDImages/as/original/DP-33227-002.jpg
51854,65.211.2,Unidentified artist,European Couple and Child Playing with Parrot,18th century,Hanging scroll; ink and color on silk,17 3/4 x 11 3/4 in. (45.1 x 29.8 cm) (unmounted),45.1,29.8,Asian Art,https://images.metmuseum.org/CRDImages/as/original/DP-37446-002.jpg
51903,58.79.4a–l,Unidentified artist,Album Containing Twelve Paintings of People Making Silk,19th century,Album of twelve leaves; color on pith paper,"Image (each): 8 3/4 × 13 1/4 in. (22.2 × 33.7 cm)
Overall (album): 9 3/4 × 14 5/8 × 1/2 in. (24.8 × 37.1 × 1.3 cm)",22.225044,33.655067,Asian Art,https://images.metmuseum.org/CRDImages/as/original/DP156911_CRD.jpg
52080,13.220.24,Unidentified artist,White Lotus Society,15th century,Handscroll; ink on paper,11 7/8 in. × 19 ft. 5 1/2 in. (30.2 × 593.1 cm),30.2,593.1,Asian Art,https://images.metmuseum.org/CRDImages/as/original/DP215389_CRD.jpg
53164,2015.300.4,Takuma Tametō,"Daishōjin Bosatsu, from “Album of Buddhist Deities from the Diamond World and Womb World Mandalas”",12th century,"Fragment of an album, mounted as a hanging scroll; ink, color, and gold on paper","Image: 9 3/4 in. × 5 in. (24.7 × 12.7 cm)
Overall with mounting: 46 1/16 × 14 3/16 in. (117 × 36 cm)
Overall with knobs: 46 1/16 × 15 7/8 in. (117 × 40.3 cm)",24.7,12.7,Asian Art,https://images.metmuseum.org/CRDImages/as/original/DP-12232-004.jpg
53178,2015.300.7,,Scene from The Illustrated Sutra of Past and Present Karma (Kako genzai e-inga-kyō; Matsunaga Version),late 13th century,Handscroll; ink and color on paper,H. 10 15/16 in. (27.8 cm); W. 61 5/8 in. (156.5 cm),27.8,156.5,Asian Art,https://images.metmuseum.org/CRDImages/as/original/DP363359.jpg
53179,2015.300.1,,"Shaka (Shakyamuni), the Historical Buddha, with Two Attendant Bodhisattvas and Sixteen Arhats",14th century,"Hanging scroll; ink, color, and gold on silk","Image: 56 1/8 × 29 13/16 in. (142.5 × 75.7 cm)
Overall with mounting: 96 7/16 × 39 1/8 in. (245 × 99.3 cm)
Overall with knobs: 96 7/16 × 42 3/8 in. (245 × 107.6 cm)",142.5,75.7,Asian Art,https://images.metmuseum.org/CRDImages/as/original/DP361141.jpg
53180,2015.300.6,,"Satsubari, the Second of the Sixteen Arhats",late 14th century,Hanging scroll; ink and color on silk,"Image: 45 11/16 × 19 3/8 in. (116 × 49.2 cm)
Overall with mounting: 75 3/8 × 25 7/16 in. (191.5 × 64.6 cm)
Overall with knobs: 75 3/8 × 27 1/4 in. (191.5 × 69.2 cm)",116.0,49.212597,Asian Art,https://images.metmuseum.org/CRDImages/as/original/DP-12232-006.jpg
53181,2015.300.8,,Scene from The Illustrated Legends of Jin’ōji Temple,early 14th century,Fragment of a handscroll mounted as a hanging scroll; ink and color on paper,"Image: 13 1/2 × 21 15/16 in. (34.3 × 55.7 cm)
Overall with mounting: 49 7/16 × 26 15/16 in. (125.5 × 68.5 cm)
Overall with knobs: 49 7/16 × 29 1/16 in. (125.5 × 73.8 cm)",34.29007,55.7,Asian Art,https://images.metmuseum.org/CRDImages/as/original/DP-12232-008.jpg
53189,2015.300.13,,Seiryū Gongen,mid-14th century,Hanging scroll; ink and color on silk,"Image: 35 13/16 × 17 5/8 in. (91 × 44.7 cm)
Overall with mounting: 68 7/8 × 24 13/16 in. (175 × 63 cm)
Overall with knobs: 68 7/8 × 25 7/8 in. (175 × 65.8 cm)",91.0,44.7,Asian Art,https://images.metmuseum.org/CRDImages/as/original/DP-12232-014.jpg
53197,2015.300.21,Unidentified artist,"The Poets Henjō and Jichin, from Stylus-Illustrated Competition of Poets of Different Periods (Mokuhitsu jidai fudō uta awase-e)",mid-14th century,"Fragment of a handscroll, mounted as a hanging scroll; ink on paper","Image: 12 5/16 in. × 21 in. (31.2 × 53.3 cm)
Overall with mounting: 48 1/4 × 26 5/16 in. (122.5 × 66.9 cm)
Overall with knobs: 48 1/4 × 28 9/16 in. (122.5 × 72.5 cm)",31.2,53.3,Asian Art,https://images.metmuseum.org/CRDImages/as/original/DP-12232-018.jpg
53205,2000.289,,Mandala of the Bodhisattva Hannya (Prajnaparamita),14th century,"Hanging scroll; ink, color, gold, and gold foil on silk","Image: 64 1/2 x 48 5/8 in. (163.8 x 123.5 cm)
Overall with painted mounting: 83 1/4 x 57 3/4 in. (211.5 x 146.7 cm)
Overall with mounting: 126 x 65 1/16 in. (320 x 165.2 cm)
Overall with knobs: 126 x 69 11/16 in. (320 x 177 cm)",163.8303,123.5077,Asian Art,https://images.metmuseum.org/CRDImages/as/original/DT209331.jpg
53233,2015.300.67,Kano Motonobu,Bo Ya Plays the Qin as Zhong Ziqi Listens,1530s,Hanging scroll; ink and color on paper,"Image: 65 1/16 × 34 1/4 in. (165.2 × 87 cm)
Overall with mounting: 8 ft. 10 7/8 in. × 40 13/16 in. (271.5 × 103.7 cm)
Overall with knobs: 8 ft. 10 7/8 in. × 43 3/16 in. (271.5 × 109.7 cm)",165.2,87.0,Asian Art,https://images.metmuseum.org/CRDImages/as/original/DP700757.jpg
53405,"2015.300.202a, b",Genki (Komai Ki),Yanji with Orchids and Yang Guifei with Peonies,1785,Pair of hanging scrolls; ink and color on silk,"Image (a): 43 3/16 × 21 15/16 in. (109.7 × 55.8 cm)
Overall with mounting (a): 78 7/8 × 27 1/16 in. (200.3 × 68.8 cm)
Overall with knobs (a): 78 7/8 × 29 5/16 in. (200.3 × 74.4 cm)
Image (b): 43 3/16 × 21 15/16 in. (109.7 × 55.7 cm)
Overall with mounting (b): 78 7/8 × 27 1/8 in. (200.3 × 68.9 cm)
Overall with knobs (b): 78 7/8 × 29 5/16 in. (200.3 × 74.5 cm)",109.7,55.8,Asian Art,https://images.metmuseum.org/CRDImages/as/original/DP-15662-001.jpg
53427,2015.300.100a–f,Sakai Ōho,Six Jewel Rivers,ca. 1839,"Six handscrolls; ink, color, and gold on silk","Overall (a): 3 9/16 x 46 7/16 in. (9 x 118 cm)
Overall (b): 3 9/16 x 46 15/16 in. (9 x 119.2 cm)
Overall (c): 3 1/2 x 46 7/16 in. (8.9 x 118 cm)
Overall (d): 3 9/16 x 48 13/16 in. (9 x 124 cm)
Overall (e): 3 5/8 x 46 1/2 in. (9.2 x 118.1 cm)
Overall (f): 3 1/2 x 46 7/8 in. (8.9 x 119.1 cm)",9.2,118.1,Asian Art,https://images.metmuseum.org/CRDImages/as/original/DT372445.jpg
53443,2015.300.118,Kaigetsudō Ando,Standing Courtesan,early 18th century,"Hanging scroll, mounted as panel; ink and color on paper","Image: 40 15/16 × 16 5/8 in. (104 × 42.2 cm)
Overall with mounting: 44 7/8 × 20 1/2 in. (114 × 52 cm)",104.0,42.227585,Asian Art,https://images.metmuseum.org/CRDImages/as/original/DP-13180-010.jpg
53444,2015.300.119,Kaigetsudō Doshin,Courtesan Writing a Letter,ca. 1715,Hanging scroll; ink and color on paper,"Image: 19 1/2 × 23 5/8 in. (49.5 × 60 cm)
Overall with mounting: 53 × 28 13/16 in. (134.6 × 73.2 cm)",49.530098,60.00762,Asian Art,https://images.metmuseum.org/CRDImages/as/original/DP-12232-099.jpg
53446,2015.300.139,Katsukawa Shunshō 勝川春章,Woman in a Black Kimono,1783–89,"Hanging scroll; ink, color, and gold on silk","Image: 33 1/2 × 11 1/4 in. (85.1 × 28.6 cm)
Overall with mounting: 67 11/16 × 15 7/8 in. (172 × 40.4 cm)
Overall with knobs: 67 11/16 × 17 13/16 in. (172 × 45.2 cm)",85.09017,28.575058,Asian Art,https://images.metmuseum.org/CRDImages/as/original/DP-12232-128.jpg
53513,30.76.191,Unidentified artist,Luohan,,Side panel of a triptych of framed paintings; watercolor on linen,31 1/8 × 22 1/2 in. (79.1 × 57.2 cm),79.1,57.2,Asian Art,https://images.metmuseum.org/CRDImages/as/original/30_76_191.jpg
53514,30.76.192,Unidentified artist,Luohan,,Side panel of a triptych of framed paintings; watercolor on linen,"31 1/8 × 22 1/2 in. (79.1 × 57.2 cm)
Framed: 35 1/2 in. × 26 5/8 in. × 1 in. (90.2 × 67.6 × 2.5 cm)",79.1,57.2,Asian Art,https://images.metmuseum.org/CRDImages/as/original/30_76_192.jpg
53517,31.96.12,,Fisherman,early 20th century,Leaf; color on rice paper,3 5/8 x 2 5/16 in. (9.2 x 5.9 cm),9.2,5.9,Asian Art,https://images.metmuseum.org/CRDImages/as/original/DP-32406-001.jpg
53518,31.96.11,,Man Carrying Tiger's Tails in Procession,early 20th century,Leaf; color on rice paper,3 5/8 x 2 5/16 in. (9.2 x 5.9 cm),9.2,5.9,Asian Art,https://images.metmuseum.org/CRDImages/as/original/DP-32405-001.jpg
53519,31.96.10,,Bamboo (?) Vendor,early 20th century,Leaf; color on rice paper,3 5/8 x 2 5/16 in. (9.2 x 5.9 cm),9.2,5.9,Asian Art,https://images.metmuseum.org/CRDImages/as/original/DP-32404-001.jpg
53520,31.96.9,,Flower Vendor,early 20th century,Leaf; color on rice paper,3 5/8 x 2 5/16 in. (9.2 x 5.9 cm),9.2,5.9,Asian Art,https://images.metmuseum.org/CRDImages/as/original/DP-32403-001.jpg
53525,42.141.1,Unidentified artist,Portrait of Madame Wei Yixie,19th century,Hanging scroll; ink and color on silk,64 x 37 1/2 in. (162.6 x 95.3 cm),162.6,95.3,Asian Art,https://images.metmuseum.org/CRDImages/as/original/DP-32745-002.jpg
53526,42.141.2,Unidentified artist,Portrait of Kangxi Emperor (1662–1722),18th century,"Hanging scroll; ink, color, and gold on silk","Image: 63 5/8 x 30 1/2 in. (161.6 x 77.5 cm)
Overall with mounting: 96 13/16 × 39 3/16 in. (245.9 × 99.5 cm)
Overall with knobs: 43 1/8 × 96 13/16 in. (109.5 × 245.9 cm)",161.6078,77.4702,Asian Art,https://images.metmuseum.org/CRDImages/as/original/DP-44720-002.jpg
53527,42.141.3,Unidentified artist,Portrait of Yongzheng Emperor (1723–1735),19th century,Hanging scroll; ink and color on silk,"Image: 71 1/2 × 41 5/8 in. (181.6 × 105.7 cm)
Overall with mounting: 102 1/4 x 47 5/8 in. (259.7 x 121 cm)
Overall with knobs: 8 ft. 6 1/4 in. × 51 3/8 in. (259.7 × 130.5 cm)",181.61037,105.727715,Asian Art,https://images.metmuseum.org/CRDImages/as/original/DP-44721-002.jpg
53528,42.141.4,Unidentified artist,Portrait of Yongzheng Empress (1723–1735),19th century,Hanging scroll; ink and color on silk,"Image: 85 3/4 × 37 5/8 in. (217.8 × 95.6 cm)
Overall with mounting: 85 3/4 x 37 5/8 in. (217.8 x 95.6 cm)
Overall with knobs: 85 3/4 × 41 1/2 in. (217.8 × 105.4 cm)",217.80544,95.56769,Asian Art,https://images.metmuseum.org/CRDImages/as/original/DP-44722-002.jpg
53529,42.141.5,Unidentified artist,Portrait of Yongzheng Empress,19th century,Hanging scroll; ink and color on silk,"Image: 71 1/2 × 39 3/4 in. (181.6 × 101 cm)
Overall with mounting: 102 1/4 x 47 3/4 in. (259.7 x 121.3 cm)
Overall with knobs: 8 ft. 6 1/4 in. × 51 1/2 in. (259.7 × 130.8 cm)",181.61037,100.9652,Asian Art,https://images.metmuseum.org/CRDImages/as/original/DP-32876-002.jpg
53530,42.141.7,Unidentified artist,Portrait of Qianlong Emperor's Eldest Daughter Feng Cheng,,Hanging scroll; ink and color on silk,"Image: 64 1/2 × 36 1/2 in. (163.8 × 92.7 cm)
Overall with mounting: 84 3/4 x 40 5/8 in. (215.3 x 103.2 cm)
Overall with knobs: 84 3/4 × 44 3/4 in. (215.3 × 113.7 cm)",163.83032,92.71018,Asian Art,https://images.metmuseum.org/CRDImages/as/original/DP-44724-002.jpg
53531,42.141.8,Unidentified artist,Portrait of Qianlong Emperor As a Young Man,19th century,Hanging scroll; ink and color on silk,"Image: 63 1/2 x 30 1/2 in. (161.3 x 77.5 cm)
Overall with mounting: 96 7/8 x 39 1/2 in. (246.1 x 100.3 cm)
Overall with knobs: 96 7/8 x 43 1/8 in. (246.1 x 109.5 cm)",161.2903,77.4702,Asian Art,https://images.metmuseum.org/CRDImages/as/original/DP-44725-002.jpg
53532,42.141.9,Unidentified artist,Portrait of Qianlong Emperor as a Mature Man,20th century,Hanging scroll; ink and color on silk,"Image: 63 5/8 × 30 1/2 in. (161.6 × 77.5 cm)
Overall with mounting: 96 3/4 x 39 3/8 in. (245.7 x 100 cm)
Overall with knobs: 96 3/4 × 43 1/4 in. (245.7 × 109.9 cm)",161.60782,77.47015,Asian Art,https://images.metmuseum.org/CRDImages/as/original/DP-44726-002.jpg
53533,42.141.10,Unidentified artist,Portrait of a Qianlong Empress,19th century,Hanging scroll; ink and color on silk,"Image: 72 3/4 × 43 1/8 in. (184.8 × 109.5 cm)
Overall with mounting: 8 ft. 3 3/4 in. × 50 1/2 in. (253.4 × 128.3 cm)
Overall with knobs: 8 ft. 3 3/4 in. × 54 1/2 in. (253.4 × 138.4 cm)",184.78537,109.53772,Asian Art,https://images.metmuseum.org/CRDImages/as/original/DP-44727-002.jpg
53534,42.141.11,Unidentified artist,Portrait of Qianlong Emperor's Brother,19th century,Hanging scroll; ink and color on silk,"Image: 81 1/2 × 38 in. (207 × 96.5 cm)
Overall with mounting: 94 x 42 in. (238.8 x 106.7 cm)
Overall with knobs: 94 × 42 in. (238.8 × 106.7 cm)",207.0104,96.520195,Asian Art,https://images.metmuseum.org/CRDImages/as/original/DP-44728-002.jpg
53535,42.141.12,Unidentified artist,Portrait of Hoshan,19th century,Hanging scroll; ink and color on silk,"Image: 63 5/8 × 34 in. (161.6 × 86.4 cm)
Overall with mounting: 87 1/4 x 39 5/8 in. (221.6 x 100.6 cm)
Overall with knobs: 87 1/4 × 47 1/2 in. (221.6 × 120.7 cm)",161.60782,86.360176,Asian Art,https://images.metmuseum.org/CRDImages/as/original/DP-32877-002.jpg
53536,42.141.13,Unidentified artist,Portrait of Wife of Hoshan,19th century,Hanging scroll; ink and color on silk,"Image: 63 5/8 × 34 in. (161.6 × 86.4 cm)
Overall with mounting: 87 1/4 x 38 1/4 in. (221.6 x 97.2 cm)
Overall with knobs: 87 1/4 × 42 1/2 in. (221.6 × 108 cm)",161.60782,86.360176,Asian Art,https://images.metmuseum.org/CRDImages/as/original/DP-32878-002.jpg
53537,42.141.14,Unidentified artist,Portrait of Emperor Jiaqing (1796–1820),19th century,Hanging scroll; ink and color on silk,"Image: 63 5/8 × 30 7/8 in. (161.6 × 78.4 cm)
Overall with mounting: 97 x 39 1/2 in. (246.4 x 100.3 cm)
Overall with knobs: 97 × 43 in. (246.4 × 109.2 cm)",161.60782,78.42265,Asian Art,https://images.metmuseum.org/CRDImages/as/original/DP-32879-002.jpg
53538,42.141.15,Unidentified artist,Portrait of Empress (?) of Jiaqing,19th century,Hanging scroll; ink and color on silk,"Image: 76 × 36 1/2 in. (193 × 92.7 cm)
Overall with mounting: 107 x 44 5/8 in. (271.8 x 113.3 cm)
Overall with knobs: 8 ft. 11 in. × 48 1/4 in. (271.8 × 122.6 cm)",193.04039,92.71018,Asian Art,https://images.metmuseum.org/CRDImages/as/original/DP-32880-002.jpg
53539,42.141.16,Unidentified artist,Portrait of Empress of West Palace (?) of Jiaqing (1796–1820),19th century,Hanging scroll; ink and color on silk,"Image: 76 × 36 1/2 in. (193 × 92.7 cm)
Overall with mounting: 107 x 44 7/8 in. (271.8 x 114 cm)
Overall with knobs: 8 ft. 11 in. × 48 3/4 in. (271.8 × 123.8 cm)",193.04039,92.71018,Asian Art,https://images.metmuseum.org/CRDImages/as/original/DP-44729-002.jpg
53540,42.141.17,Unidentified artist,Portrait of Su Wansan (?),19th century,Hanging scroll; ink and color on silk,"Image: 74 1/2 × 39 3/4 in. (189.2 × 101 cm)
Overall with mounting: 104 x 45 1/2 in. (264.2 x 115.6 cm)
Overall with knobs: 8 ft. 8 in. × 49 1/4 in. (264.2 × 125.1 cm)",189.23038,100.9652,Asian Art,https://images.metmuseum.org/CRDImages/as/original/DP-32881-002.jpg
53541,42.141.18,Unidentified artist,Portrait of Wife of Su Wansan (?),19th century,Hanging scroll; ink and color on silk,"Image: 74 1/2 x 39 1/2 in. (189.2 x 100.3 cm)
Overall with mounting: 103 3/4 x 45 3/8 in. (263.5 x 115.3 cm)
Overall with knobs: 103 3/4 x 49 in. (263.5 x 124.5 cm)",189.2304,100.3302,Asian Art,https://images.metmuseum.org/CRDImages/as/original/DP-44730-002.jpg
53542,42.141.19,Unidentified artist,Portrait of the Brother of Emperor Daoguang (1821–50),19th century,Hanging scroll; ink and color on silk,77 3/4 x 38 in. (197.5 x 96.5 cm),197.5,96.5,Asian Art,https://images.metmuseum.org/CRDImages/as/original/DP-32882-002.jpg
53549,43.157,Unidentified artist,Album,late 19th century,"Album of twelve leaves; ink and color on pith paper, bound in red damask",8 3/4 x 13 1/8 in. (22.2 x 33.3 cm),20.32004,30.48006,Asian Art,https://images.metmuseum.org/CRDImages/as/original/DP156899.jpg
53551,44.121,Unidentified artist,"Interior with Woman, Child and Nurse",late 18th–early 19th century,Hanging scroll; ink and color on silk,"Image: 71 1/4 × 47 1/2 in. (181 × 120.7 cm)
Overall with mounting: 92 3/8 × 50 3/8 in. (234.6 × 128 cm)
Overall with knobs: 92 3/8 × 54 3/8 in. (234.6 × 138.1 cm)",180.97536,120.65024,Asian Art,https://images.metmuseum.org/CRDImages/as/original/DP-35307-002.jpg
53574,46.63.1,Unidentified artist,Landscape Painting of Figure in Woodland Setting,,Album leaf; color on silk,5 x 14 3/4 in. (12.7 x 37.5 cm),12.7,37.5,Asian Art,https://images.metmuseum.org/CRDImages/as/original/DP154515.jpg
53575,46.63.3,Unidentified artist,Landscape Painting of Figure in Woodland Setting,,Album leaf; color on silk,5 x 14 5/8 in. (12.7 x 37.1 cm),12.7,37.1,Asian Art,https://images.metmuseum.org/CRDImages/as/original/DP154517.jpg
53576,46.63.4,Unidentified artist,Landscape Painting of Figure in Woodland Setting,,Album leaf; color on silk,4 7/8 x 14 5/8 in. (12.4 x 37.1 cm),12.4,37.1,Asian Art,https://images.metmuseum.org/CRDImages/as/original/DP154518.jpg
53578,46.63.6,Unidentified artist,Landscape Painting of Figure in Woodland Setting,,Album leaf; color on silk,4 7/8 x 14 5/8 in. (12.4 x 37.1 cm),12.4,37.1,Asian Art,https://images.metmuseum.org/CRDImages/as/original/DP154520.jpg
53579,46.63.7,Unidentified artist,Landscape Painting of Figure in Woodland Setting,,Album leaf; color on silk,4 7/8 x 14 1/2 in. (12.4 x 36.8 cm),12.4,36.8,Asian Art,https://images.metmuseum.org/CRDImages/as/original/DP154521.jpg
53590,49.154.2,Unidentified artist,Spring Pictures,,Album leaf; ink and color on silk,10 1/8 x 8 13/16 in. (25.7 x 22.4 cm),25.7,22.4,Asian Art,https://images.metmuseum.org/CRDImages/as/original/DP159060.jpg
53595,55.139.2,Unidentified artist,Packing Porcelain in Canton for Shipment to the West,ca. 1830,Watercolor on paper,15 x 19 1/8 in. (38.1 x 48.6 cm),38.1,48.6,Asian Art,https://images.metmuseum.org/CRDImages/as/original/DP-30503-001.jpg
53660,2015.300.10,,Ten Verses on Oxherding,1278,Handscroll; ink and color on paper,Image: 12 1/4 in. × 20 ft. 6 in. (31.1 × 624.8 cm),31.1,624.8,Asian Art,https://images.metmuseum.org/CRDImages/as/original/2015_300_10_Burke_website.jpg
53684,1999.400,,Rama and Lakshmana on Mount Pavarasana: Folio from the Shangri Ramayana series (Style II),ca. 1690–1710,"Ink, opaque watercolor, and silver on paper",7 x 12 1/8 in. (17.8 x 30.8 cm),17.78,30.7976,Asian Art,https://images.metmuseum.org/CRDImages/as/original/DP153185.jpg
53707,2000.214,Nagasawa Roshū,Seven Gods of Good Fortune,1837,Hanging scroll; ink and color on silk,34 7/8 x 14 1/8 in. (88.6 x 35.9 cm),88.6,35.9,Asian Art,https://images.metmuseum.org/CRDImages/as/original/DP-35701-002.jpg
53750,14.76.70h(.1–.12),,Painting,,Twelve small paintings; on silk?,Image: 7 1/4 × 6 5/8 in. (18.4 × 16.8 cm),18.415037,16.827534,Asian Art,https://images.metmuseum.org/CRDImages/as/original/LC-14_76_70h_1-001.jpg
54183,2000.244,,"Shri Rama Putra Raga: Page from the Dispersed ""Boston"" Ragamala Series (Garland of Musical Modes)",ca. 1760,"Ink, opaque watercolor, silver and gold on paper","Painting 7 1/4 x 4 7/8 in. (18.4 x 12.4 cm)
Page 12 3/8 x 9 1/4 in. (31.4 x 23.5 cm)",18.4,12.4,Asian Art,https://images.metmuseum.org/CRDImages/as/original/DP156133.jpg
54210,51.94.2,,Buddha,ca. 6th–7th century,Pigments on mud plaster,12 3/4 x 9 3/8 in. (32.4 x 23.8 cm),32.4,23.8,Asian Art,https://images.metmuseum.org/CRDImages/as/original/DP355134.jpg
54211,47.18.27,,Seated Bodhisattva,ca. 6th–7th century,Pigments on mud plaster,19 3/8 x 11 1/2 in. (49.2 x 29.2 cm),49.2,29.2,Asian Art,https://images.metmuseum.org/CRDImages/as/original/DP271342.jpg
544854,30.2.1,,Fragment of wall painting from the Tomb of Sebekhotep,ca. 1550–1295 B.C.,Tempera paint on mud plaster,H. 53.5 cm (21 1/16 in.); W. 73.5 cm (28 15/16 in.); D. 8.5 cm (3 3/8 in.),53.5,73.5,Egyptian Art,https://images.metmuseum.org/CRDImages/eg/original/DP234743.jpg
54593,14.76.29,Kano Sanraku 狩野山楽,Bodhidharma (Daruma),17th century,Hanging scroll; ink on paper,"Image: 40 1/2 in. × 21 in. (102.9 × 53.3 cm)
Overall with mounting: 78 1/2 × 26 7/8 in. (199.4 × 68.3 cm)
Overall with knobs: 78 1/2 × 29 3/8 in. (199.4 × 74.6 cm)",102.87021,53.340107,Asian Art,https://images.metmuseum.org/CRDImages/as/original/LC-14_76_29_jps-005.jpg
54608,14.76.61.1,Kawanabe Kyōsai 河鍋暁斎,White-Robed Kannon,ca. 1887,Album leaf; ink and color on silk,14 3/8 x 11 in. (36.5 x 27.9 cm),36.5,27.9,Asian Art,https://images.metmuseum.org/CRDImages/as/original/DP211789.jpg
54610,14.76.61.3,Kawanabe Kyōsai 河鍋暁斎,Mount Fuji,ca. 1887,Album leaf; ink and color on silk,14 1/8 x 10 3/4 in. (35.9 x 27.3 cm),35.9,27.3,Asian Art,https://images.metmuseum.org/CRDImages/as/original/DP211807.jpg
54624,14.76.61.18,Kawanabe Kyōsai 河鍋暁斎,Two Children Playing with Goldfish,ca. 1887,Album leaf; ink and color on silk,14 1/4 x 10 3/8 in. (36.2 x 26.4 cm),36.2,26.4,Asian Art,https://images.metmuseum.org/CRDImages/as/original/DP211798.jpg
54686,14.76.61.49,Hashimoto Gahō,Boy with Cow at the River's Edge,,Album leaf; ink and color on silk,14 1/8 x 10 3/8 in. (35.9 x 26.4 cm),35.9,26.4,Asian Art,https://images.metmuseum.org/CRDImages/as/original/DP211837.jpg
54688,14.76.61.51,Kawanabe Kyōsai 河鍋暁斎,Shakyamuni Subjugating Demons,ca. 1888,Album leaf mounted as a hanging scroll; ink and color on silk,14 1/2 x 11 in. (36.8 x 27.9 cm),36.8,27.9,Asian Art,https://images.metmuseum.org/CRDImages/as/original/DP341225.jpg
547768,09.181.4,,Portrait of a Youth with a Surgical Cut in one Eye,A.D. 190–210,Encaustic on limewood,H. 35 x W. 17.2 cm (13 3/4 x 6 3/4 in.),35.0,17.2,Egyptian Art,https://images.metmuseum.org/CRDImages/eg/original/DP112592.jpg
547856,09.181.1,,"Portrait of a thin-faced, bearded man",A.D. 160–180,Encaustic on limewood,H. 38.1 x W. 21.6 cm (15 x 8 1/2 in.),38.1,21.6,Egyptian Art,https://images.metmuseum.org/CRDImages/eg/original/DT202005.jpg
547857,09.181.2,,Portrait of a man with a mole on his nose,A.D. 130–150,Encaustic on limewood,H. 39.4 x W. 19.3 cm (15 1/2 x 7 5/8 in.),39.4,19.3,Egyptian Art,https://images.metmuseum.org/CRDImages/eg/original/DT202006.jpg
547858,09.181.3,,Portrait of a thin-faced man,A.D. 140–170,Encaustic on limewood with gold leaf,H. 42.3 × W. 18.7 cm (16 5/8 × 7 3/8 in.),42.3,18.7,Egyptian Art,https://images.metmuseum.org/CRDImages/eg/original/EG47_09.181.3.jpg
547859,09.181.5,,Portrait of an elderly lady with a gold wreath,A.D. 100–125,Encaustic on limewood,H. 34 x W. 18.4 cm (13 3/8 x 7 1/4 in.),34.0,18.4,Egyptian Art,https://images.metmuseum.org/CRDImages/eg/original/EG50_09.181.5.jpg
547860,09.181.6,,Portrait of a young woman in red,A.D. 90–120,Encaustic on limewood with gold leaf,H. 38.1 x W. 18.4 cm (15 x 7 1/4 in.),38.1,18.4,Egyptian Art,https://images.metmuseum.org/CRDImages/eg/original/09.181.6_EGDP011294.jpg
547861,09.181.7,,Portrait of a young woman with a gilded wreath,A.D. 120–140,Encaustic on wood with gold leaf,H. 36.5 x W. 17.8 cm (14 3/8 x 7 in.),36.5,17.8,Egyptian Art,https://images.metmuseum.org/CRDImages/eg/original/DT244400.jpg
54791,18.146.1,,Amida Manifesting in the Dharma-body of Expedient Means,18th century,"Ink, color, and cut silver on silk",14 x 6 1/2 in. (35.6 x 16.5 cm),35.6,16.5,Asian Art,https://images.metmuseum.org/CRDImages/as/original/18_146_1_O4_sf.JPG
547951,18.9.2,,Portrait of the Boy Eutyches,A.D. 100–150,Encaustic on wood,h. 38 cm (14 15/16 in); w. 19 cm (7 1/2 in),38.0,19.0,Egyptian Art,https://images.metmuseum.org/CRDImages/eg/original/DP-25887-001.jpg
548587,30.8.231,,Miniature Mask for a Canopic bundle,ca. 1427–1400 B.C.,"Cartonnage, paint",h. 15 cm (5 7/8 in); w. 12.5 cm (4 15/16 in),15.0,12.5,Egyptian Art,https://images.metmuseum.org/CRDImages/eg/original/DP226077.jpg
54893,29.100.439,Wu Daozi,The Bodhisattva Willow Kannon (Avalokiteshvara),late 19th century,Hanging scroll; ink and color on silk,48 1/2 x 23 1/8 in. (123.2 x 58.7 cm),123.2,58.7,Asian Art,https://images.metmuseum.org/CRDImages/as/original/47_100_439_O1_sf.jpg
54897,29.100.446,Hishikawa Moronobu 菱川師宣,Dancer,,Hanging scroll; color on paper,Painting only: 30 3/4 x 16 1/2 in. (78.1 x 41.9 cm),78.1052,41.9101,Asian Art,https://images.metmuseum.org/CRDImages/as/original/DP-14550-002.jpg
54913,19.31,Unidentified artist,An Arhat in the Clouds,16th century,Framed painting; ink and color on paper,"63 × 26 1/2 in. (160 × 67.3 cm)
Framed: 66 7/8 × 30 1/2 × 1 1/4 in. (169.9 × 77.5 × 3.2 cm)",160.0,67.3,Asian Art,https://images.metmuseum.org/CRDImages/as/original/19_31.JPG
54914,19.103.3,Unidentified artist,"Vaisravana, Guardian of the North",16th century,Framed painting; ink and color on paper,"Image: 33 1/4 x 16 3/4 in. (84.5 x 42.5 cm)
Framed: 35 1/2 x 19 in. (90.2 x 48.3 cm)",84.45517,42.545086,Asian Art,https://images.metmuseum.org/CRDImages/as/original/19_103_3.JPG
54974,29.100.477,Kano Tanbi,Portrait of Lady,probably late 19th century,Hanging scroll; ink on paper,31 x 15 in. (78.7 x 38.1 cm),78.7,38.1,Asian Art,https://images.metmuseum.org/CRDImages/as/original/29_100_477_O1_sf.jpg
54978,29.100.517,Seikei,The Hell Courtesan,late 19th century,Hanging scroll; ink and color on silk,"Image: 39 1/8 × 20 1/8 in. (99.4 × 51.1 cm)
Overall with mounting: 81 1/4 × 26 1/4 in. (206.4 × 66.7 cm)
Overall with knobs: 26 1/4 × 29 in. (66.7 × 73.7 cm)",99.3777,51.117603,Asian Art,https://images.metmuseum.org/CRDImages/as/original/29_100_517_O1_sf.jpg
551159,44.2.2,,Elderly Man Flanked by Egyptian Gods,ca. A.D. 250,Tempera on sycomore wood,H. 38 cm. (14 15/16 in.); W. 22.4 cm (8 13/16 in.),38.0,22.4,Egyptian Art,https://images.metmuseum.org/CRDImages/eg/original/DT11729.jpg
552000,13.182.47,,Coffin panel with paintings of funerary rituals and gods,100–300 A.D.,"Wood, gesso, paint",L. 118 × H. 27.2 × D. 2.4 cm (46 7/16 × 10 11/16 × 15/16 in.),27.2,,Egyptian Art,https://images.metmuseum.org/CRDImages/eg/original/13.182.47_EGDP013827.jpg
57164,1975.282.2,Tsurana,Warrior,19th century,Hanging scroll; ink and color on silk,"Image: 49 1/2 × 15 1/2 in. (125.7 × 39.4 cm)
Overall with mounting: 76 5/16 × 21 3/4 in. (193.8 × 55.3 cm)
Overall with knobs: 76 5/16 × 23 15/16 in. (193.8 × 60.8 cm)",125.7,39.4,Asian Art,https://images.metmuseum.org/CRDImages/as/original/DP-36800-002.jpg
57172,1991.384,,Hossō Mandala,16th century,"Hanging scroll; ink, color, and gold leaf on silk",43 1/4 x 19 1/2 in. (109.9 x 49.5 cm),109.9,49.5,Asian Art,https://images.metmuseum.org/CRDImages/as/original/1991_384.jpg
57182,36.100.81,Kano Tan'yū,Hotei,probably 17th or 18th century,Hanging scroll; ink on paper,"Image: 41 5/8 × 18 1/2 in. (105.7 × 47 cm)
Overall with mounting: 81 × 23 7/16 in. (205.7 × 59.5 cm)
Overall with knobs: 81 × 25 3/8 in. (205.7 × 64.5 cm)",105.7,47.0,Asian Art,https://images.metmuseum.org/CRDImages/as/original/LC-36_100_81_jps-006.jpg
57233,37.119.6,Kawanabe Kyōsai 河鍋暁斎,Three Kyōgen Dancers,late 19th century,Wash drawing; Ink on paper,6 x 10 1/4 in. (15.2 x 26 cm),15.2,26.0,Asian Art,https://images.metmuseum.org/CRDImages/as/original/LC-37_119_6-001.jpg
57238,37.138,Kawanabe Kyōsai 河鍋暁斎,Sketches of East Asian Legendary Figures,late 19th century,Ink on paper,8 x 5 in. (20.3 x 12.7 cm),20.3,12.7,Asian Art,https://images.metmuseum.org/CRDImages/as/original/LC-37_138-001.jpg
57247,57.70.2,Chōbunsai Eishi,Courtesan and Attendant,18th–19th century,Hanging scroll; ink and color on paper,36 1/2 x 15 3/4 in. (92.7 x 40 cm),92.7,40.0,Asian Art,https://images.metmuseum.org/CRDImages/as/original/DP-37663-002.jpg
57249,57.84,Kenkō Shōkei 賢江祥啓,Hanshan and Shide,mid- to late 16th century,Hanging scroll; ink on paper,"Image: 36 1/4 × 14 1/2 in. (92.1 × 36.8 cm)
Overall with mounting: 72 1/2 × 19 3/4 in. (184.2 × 50.2 cm)
Overall with knobs: 72 1/2 × 21 3/4 in. (184.2 × 55.2 cm)",92.07519,36.830074,Asian Art,https://images.metmuseum.org/CRDImages/as/original/DP-37456-002.jpg
57256,56.121.6,Katsushika Hokusai,Guan Yu Seated (Chinese God of War),18th–19th century,Ink on paper,10 7/8 x 7 9/16 in. (27.6 x 19.2 cm),27.6,19.2,Asian Art,https://images.metmuseum.org/CRDImages/as/original/DP-24895-001.jpg
57259,56.121.9,Katsushika Hokusai,Hermit with a Staff,18th–19th century,Ink and color on paper,13 x 9 1/4 in. (33 x 23.5 cm),33.0,23.5,Asian Art,https://images.metmuseum.org/CRDImages/as/original/DP-24901-001.jpg
57260,56.121.10,Katsushika Hokusai,Ebisu and Daikoku Celebrating the New Year Festival,18th–19th century,Ink on paper,18 1/2 x 12 3/16 in. (47 x 31 cm),47.0,31.0,Asian Art,https://images.metmuseum.org/CRDImages/as/original/DP-24902-001.jpg
57261,56.121.11,Katsushika Hokusai,Portrait of the Poet Matsuo Bashō (?),18th–19th century,Ink on paper,9 7/8 x 7 7/16 in. (25.1 x 18.9 cm),25.1,18.9,Asian Art,https://images.metmuseum.org/CRDImages/as/original/DP-24903-001.jpg
57266,56.121.16,Katsushika Hokusai,Sakata Kintoki Riding on Bear's Back,18th–19th century,Ink and red color on paper,16 13/16 x 10 1/2 in. (42.7 x 26.7 cm),42.7,26.7,Asian Art,https://images.metmuseum.org/CRDImages/as/original/DP-24908-001.jpg
57269,56.121.19,Katsushika Hokusai,Juro (God of Luck),18th–19th century,Ink on paper,10 11/16 x 7 1/8 in. (27.1 x 18.1 cm),27.1,18.1,Asian Art,https://images.metmuseum.org/CRDImages/as/original/DP-24986-001.jpg
57271,56.121.21,Katsushika Hokusai,Yamato Takeru no Mikoto,18th–19th century,Ink on paper,12 7/8 x 9 1/2 in. (32.7 x 24.1 cm),32.7,24.1,Asian Art,https://images.metmuseum.org/CRDImages/as/original/DP-24988-001.jpg
57275,56.121.25,Katsushika Hokusai,Okijiro Hironari,18th–19th century,Ink and color on paper,9 7/16 x 13 1/2 in. (24 x 34.3 cm),24.0,34.3,Asian Art,https://images.metmuseum.org/CRDImages/as/original/DP-24992-001.jpg
57280,56.121.30,Katsushika Hokusai,Mother and Children in Summer Night,18th–19th century,Ink on paper,16 1/4 x 10 3/8 in. (41.3 x 26.4 cm),41.3,26.4,Asian Art,https://images.metmuseum.org/CRDImages/as/original/DP-24996-001.jpg
57282,56.121.32,Katsushika Hokusai,Benten (Goddess of Love),18th–19th century,Ink and color on paper,16 1/8 x 9 5/16 in. (41 x 23.7 cm),41.0,23.7,Asian Art,https://images.metmuseum.org/CRDImages/as/original/DP-24998-001.jpg
57283,56.121.33,Katsushika Hokusai,"Ebisu (God of Luck, Protector of Merchants)",18th–19th century,Ink and color on paper,10 11/16 x 7 in. (27.1 x 17.8 cm),27.1,17.8,Asian Art,https://images.metmuseum.org/CRDImages/as/original/DP-24999-001.jpg
57286,56.121.36,Katsushika Hokusai,Court Lady,18th–19th century,Ink and color on paper,7 9/16 x 10 1/4 in. (19.2 x 26 cm),19.2,26.0,Asian Art,https://images.metmuseum.org/CRDImages/as/original/DP-25002-001.jpg
57288,56.121.38,Katsushika Hokusai,Sage,18th–19th century,Ink on paper,10 3/4 x 7 1/8 in. (27.3 x 18.1 cm),27.3,18.1,Asian Art,https://images.metmuseum.org/CRDImages/as/original/DP-25003-001.jpg
57290,56.121.40,Katsushika Hokusai,Rochishin Chopping Off the Head of Nio,18th–19th century,Ink and color on paper,10 5/8 x 15 3/8 in. (27 x 39.1 cm),27.0,39.1,Asian Art,https://images.metmuseum.org/CRDImages/as/original/DP-25005-001.jpg
57328,52.160.2,Shibata Zeshin,Kannon,19th century,Hanging scroll; color on silk,13 3/4 x 5 in. (34.9 x 12.7 cm),34.9,12.7,Asian Art,https://images.metmuseum.org/CRDImages/as/original/DP-41811-002.jpg
57338,53.194.2,Kenkō Shōkei,Bird,late 15th century,Paint on paper,"Image: 33 3/8 × 12 1/4 in. (84.8 × 31.1 cm)
Overall with mounting: 67 1/4 × 17 in. (170.8 × 43.2 cm)
Overall with knobs: 67 1/4 × 18 3/4 in. (170.8 × 47.6 cm)",84.77267,31.115063,Asian Art,https://images.metmuseum.org/CRDImages/as/original/DP-41818-003.jpg
57350,53.194.3,Kenkō Shōkei,"Hotei, flanked by panels of birds",late 15th century,Paint on paper,"Image: 33 3/8 × 12 1/4 in. (84.8 × 31.1 cm)
Overall with mounting: 67 1/4 × 17 in. (170.8 × 43.2 cm)
Overall with knobs: 67 1/4 × 18 3/4 in. (170.8 × 47.6 cm)",84.77267,31.115063,Asian Art,https://images.metmuseum.org/CRDImages/as/original/DP-41819-002.jpg
57556,19.103.1,,"Seated Boddhisattva, Tara, on Lotus Throne",15th century,Framed painting; ink and color on paper,"Image: 37 3/4 x 24 3/4 in. (95.9 x 62.9 cm)
Framed: 41 x 28 1/8 in. (104.1 x 71.4 cm)",95.88519,62.865128,Asian Art,https://images.metmuseum.org/CRDImages/as/original/19_103_1.JPG
57920,27.95.1,Kano School,Procession of the Emperor and Suite,1626,"One of a set of two handscrolls; ink and color on paper, hand-tinted","Image: 10 1/4 in. × 44 ft. 5 1/4 in. (26 × 1354.5 cm)
Overall (entire length): 10 1/4 in. × 46 ft. 8 1/4 in. (26 × 1423 cm)",26.035051,1354.4578,Asian Art,https://images.metmuseum.org/CRDImages/as/original/LC-27_95_1_001.jpg
58449,18.85.5a,,"Krishna Dancing: Page from the Dispersed ""Boston"" Rasikapriya (Lover's Breviary)",ca. 1610,"Ink, opaque watercolor, and gold on paper","Image: 8 1/2 × 5 1/4 in. (21.6 × 13.3 cm)
Sheet: 9 in. × 5 5/8 in. (22.9 × 14.3 cm)",21.590044,13.335027,Asian Art,https://images.metmuseum.org/CRDImages/as/original/DP153225.jpg
58450,1981.371.1,Nuruddin,Page from a Dispersed Rasikapriya (Lover's Breviary),1685,"Ink, opaque watercolor, gold and silver on paper","Image: 7 3/8 × 5 1/8 in. (18.7 × 13 cm)
Sheet: 8 1/2 × 6 3/8 in. (21.6 × 16.2 cm)",18.732538,13.017526,Asian Art,https://images.metmuseum.org/CRDImages/as/original/DP156123.jpg
58451,1981.371.2,,A Raja Smoking a Hookah,ca. 1690–1710,"Ink, opaque watercolor, and gold on paper",6 1/4 x 4 5/16 in. (15.9 x 11 cm),15.9,11.0,Asian Art,https://images.metmuseum.org/CRDImages/as/original/DP156143.jpg
59669,2007.329,Unidentified artist,Portrait of Shun'oku Myōha,ca. 1383,"Hanging scroll; ink, color, and gold on silk","Image: 45 5/8 × 20 1/2 in. (115.9 × 52.1 cm)
Overall: 79 × 29 3/4 in. (200.7 × 75.6 cm)
Overall with knobs: 79 × 31 5/8 in. (200.7 × 80.3 cm)",115.88773,52.0701,Asian Art,https://images.metmuseum.org/CRDImages/as/original/DP156184.jpg
60443,2014.719.1,Unidentified artist,"The Poet Fujiwara Kiyotada, from the “Narikane Version” of Thirty-six Poetic Immortals",13th century,Section of a handscroll mounted as a hanging scroll; ink and color on paper,"Image: 10 3/8 x 10 1/8 in. (26.4 x 25.7 cm)
Overall with mounting: 42 1/8 x 14 5/8 in. (107 x 37.1 cm)
Overall with knobs: 42 1/8 x 16 3/8 in. (107 x 41.6 cm)",26.4,25.7,Asian Art,https://images.metmuseum.org/CRDImages/as/original/DP298227.jpg
60785,2001.445a,Mahavihara Master,Leaves from an Ashtasahasrika Prajnaparamita Sutra,early 12th century,"Opaque watercolor, black carbon-based ink, and mineral- and vegetable-based pigments on palm leaf","Page: 2 3/4 x 16 7/16 in. (7 x 41.8 cm)
Image: 2 1/2 x 1 15/16 in. (6.4 x 4.9 cm)",6.350013,4.92126,Asian Art,https://images.metmuseum.org/CRDImages/as/original/24 DP238441r2_61E.jpg
60789,2001.437,,"The Gopis Plead with Krishna to Return Their Clothing, Page from a Bhagavata Purana (Ancient Stories of Lord Vishnu) series",ca. 1610,"Ink, opaque watercolor, and gold on paper","Image: 6 3/4 × 9 3/4 in. (17.1 × 24.8 cm)
Sheet: 7 15/16 × 11 1/16 in. (20.2 × 28.1 cm)",17.1,24.8,Asian Art,https://images.metmuseum.org/CRDImages/as/original/DT5007.jpg
61706,2000.282.2,,Initiation Card (Tsakalis): Vairochana,early 15th century,Opaque watercolor on paper,Each 6 1/4 x 5 3/4 in. (16 x 14.5 cm),15.9,14.6,Asian Art,https://images.metmuseum.org/CRDImages/as/original/DP-32414-004.jpg
61707,2000.282.3,,Initiation Card (Tsakalis): Ratnasambhava,early 15th century,Opaque watercolor on paper,Each 6 1/4 x 5 3/4 in. (16 x 14.5 cm),15.9,14.6,Asian Art,https://images.metmuseum.org/CRDImages/as/original/DP-32414-006.jpg
61708,2000.282.4,,Initiation Card (Tsakalis): Amitabha,early 15th century,Opaque watercolor on paper,Each 6 1/4 x 5 3/4 in. (16 x 14.5 cm),15.9,14.6,Asian Art,https://images.metmuseum.org/CRDImages/as/original/DP-32414-008.jpg
61709,2000.282.5,,Initiation Card (Tsakalis): Amoghasiddhi,early 15th century,Opaque watercolor on paper,Each 6 1/4 x 5 3/4 in. (16 x 14.5 cm),15.9,14.6,Asian Art,https://images.metmuseum.org/CRDImages/as/original/DP-32414-010.jpg
61710,2000.282.6,,Initiation Card (Tsakalis): Bhumirgharba,early 15th century,Opaque watercolor on paper,Each 6 1/4 x 5 3/4 in. (16 x 14.5 cm),15.9,14.6,Asian Art,https://images.metmuseum.org/CRDImages/as/original/DP-32414-012.jpg
61711,2000.282.7,,Initiation Card (Tsakalis): Akashagarbha,early 15th century,Opaque watercolor on paper,Each 6 1/4 x 5 3/4 in. (16 x 14.5 cm),15.9,14.6,Asian Art,https://images.metmuseum.org/CRDImages/as/original/DP-32414-014.jpg
61712,2000.282.8,,Initiation Card (Tsakalis): Chenresi (Avalokiteshvara),early 15th century,Opaque watercolor on paper,Each 6 1/4 x 5 3/4 in. (16 x 14.5 cm),15.9,14.6,Asian Art,https://images.metmuseum.org/CRDImages/as/original/DP-32414-016.jpg
61713,2000.282.9,,Initiation Card (Tsakalis): Vajrapani,early 15th century,Opaque watercolor on paper,Each: 6 1/4 x 5 3/4 in. (16 x 14.5 cm),15.9,14.6,Asian Art,https://images.metmuseum.org/CRDImages/as/original/DP-32414-018.jpg
61714,2000.282.10,,Initiation Card (Tsakalis): Maitreya,early 15th century,Opaque watercolor on paper,Each 6 1/4 x 5 3/4 in. (16 x 14.5 cm),15.9,14.6,Asian Art,https://images.metmuseum.org/CRDImages/as/original/DP-32414-020.jpg
61715,2000.282.11,,Initiation Card (Tsakalis): Nirvana Vishkambhin,early 15th century,Opaque watercolor on paper,Each 6 1/4 x 5 3/4 in. (16 x 14.5 cm),15.9,14.6,Asian Art,https://images.metmuseum.org/CRDImages/as/original/DP-32414-022.jpg
61716,2000.282.12,,Initiation Card (Tsakalis): Bodhisattva Samantabhadhra,early 15th century,Opaque watercolor on paper,Each 6 1/4 x 5 3/4 in. (16 x 14.5 cm),15.9,14.6,Asian Art,https://images.metmuseum.org/CRDImages/as/original/DP-32414-024.jpg
61717,2000.282.13,,Initiation Card (Tsakalis): Manjushri,early 15th century,Opaque watercolor on paper,Each 6 1/4 x 5 3/4 in. (16 x 14.5 cm),15.9,14.6,Asian Art,https://images.metmuseum.org/CRDImages/as/original/DP-32414-026.jpg
61718,2000.282.14,,Initiation Card (Tsakalis): Yama,early 15th century,Opaque watercolor on paper,Each 6 1/4 x 5 3/4 in. (16 x 14.5 cm),15.9,14.6,Asian Art,https://images.metmuseum.org/CRDImages/as/original/DP-32414-028.jpg
61719,2000.282.15,,Initiation Card (Tsakalis): Mahakala,early 15th century,Opaque watercolor on paper,Each 6 1/4 x 5 3/4 in. (16 x 14.5 cm),15.9,14.6,Asian Art,https://images.metmuseum.org/CRDImages/as/original/DP-32414-030.jpg
61720,2000.282.16,,Initiation Card (Tsakalis): Hayagriva,early 15th century,Opaque watercolor on paper,Each 6 1/4 x 5 3/4 in. (16 x 14.5 cm),15.9,14.6,Asian Art,https://images.metmuseum.org/CRDImages/as/original/DP-32414-032.jpg
61721,2000.282.17,,Initiation Card (Tsakalis): Door Keeper,early 15th century,Opaque watercolor on paper,Each 6 1/4 x 5 3/4 in. (16 x 14.5 cm),15.9,14.6,Asian Art,https://images.metmuseum.org/CRDImages/as/original/DP-32414-034.jpg
61724,2000.282.20,,Iniation Card (Tsakalis),early 15th century,Opaque watercolor on paper,Each 6 1/4 x 5 3/4 in. (16 x 14.5 cm),15.9,14.6,Asian Art,https://images.metmuseum.org/CRDImages/as/original/DP-32414-040.jpg
61725,2000.282.21,,Initiation Card (Tsakalis),early 15th century,Opaque watercolor on paper,Each 6 1/4 x 5 3/4 in. (16 x 14.5 cm),15.9,14.6,Asian Art,https://images.metmuseum.org/CRDImages/as/original/DP-32414-042.jpg
61726,2000.282.22,,Initiation Card (Tsakalis),early 15th century,Opaque watercolor on paper,Each 6 1/4 x 5 3/4 in. (16 x 14.5 cm),15.9,14.6,Asian Art,https://images.metmuseum.org/CRDImages/as/original/DP-32414-044.jpg
61728,2000.282.24,,Initiation Card (Tsakalis),early 15th century,Opaque watercolor on paper,Each 6 1/4 x 5 3/4 in. (16 x 14.5 cm),15.9,14.6,Asian Art,https://images.metmuseum.org/CRDImages/as/original/DP-32414-048.jpg
61729,2000.282.25,,Initiation Card (Tsakalis),early 15th century,Opaque watercolor on paper,Each 6 1/4 x 5 3/4 in. (16 x 14.5 cm),15.9,14.6,Asian Art,https://images.metmuseum.org/CRDImages/as/original/DP-32414-050.jpg
62002,2001.442,Unidentified artist,Guan Yu,ca. 1700,"Hanging scroll; ink, color, and gold on silk","Image: 68 1/8 x 36 7/16 in. (173 x 92.6 cm)
Overall with mounting: 105 1/8 x 48 11/16 in. (267 x 123.7 cm)
Overall with knobs: 105 1/8 x 52 1/2 in. (267 x 133.4 cm)",173.0378,92.5514,Asian Art,https://images.metmuseum.org/CRDImages/as/original/DP-18070-024.jpg
626692,2014.250,Charles Le Brun,The Jabach Family,ca. 1660,Oil on canvas,110 1/4 × 129 1/8 in. (280 × 328 cm),280.0,328.0,European Paintings,https://images.metmuseum.org/CRDImages/ep/original/DP352819.jpg
631985,2014.269,Juan Rodríguez Juárez,The Entombment of Christ,ca. 1702,Oil and gold on copper,"10 3/16 × 7 3/4 in. (25.9 × 19.7 cm)
Framed: 17 3/4 × 15 3/4 × 1 1/2 in. (45.1 × 40 × 3.8 cm)",25.9,19.7,The American Wing,https://images.metmuseum.org/CRDImages/ad/original/DP333083.jpg
635384,2014.171,Nicolás Enríquez,The Baptism of Christ,1773,Oil on copper,"22 1/4 × 16 1/2 in. (56.5 × 41.9 cm)
Framed: 25 1/4 × 19 3/4 × 1 1/2 in. (64.1 × 50.2 × 3.8 cm)",56.515114,41.910084,The American Wing,https://images.metmuseum.org/CRDImages/ad/original/DP356935.jpg
635395,2014.174,Nicolás Enríquez,The Return of the Holy Family from Egypt,1773,Oil on copper,"22 1/4 × 16 1/2 in. (56.5 × 41.9 cm)
Framed: 25 in. × 19 1/2 in. × 1 1/2 in. (63.5 × 49.5 × 3.8 cm)",56.515114,41.910084,The American Wing,https://images.metmuseum.org/CRDImages/ad/original/DP356941.jpg
635399,2014.172,Nicolás Enríquez,The Virgin of El Camino with St. Fermín and St. Saturnino,1773,Oil on copper,"22 1/4 × 16 1/2 in. (56.5 × 41.9 cm)
Framed: 25 3/8 × 19 3/4 × 1 3/8 in. (64.5 × 50.2 × 3.5 cm)",56.515114,41.910084,The American Wing,https://images.metmuseum.org/CRDImages/ad/original/DP356937.jpg
635400,2014.175,Nicolás Enríquez,The Apparition of the Virgin of El Pilar to St. James,1773,Oil on copper,"22 1/4 × 16 1/2 in. (56.5 × 41.9 cm)
Framed: 25 1/4 × 19 3/4 × 1 1/2 in. (64.1 × 50.2 × 3.8 cm)",56.515114,41.910084,The American Wing,https://images.metmuseum.org/CRDImages/ad/original/DP356943.jpg
635401,2014.173,Nicolás Enríquez,The Virgin of Guadalupe with the Four Apparitions,1773,Oil on copper,"22 1/4 × 16 1/2 in. (56.5 × 41.9 cm)
Framed: 25 1/4 × 19 7/8 × 1 3/8 in. (64.1 × 50.5 × 3.5 cm)",56.515114,41.910084,The American Wing,https://images.metmuseum.org/CRDImages/ad/original/DP356939.jpg
63956,2002.3,Maejima Sōyū,The Chinese Explorer Zhang Qian on a Raft,mid-16th century,Hanging scroll; ink on paper,"Image: 20 5/16 × 13 11/16 in. (51.6 × 34.7 cm)
Overall with knobs: 50 × 16 1/4 in. (127 × 41.3 cm)
Overall with mounting: 50 × 14 1/2 in. (127 × 36.8 cm)",51.6,34.7,Asian Art,https://images.metmuseum.org/CRDImages/as/original/DP-35705-002.jpg
640565,2014.444,Pamela Hill,Amos Binney,ca. 1840,Oil on paper,4 × 3 1/8 in. (10.2 × 7.9 cm),10.16002,7.9375157,The American Wing,https://images.metmuseum.org/CRDImages/ad/original/DP701352.jpg
641257,2014.149,Fernando Yáñez de la Almedina,Head of Christ,ca. 1506,Oil on poplar,16 1/2 × 12 in. (41.9 × 30.5 cm),41.910084,30.48006,European Paintings,https://images.metmuseum.org/CRDImages/ep/original/DP349354.jpg
641448,2014.178,Gerardus Duyckinck I,Christ Healing the Blindman,ca. 1725–30,Oil on canvas,35 1/4 × 45 in. (89.5 × 114.3 cm),89.53518,114.30023,The American Wing,https://images.metmuseum.org/CRDImages/ad/original/DP331198.jpg
643540,2014.277,Giovanni Battista Gaulli (Il Baciccio),Portrait of a Woman,ca. 1670s,Oil on canvas,29 7/8 × 23 3/8 in. (75.9 × 59.4 cm),75.88265,59.37262,European Paintings,https://images.metmuseum.org/CRDImages/ep/original/DP341866.jpg
64372,1974.225.2y–ww,Tosa School,Scenes from the Tales of Ise (Ise monogatari),late 18th century,Set of album leaf paintings; ink and color on paper (shikishi),9 3/8 x 6 13/16 in. (23.8 x 17.3 cm),31.4326,22.3838,Asian Art,https://images.metmuseum.org/CRDImages/as/original/DT10749.jpg
644664,2015.300.18a–c,,Illustrated Legends of the Origins of the Kumano Shrines,late 16th–early 17th century,Set of three handscrolls; ink and color on paper,"Image (a): 9 1/2 in. × 33 ft. 5 5/8 in. (24.1 × 1020.2 cm)
Image (b): 9 1/2 in. × 20 ft. 2 5/16 in. (24.1 × 615.5 cm)
Image (c): 9 1/2 in. × 13 ft. 9 3/4 in. (24.1 × 421 cm)",24.1,421.0,Asian Art,https://images.metmuseum.org/CRDImages/as/original/DP-13226-003_crd.jpg
64533,2002.38,,Maharaja Bijay Singh in His Harem,ca. 1770,"Ink, opaque watercolor, and gold on paper",13 5/8 x 10 5/8 in. (34.6 x 27 cm),34.6076,26.9876,Asian Art,https://images.metmuseum.org/CRDImages/as/original/DP156162.jpg
64534,"2002.65a, b",,Maharaja Raj Singh Adored by His Ladies,ca. 1710–20,Ink and opaque watercolor on paper,"Image: 12 7/16 × 17 1/4 in. (31.6 × 43.8 cm)
Inscription:  2 3/4 × 5 3/8 in. (7 × 13.7 cm)
Sheet: 13 5/16 × 17 1/4 in. (33.8 × 43.8 cm)",31.591312,43.8151,Asian Art,https://images.metmuseum.org/CRDImages/as/original/DT5379.jpg
64535,2002.37,,Pleasures of the Hunt,ca. 1800,"Ink, opaque watercolor, gold and silver on paper","Image: 9 7/8 x 14 1/8 in. (25.1 x 35.8 cm)
Framed: 16 5/16 x 21 3/8 in. (41.4 x 54.3 cm)",25.1,35.8,Asian Art,https://images.metmuseum.org/CRDImages/as/original/DP153186.jpg
647338,2014.270,Giovanni Benedetto Castiglione (Il Grechetto),Saint Francis in Ecstasy,ca. 1650,Oil on canvas,77 × 53 1/4 in. (195.6 × 135.3 cm),195.5804,135.25526,European Paintings,https://images.metmuseum.org/CRDImages/ep/original/DP328663.jpg
64872,2015.300.201,Genki (Komai Ki),Scenes of the Four Seasons in Kyoto,1778,Handscroll; ink and color on silk,"Image: 12 5/16 in. × 16 ft. 7 15/16 in. (31.3 × 507.8 cm)
Overall with mounting: 12 13/16 in. × 16 ft. 7 15/16 in. (32.5 × 507.8 cm)",31.3,507.8,Asian Art,https://images.metmuseum.org/CRDImages/as/original/DP359324_crd.jpg
64890,2002.176,,The Death of the Demoness Putana: Folio from a Bhagavata Purana Series,ca. 1610,Opaque watercolor and ink paper,"Image: 6 5/8 × 9 5/8 in. (16.8 × 24.4 cm)
Sheet: 9 5/8 × 11 7/8 in. (24.4 × 30.2 cm)",16.8275,24.4475,Asian Art,https://images.metmuseum.org/CRDImages/as/original/DP156180.jpg
64891,2002.177,Stipple Master,Maharana Amar Singh II Riding a Jodhpur Horse,ca. 1700–1710,Opaque watercolor and ink on paper,"Page: 14 11/16 x 12 1/8 in. (37.3 x 30.8 cm)
Image: 13 3/16 x 10 3/4 in. (33.5 x 27.3 cm)",33.49632,27.305054,Asian Art,https://images.metmuseum.org/CRDImages/as/original/DT5391.jpg
64893,2002.179,,The Demon Hiranyaksha Departs the Demon Palace: Folio from a Bhagavata Purana Series,ca. 1740,"Opaque watercolor, ink and gold on paper","Page: 8 1/2 x 12 3/4 in. (21.6 x 32.4 cm)
Image: 7 1/16 x 11 1/4 in. (17.9 x 28.6 cm)",17.938786,28.575058,Asian Art,https://images.metmuseum.org/CRDImages/as/original/DP153188.jpg
65002,2002.349,Dalchand,Jhujhar Singh on Horseback,ca. 1720–30,"Ink, opaque watercolor, and gold on paper",Approx. 8 x 8 in. (20.3 x 20.3 cm),20.32,20.32,Asian Art,https://images.metmuseum.org/CRDImages/as/original/DP156144.jpg
65003,2002.411,,Equestrian Portrait of a Nobleman,ca. 1710–20,"Ink, opaque watercolor, and gold on paper",12 x 8 3/8 in. (30.5 x 21.3 cm),30.4801,21.2725,Asian Art,https://images.metmuseum.org/CRDImages/as/original/DP156145.jpg
65013,2002.328,Nardunbu,Horsemanship Competition for the Shunzhi Emperor,dated 1662,Handscroll; ink and color on paper,Image: 8 in. × 54 ft. 7 in. (20.3 × 1663.7 cm),20.32,1663.7032,Asian Art,https://images.metmuseum.org/CRDImages/as/original/DP104395_crd.jpg
65038,2002.459.1,Unidentified artist,A Long Tale for an Autumn Night (Aki no yo nagamonogatari),ca. 1400,"One handscroll from a set of three; ink, color, and gold on paper","Image: 12 1/4 in. × 32 ft. 7 1/4 in. (31.1 × 993.8 cm)
Overall with mounting: 12 5/8 in. × 34 ft. 6 7/8 in. (32.1 × 1053.8 cm)",,105.41021,Asian Art,https://images.metmuseum.org/CRDImages/as/original/DP244701_CRD.jpg
650682,2014.513,Kōsai Hokushin 蛟斎北岑,The Legendary Empress Jingū,mid-19th century,"Hanging scroll; ink, color, and gold on silk","Image: 28 7/8 × 12 15/16 in. (73.3 × 32.9 cm)
Overall with mounting: 63 1/8 × 16 5/16 in. (160.3 × 41.4 cm)
Overall with knobs: 63 1/8 × 18 in. (160.3 × 45.7 cm)",73.34264,32.861317,Asian Art,https://images.metmuseum.org/CRDImages/as/original/DP700737.jpg
651837,2014.435.1,Jean-Léon Gérôme,Bashi-Bazouk,ca. 1868–69,Oil on canvas,10 1/4 × 8 1/2 in. (26 × 21.6 cm),26.035051,21.590044,European Paintings,https://images.metmuseum.org/CRDImages/ep/original/DP331532.jpg
652416,2014.228,Pedro Orrente,The Crucifixion,ca. 1625–30,Oil on canvas,48 3/4 × 40 1/2 in. (123.8 × 102.9 cm),123.82525,102.87021,European Paintings,https://images.metmuseum.org/CRDImages/ep/original/DP360943.jpg
655744,2014.435.5,Frederick Goodall,William Edward Dighton (1822–1853) in Middle Eastern Dress,ca. 1852–53,Oil on canvas,21 × 15 1/2 in. (53.3 × 39.4 cm),53.340107,39.37008,European Paintings,https://images.metmuseum.org/CRDImages/ep/original/DP331534.jpg
65584,2003.165,,Krishna Revels with the Gopis: Page from a Dispersed Gita Govinda (Song of the Cowherds),ca. 1630–40,Opaque watercolor and silver on paper,4 1/2 x 8 in. (11.4 x 20.3 cm),11.43,20.32,Asian Art,https://images.metmuseum.org/CRDImages/as/original/DP152290.jpg
65595,2003.375,Chokha,Radha Crosses a River to Interview a Hindu Sage,ca. 1820,"Ink, opaque watercolor, silver, and gold on paper",8 1/4 x 13 1/4 in. (21 x 33.7 cm),20.955,33.6551,Asian Art,https://images.metmuseum.org/CRDImages/as/original/DP156172.jpg
656430,2014.605,Unidentified artist,Portrait of Yun Dongseom (1710–1795),ca. 1790–1805,Hanging scroll; ink and color on silk,"Image: 52 3/8 × 30 3/8 in. (133 × 77.2 cm)
Overall with mounting: 76 × 31 in. (193 × 78.7 cm)
Overall with knobs: 76 × 33 1/4 in. (193 × 84.5 cm)",133.03276,77.15266,Asian Art,https://images.metmuseum.org/CRDImages/as/original/DP341229.jpg
657683,2014.448,Ludovico Mazzolino,The Lamentation,ca. 1514–16,Oil on wood,22 × 18 in. (55.9 × 45.7 cm),55.88011,45.720093,European Paintings,https://images.metmuseum.org/CRDImages/ep/original/DP333085.jpg
658681,14.140.10,Kano Shōun,Immortal Poet,17th century,Unmounted shikisi leaf; ink and color on silk,7 1/4 × 6 1/2 in. (18.4 × 16.5 cm),18.415037,16.510033,Asian Art,https://images.metmuseum.org/CRDImages/as/original/14_140_10_F_sf.jpg
662737,2020.384,The Early Master at the Court of Mandi,"""Krishna Steals the Clothing of the Gopis (Female Cowherds)"", Folio from the Devotional Text of the Bhagavata Purana",ca. 1640,Opaque watercolor and gold  on paper,"Page:  H. 13 3/8 in. (34 cm)
             W. 9 7/16 in. (24 cm)
Painting:  H. 11 7/8 in. (30.2 cm)
                  W. 8 in. (20.3 cm)",30.16256,20.32004,Asian Art,https://images.metmuseum.org/CRDImages/as/original/DP334029.jpg
662782,2020.383,,"""Radha with Her Confidant, Pining for Krishna"", Folio from the ""Second"" or ""Tehri Garhwal"" Gita Govinda (Song of the Cowherd)",ca. 1775–80,Opaque watercolor and gold  on paper,"Page: 6 7/8 × 10 5/8 in. (17.5 × 27 cm)
Image: 6 in. × 9 15/16 in. (15.2 × 25.2 cm)",15.24003,25.2413,Asian Art,https://images.metmuseum.org/CRDImages/as/original/DP335788.jpg
662941,2014.740,Illuminator Minas (?),Armenian Manuscript Bifolium,15th century,Tempera and gold leaf on paper,"bifolio: 6 3/8 × 10 1/2 in. (16.2 × 26.6 cm)
Other (folio): 6 3/8 × 5 1/4 in. (16.2 × 13.3 cm)
Mat: 4 5/16 × 5 1/2 in. (11 × 14 cm)",16.2,26.6,Medieval Art,https://images.metmuseum.org/CRDImages/md/original/DP342091.jpg
663886,2015.3,unidentified artist,Portrait of Yinyuan Longqi (Ingen Ryūki),1676,Hanging scroll; ink and color on paper,"Image: 47 in. × 22 3/4 in. (119.4 × 57.8 cm)
Overall with mounting: 76 1/4 × 27 15/16 in. (193.7 × 71 cm)
Overall with knobs: 76 1/4 × 30 1/4 in. (193.7 × 76.8 cm)",119.38024,57.785114,Asian Art,https://images.metmuseum.org/CRDImages/as/original/DP355576.jpg
665702,2015.46,Gaetano Gandolfi,The Sacrifice of Iphigenia,1789,Oil on canvas,26 7/8 × 18 in. (68.3 × 45.7 cm),68.262634,45.720093,European Paintings,https://images.metmuseum.org/CRDImages/ep/original/DP341857.jpg
667347,2015.500.9.12,Teisai Hokuba,Five Beauties,1840,Hanging scroll; ink and color on silk,"Image: 15 3/8 × 20 3/4 in. (39.1 × 52.7 cm)
Overall with mounting: 47 3/4 × 25 3/4 in. (121.3 × 65.4 cm)
Overall with knobs: 47 3/4 × 28 in. (121.3 × 71.1 cm)",39.052578,52.705105,Asian Art,https://images.metmuseum.org/CRDImages/as/original/DP700717.jpg
667348,2015.500.9.49,Nishikawa Sukenobu,Courtesan and Attendant Playing with a Dog,ca. 1716–1736,Hanging scroll; ink and color on silk,"Image: 23 × 32 3/4 in. (58.4 × 83.2 cm)
Overall with mounting: 60 1/2 × 38 1/2 in. (153.7 × 97.8 cm)
Overall with knobs: 60 1/2 × 41 5/8 in. (153.7 × 105.7 cm)",58.420116,83.185165,Asian Art,https://images.metmuseum.org/CRDImages/as/original/DP-12232-320.jpg
669033,2014.608,Carolus-Duran (Charles-Auguste-Emile Durant),Henri Fantin-Latour (1836–1904),1861,Oil on canvas,18 3/4 × 15 in. (47.6 × 38.1 cm),47.625095,38.100075,European Paintings,https://images.metmuseum.org/CRDImages/ep/original/DP338851.jpg
669450,2015.75,Unidentified artist,Portrait of husband and wife,late 18th–early 19th century,Hanging scroll; ink and color on silk,"Image: 64 1/2 × 38 7/8 in. (163.8 × 98.7 cm)
Overall with mounting: 9 ft. 6 in. × 46 1/2 in. (289.6 × 118.1 cm)",163.83032,98.7427,Asian Art,https://images.metmuseum.org/CRDImages/as/original/DP700759.jpg
669490,64.164.362,,Virgin Mary with Christ in a Manger,18th century,Gouache on paper,Height (approximate): 4 in. (10.2 cm),,,European Sculpture and Decorative Arts,https://images.metmuseum.org/CRDImages/es/original/DP-41012-104.jpg
669491,64.164.363,,Joseph,18th century,Gouache on paper,Height (approximate): 4 in. (10.2 cm),,,European Sculpture and Decorative Arts,https://images.metmuseum.org/CRDImages/es/original/DP-41012-105.jpg
670765,2016.63,Guido Cagnacci,The Death of Cleopatra,ca. 1645–55,Oil on canvas,37 3/8 × 29 1/2 in. (95 × 75 cm),95.0,75.0,European Paintings,https://images.metmuseum.org/CRDImages/ep/original/DP375602.jpg
670886,2015.300.23,,"Ariwara Narihira, from the “Fujifusa Version” of Thirty-six Poetic Immortals (Fujifusa-bon Sanjūrokkasen emaki)",first half 15th century,Hanging scroll; ink and color on paper,"Image: 9 13/16 × 17 15/16 in. (25 × 45.5 cm)
Overall with mounting: 41 9/16 × 22 5/8 in. (105.5 × 57.4 cm)
Overall with knobs: 41 9/16 × 24 5/16 in. (105.5 × 61.8 cm)",25.0,45.5,Asian Art,https://images.metmuseum.org/CRDImages/as/original/DP-12232-020.jpg
670890,2015.300.174,Totoki Baigai,Daruma,18th century,Hanging scroll; ink and color on paper,"Image: 10 11/16 × 22 5/16 in. (27.1 × 56.7 cm)
Overall with mounting: 46 1/4 × 23 15/16 in. (117.5 × 60.8 cm)
Overall with knobs: 46 1/4 × 26 in. (117.5 × 66 cm)",27.1,56.7,Asian Art,https://images.metmuseum.org/CRDImages/as/original/DP-12232-208.jpg
670892,"2015.300.175a, b",Totoki Baigai,After Ike no Taiga and Yosa Buson’s Ten Conveniences and Ten Pleasures,1800,"Two albums, each with ten leaves; ink and color on paper","Image (each leaf): 7 3/8 × 7 5/8 in. (18.8 × 19.4 cm)
Each album: 9 5/16 × 8 11/16 × 15/16 in. (23.6 × 22 × 2.4 cm)",18.8,19.4,Asian Art,https://images.metmuseum.org/CRDImages/as/original/DP-13187-007 CRT.jpg
670901,2015.300.129,Miyagawa Chōshun,Gyoran Kannon,,Hanging scroll; ink and color on paper,"Image: 49 3/4 × 20 7/8 in. (126.4 × 53 cm)
Overall with mounting: 86 1/4 × 26 1/8 in. (219 × 66.4 cm)
Overall with knobs: 86 1/4 × 28 5/8 in. (219 × 72.7 cm)",126.4,53.0,Asian Art,https://images.metmuseum.org/CRDImages/as/original/DP-12232-115.jpg
670907,2015.300.123,Baiōken Eishun,Standing Courtesan,probably 1720s,Hanging scroll; ink and color on silk,"Image: 39 7/16 × 16 1/8 in. (100.2 × 41 cm)
Overall with mounting: 77 9/16 × 22 3/8 in. (197 × 56.8 cm)
Overall with knobs: 77 9/16 × 24 5/16 in. (197 × 61.7 cm)",100.2,41.0,Asian Art,https://images.metmuseum.org/CRDImages/as/original/DP-12232-103.jpg
670908,2015.300.145,Chōbunsai Eishi,Three Gods of Good Fortune Visit the Yoshiwara; or “Scenes of Pleasure at the Height of Spring”,early 19th century,Handscroll; ink and color on silk,Image: 13 1/8 in. × 29 ft. 2 9/16 in. (33.3 × 890.4 cm),33.337566,890.43054,Asian Art,https://images.metmuseum.org/CRDImages/as/original/DP359256_crd.jpg
670915,2015.300.24,Sumiyoshi Gukei,Portraits and Poems of the Thirty-six Poetic Immortals,1674–92,"Album of thirty-six paintings and thirty-six poems; ink, color and gold on silk and paper","Image (each leaf): 6 7/8 × 6 5/16 in. (17.4 × 16 cm)
Album: 8 3/4 × 7 11/16 × 2 5/8 in. (22.3 × 19.5 × 6.7 cm)",17.4,16.0,Asian Art,https://images.metmuseum.org/CRDImages/as/original/DP-13184-001.jpg
670916,2015.300.212,Ogawa Haritsu (Ritsuō),"Courtesan Enjoying a Cool Summer
 Evening",1741,Hanging scroll; ink and color on silk,"Image: 15 1/4 × 21 5/16 in. (38.7 × 54.2 cm)
Overall with mounting: 51 11/16 × 26 7/8 in. (131.3 × 68.3 cm)
Overall with knobs: 51 11/16 × 29 1/16 in. (131.3 × 73.8 cm)",38.7,54.2,Asian Art,https://images.metmuseum.org/CRDImages/as/original/DP-12232-271.jpg
670923,2015.300.94,Sakai Hōitsu,The Thirty-Six Poetic Immortals,1824,Handscroll; ink and color on paper,Overall with mounting: 11 5/8 × 27 ft. 1 13/16 in. (29.5 × 827.6 cm),29.52756,827.5654,Asian Art,https://images.metmuseum.org/CRDImages/as/original/2015_300_94_D1_Burke.jpg
670930,2015.300.130,Torii Kiyotomo,Woman with Battledore and Shuttlecock,1815–20,"Hanging scroll; ink, color and gold on paper","Image: 45 3/16 × 20 11/16 in. (114.8 × 52.5 cm)
Overall with mounting: 71 1/4 × 24 1/8 in. (181 × 61.2 cm)
Overall with knobs: 71 1/4 × 26 3/8 in. (181 × 67 cm)",114.8,52.5,Asian Art,https://images.metmuseum.org/CRDImages/as/original/DP-15656-002.jpg
670933,2015.300.136,Isoda Koryūsai,Courtesan and  Two Attendants on New Year's Day,ca. 1780s,"Hanging scroll; ink, color and gold on paper",Image: 33 11/16 × 13 11/16 in. (85.6 × 34.7 cm),85.6,34.7,Asian Art,https://images.metmuseum.org/CRDImages/as/original/DP-15660-002.jpg
670952,2015.300.9,,Section of Jin'o-ji Engi Emaki,early 14th century,"Handscroll section, mounted as a
 hanging scroll; ink, color on paper","Image: 15 1/4 × 30 3/4 in. (38.7 × 78.1 cm)
Overall with mounting: 48 1/2 × 35 1/4 in. (123.2 × 89.5 cm)
Overall with knobs: 48 1/2 × 37 3/4 in. (123.2 × 95.9 cm)",38.735077,78.105156,Asian Art,https://images.metmuseum.org/CRDImages/as/original/DP-12232-010.jpg
670954,2015.300.125,Kakondō,Courtesan and Attendant in Early Spring,early 18th century,"Hanging scroll; ink, color and gold on paper","Image: 31 1/8 × 15 13/16 in. (79 × 40.2 cm)
Overall with mounting: 51 3/16 × 19 5/16 in. (130 × 49 cm)
Overall with knobs: 51 3/16 × 21 1/4 in. (130 × 54 cm)",79.0,40.2,Asian Art,https://images.metmuseum.org/CRDImages/as/original/DP-12232-107.jpg
670956,2015.300.124,Kengetsudō,Manzai Performers,ca. 1720s–30s,Hanging scroll; ink and color on paper,"Image: 41 7/8 × 18 3/8 in. (106.4 × 46.7 cm)
Overall with mounting: 65 7/8 × 23 3/16 in. (167.3 × 58.9 cm)
Overall with knobs: 65 7/8 × 25 3/8 in. (167.3 × 64.5 cm)",106.4,46.672592,Asian Art,https://images.metmuseum.org/CRDImages/as/original/DP-12232-105.jpg
670969,2015.300.211a–g,Iwasa Matabei,Pictures with Letters,17th century,Fourteen figures on seven folded sheets; ink on paper,"Image (a): 8 3/4 × 15 11/16 in. (22.3 × 39.9 cm)
Image (b): 8 3/4 × 11 1/2 in. (22.3 × 29.2 cm)
Image (c): 8 3/4 × 11 9/16 in. (22.3 × 29.3 cm)
Image (d): 8 3/4 × 11 3/8 in. (22.3 × 28.9 cm)
Image (e): 8 3/4 × 11 9/16 in. (22.3 × 29.4 cm)
Image (f): 8 3/4 × 11 3/16 in. (22.3 × 28.4 cm)
Image (g): 8 3/4 × 12 3/16 in. (22.3 × 30.9 cm)",22.3,28.9,Asian Art,https://images.metmuseum.org/CRDImages/as/original/DP-13180-016.jpg
670971,2015.300.45,Shūsei,Monju on a Lion,late 15th century,Hanging scroll; ink on paper,"Image: 32 1/16 in. × 13 in. (81.5 × 33 cm)
Overall with mounting: 65 9/16 × 19 1/8 in. (166.5 × 48.6 cm)
Overall with knobs: 65 9/16 × 20 7/8 in. (166.5 × 53 cm)",81.5,33.020065,Asian Art,https://images.metmuseum.org/CRDImages/as/original/DP-12232-032.jpg
670973,2015.300.113,Furuyama Moroshige,Young Woman on a Veranda,second half of the 17th century,Hanging scroll; ink and color on silk,"Image: 11 7/16 × 18 3/16 in. (29 × 46.2 cm)
Overall with mounting: 38 × 20 1/4 in. (96.5 × 51.5 cm)
Overall with knobs: 38 × 22 5/8 in. (96.5 × 57.5 cm)",29.0,46.2,Asian Art,https://images.metmuseum.org/CRDImages/as/original/DP-12232-091.jpg
670979,2015.300.72,Konoe Nobutada,Tenjin Traveling to China,late 16th century,Hanging scroll; ink on paper,"Image: 38 7/16 × 16 13/16 in. (97.7 × 42.7 cm)
Overall with mounting: 72 1/16 × 17 13/16 in. (183 × 45.3 cm)
Overall with knobs: 72 1/16 × 19 13/16 in. (183 × 50.4 cm)",97.7,42.7,Asian Art,https://images.metmuseum.org/CRDImages/as/original/DP-12232-059.jpg
670997,2015.300.120,Tōsendō Rifū,Standing Woman,ca. 1730,Hanging scroll; ink and color on silk,"Image: 26 7/8 × 12 1/8 in. (68.3 × 30.8 cm)
Overall with mounting: 60 1/4 × 16 15/16 in. (153 × 43 cm)
Overall with knobs: 60 1/4 × 18 7/8 in. (153 × 48 cm)",68.262634,30.797562,Asian Art,https://images.metmuseum.org/CRDImages/as/original/DP-12232-101.jpg
670999,2015.300.204,Nagasawa Rosetsu,Drinking Festival of the Eight Immortals of the Wine Cup,late 18th century,Hanging scroll; ink and color on paper,"Image: 51 5/8 × 23 11/16 in. (131.1 × 60.1 cm)
Overall with mounting: 88 3/4 × 29 11/16 in. (225.5 × 75.4 cm)
Overall with knobs: 88 3/4 × 32 1/16 in. (225.5 × 81.5 cm)",131.1,60.1,Asian Art,https://images.metmuseum.org/CRDImages/as/original/DP-12232-258.jpg
671000,2015.300.205,Nagasawa Rosetsu 長澤蘆雪,Two Women and a Puppy,1787–88,Hanging scroll; ink and color on silk,"Image: 39 3/4 × 13 15/16 in. (101 × 35.4 cm)
Overall with mounting: 74 3/16 × 19 5/16 in. (188.5 × 49 cm)
Overall with knobs: 74 3/16 × 21 1/4 in. (188.5 × 54 cm)",101.0,35.4,Asian Art,https://images.metmuseum.org/CRDImages/as/original/DP-12232-260.jpg
671003,2015.300.126,Ryūkadō,Standing Woman,1740s,Hanging scroll; ink and color on paper,"Image: 28 11/16 in. × 13 in. (72.8 × 33 cm)
Overall with mounting: 60 13/16 × 14 3/4 in. (154.5 × 37.4 cm)
Overall with knobs: 60 13/16 × 17 1/16 in. (154.5 × 43.3 cm)",72.8,33.0,Asian Art,https://images.metmuseum.org/CRDImages/as/original/DP-12232-109.jpg
671005,2015.300.138,Miyagawa (Katsukawa) Shunsui,Young Woman with a Book,mid-18th century,"Hanging scroll; ink, color and gold on silk","Image: 30 7/8 × 13 7/8 in. (78.5 × 35.2 cm)
Overall with mounting: 67 5/16 × 15 1/16 in. (171 × 38.3 cm)
Overall with knobs: 67 5/16 × 17 1/4 in. (171 × 43.8 cm)",78.5,35.2,Asian Art,https://images.metmuseum.org/CRDImages/as/original/DP-12232-126.jpg
671007,2015.300.114,Nishikawa Sukenobu,Lady Ise by the Riverbank,late 18th century,Hanging scroll; ink and color on paper,"Image: 33 3/4 in. × 13 in. (85.8 × 33 cm)
Overall with mounting: 65 9/16 × 14 7/16 in. (166.5 × 36.7 cm)
Overall with knobs: 65 9/16 × 17 1/16 in. (166.5 × 43.3 cm)",85.8,33.0,Asian Art,https://images.metmuseum.org/CRDImages/as/original/DP-12232-093.jpg
671008,2015.300.115,Nishikawa Sukenobu,The God Izanagi and Goddess Izanami,18th century,Hanging scroll; ink and color on paper,"Image: 15 1/16 × 22 7/16 in. (38.3 × 57 cm)
Overall with mounting: 49 13/16 × 27 5/16 in. (126.5 × 69.4 cm)
Overall with knobs: 49 13/16 × 29 7/16 in. (126.5 × 74.7 cm)",38.3,57.0,Asian Art,https://images.metmuseum.org/CRDImages/as/original/DP-12232-095.jpg
671013,2015.300.117,Tsukioka Sessai,Kiku Jidō (Chrysanthemum Boy),18th century,Hanging scroll; ink on silk,Image: 32 × 12 in. (81.3 × 30.5 cm),81.28016,30.48006,Asian Art,https://images.metmuseum.org/CRDImages/as/original/DP-12232-097.jpg
671015,2015.300.40,Tsukioka Settei,"The Third Princess with her Cat, from the ""New Herbs I"" (Wakana I)
 chapter The Tale of Genji (Genji monogatari}",18th century,Hanging scroll; ink and color on silk,"Image: 34 13/16 × 12 7/16 in. (88.5 × 31.6 cm)
Overall with mounting: 70 1/4 × 17 13/16 in. (178.5 × 45.2 cm)
Overall with knobs: 70 1/4 × 19 3/4 in. (178.5 × 50.2 cm)",88.5,31.6,Asian Art,https://images.metmuseum.org/CRDImages/as/original/DP-12232-024.jpg
671016,2015.300.15,,The Four Deities of Mount Kōya,16th century,"Hanging scroll; ink, color and gold on silk","Image: 40 3/16 × 19 1/2 in. (102 × 49.5 cm)
Overall with mounting: 65 15/16 × 25 7/16 in. (167.5 × 64.6 cm)
Overall with knobs: 65 15/16 × 27 5/8 in. (167.5 × 70.2 cm)",102.0,49.5,Asian Art,https://images.metmuseum.org/CRDImages/as/original/DP700739.jpg
671018,2015.300.116,Tsukioka Settei,Shirabyōshi Dancer and Female Servant; Courtesan and Girl Attendant,mid-18th century,"Hanging scroll paintings, remounted as a two‑panel folding screen; ink, color, and gold on silk",Image (each): 45 in. × 16 1/2 in. (114.3 × 41.9 cm),114.30023,41.910084,Asian Art,https://images.metmuseum.org/CRDImages/as/original/DP-13540-001.jpg
671021,2015.300.127,Takizawa Shigenobu,Woman on Veranda,ca. 1730,Hanging scroll; ink and color on silk,"Image: 39 15/16 × 18 3/8 in. (101.5 × 46.6 cm)
Overall with mounting: 71 7/16 × 22 11/16 in. (181.5 × 57.6 cm)
Overall with knobs: 71 7/16 × 24 7/8 in. (181.5 × 63.2 cm)",101.5,46.6,Asian Art,https://images.metmuseum.org/CRDImages/as/original/DP-12232-111.jpg
671031,2015.300.122,Fuhiken Tokikaze,Woman Reading under a Mosquito Net,ca. 1720,Hanging scroll; ink and color on silk,"Image: 27 1/2 × 14 5/8 in. (69.8 × 37.1 cm)
Overall with mounting: 60 3/16 × 22 1/8 in. (152.8 × 56.2 cm)",69.8,37.1,Asian Art,https://images.metmuseum.org/CRDImages/as/original/DP357986.jpg
671032,2015.300.42,Kawamata Tsunemasa,"""Evening Faces"" chapter from The Tale of Genji (Genji monogatari)",18th century,Hanging scroll; ink and color on paper,"Image: 13 1/8 × 21 9/16 in. (33.4 × 54.7 cm)
Overall with mounting: 46 7/16 × 25 3/16 in. (118 × 64 cm)
Overall with knobs: 46 7/16 × 27 5/16 in. (118 × 69.3 cm)",33.4,54.7,Asian Art,https://images.metmuseum.org/CRDImages/as/original/DP-12232-028.jpg
671041,2015.300.146,Utagawa Toyoharu,"Courtesan and her Attendant under a Cherry 
Tree",early 19th century,Hanging scroll; ink and color on silk,"Image: 35 5/16 in. × 14 in. (89.7 × 35.5 cm)
Overall with mounting: 67 1/2 × 18 3/8 in. (171.5 × 46.7 cm)
Overall with knobs: 67 1/2 × 20 1/2 in. (171.5 × 52.1 cm)",89.7,35.5,Asian Art,https://images.metmuseum.org/CRDImages/as/original/DP-12232-145.jpg
671042,2015.300.75,Ono no Ozū (Ono no Tsū),Hotei with a Child,1624,Hanging scroll; ink on paper,"Image: 24 5/8 × 16 1/16 in. (62.6 × 40.8 cm)
Overall with mounting: 68 1/2 × 21 9/16 in. (174 × 54.7 cm)
Overall with knobs: 68 1/2 × 23 11/16 in. (174 × 60.2 cm)",62.6,40.8,Asian Art,https://images.metmuseum.org/CRDImages/as/original/DP-12232-061.jpg
671044,2015.300.147,Utagawa Toyokuni I,"Bandō Mitsugorō II as Shinbei in the Kabuki 
Play ""Sukeroku""",late 18th–early 19th century,Hanging scroll; ink and color on paper,"Image: 23 9/16 × 10 3/8 in. (59.8 × 26.4 cm)
Overall with mounting: 55 11/16 × 14 13/16 in. (141.5 × 37.7 cm)
Overall with knobs: 55 11/16 × 17 1/8 in. (141.5 × 43.5 cm)",59.8,26.4,Asian Art,https://images.metmuseum.org/CRDImages/as/original/DP-12232-147.jpg
671045,2015.300.149,Utagawa Toyohiro,Woman and Child under a Cherry Tree,late 18th–early 19th century,Hanging scroll; ink and color on silk,"Image: 34 5/8 in. × 11 in. (88 × 28 cm)
Overall with mounting: 66 3/4 × 15 7/8 in. (169.5 × 40.3 cm)
Overall with knobs: 66 3/4 × 18 1/16 in. (169.5 × 45.9 cm)",88.0,28.0,Asian Art,https://images.metmuseum.org/CRDImages/as/original/DP-12232-151.jpg
671050,2015.300.143,Kinpūsha Toyomaro,Courtesans Parodying Kanzan and Jittoku,late 18th–early 19th century,"Hanging scroll; ink, color and gold on paper","Image: 48 1/4 × 22 1/4 in. (122.5 × 56.5 cm)
Overall with mounting: 85 1/4 × 27 13/16 in. (216.5 × 70.7 cm)
Overall with knobs: 85 1/4 × 30 5/16 in. (216.5 × 77 cm)",122.5,56.5,Asian Art,https://images.metmuseum.org/CRDImages/as/original/DP-12232-141.jpg
675695,2014.727,Kubo Shunman,The Six Poetic Immortals,ca. 1810,Hanging scroll; ink and color on silk,36 × 12 3/4 in. (91.4 × 32.4 cm),91.440186,32.385063,Asian Art,https://images.metmuseum.org/CRDImages/as/original/DP700705.jpg
676034,2015.253,,Mountain God with Tiger and Attendants,1874,Framed; Ink and color on silk,"Painting: 35 1/2 × 23 1/2 in. (90.2 × 59.7 cm)
Frame: 52 3/4 in. × 31 1/4 in. × 1 in. (134 × 79.4 × 2.5 cm)",90.17018,59.69012,Asian Art,https://images.metmuseum.org/CRDImages/as/original/DP-14823-002.jpg
679686,2015.263,Fernand Khnopff,Hortensia,1884,Oil on canvas,18 13/16 × 23 1/2 in. (47.8 × 59.7 cm),47.8,59.7,European Paintings,https://images.metmuseum.org/CRDImages/ep/original/DP354135.jpg
679844,2015.146,Joachim Beuckelaer,Fish Market,1568,Oil on Baltic oak,50 5/8 × 68 7/8 in. (128.6 × 174.9 cm),128.58775,174.94286,European Paintings,https://images.metmuseum.org/CRDImages/ep/original/DP375107.jpg
682689,2015.613,Henry François Farny,A Successful Hunt,1906,"Gouache, watercolor, gum Arabic glazes, charcoal on white wove paper mounted on board","14 5/8 × 9 3/16 in. (37.1 × 23.3 cm)
Frame: 24 × 18 3/4 × 1 in. (61 × 47.6 × 2.5 cm)",37.147575,23.336296,The American Wing,https://images.metmuseum.org/CRDImages/ad/original/DP359273.jpg
68287,13.220.133,,God of Longevity (Shoulao) and boy,19th century,Hanging scroll; silk tapestry (kesi) with ink and color,Overall: 32 x 18 1/2 in. (81.28 x 46.99 cm),81.28,46.99,Asian Art,https://images.metmuseum.org/CRDImages/as/original/13_220_133.jpg
682875,2015.395,Pierre-Louis Pierson,La Frayeur,1861–64,Salted paper print from glass negative with applied color,"Image: 22 7/16 × 17 5/16 in. (57 × 44 cm)
Mat: 29 1/2 × 23 5/16 in. (75 × 59.2 cm)",57.0,44.0,Photographs,https://images.metmuseum.org/CRDImages/ph/original/DP356453.jpg
684184,2015.706,Simon Bening,Book of Hours,ca. 1530–35,"Tempera, gold, and ink on parchment; modern red leather binding","Manuscript: 2 9/16 × 2 1/16 × 1 1/8 in. (6.5 × 5.2 × 2.9 cm)
Folio: 2 5/16 × 1 5/8 in. (5.9 × 4.2 cm)
Illumination only: 1 7/8 × 1 5/16 in. (4.8 × 3.4 cm)
Text area: 1 7/16 in. × 1 in. (3.6 × 2.6 cm)",5.9,4.2,The Cloisters,https://images.metmuseum.org/CRDImages/cl/original/DP-634-007.jpg
684606,2015.757,Thomas Le Clear,Boys Fishing,1846,Oil on canvas,26 × 21 in. (66 × 53.3 cm),66.04013,53.340107,The American Wing,https://images.metmuseum.org/CRDImages/ad/original/DP-14224-001.jpg
685040,2015.282,Jean-Léon Gérôme,Woman at a Balcony,1887–88,Oil on canvas,19 3/4 × 16 3/8 in. (50.2 × 41.6 cm),50.1651,41.592583,European Paintings,https://images.metmuseum.org/CRDImages/ep/original/DP354143.jpg
687513,2015.398,Luis de Morales,The Lamentation,ca. 1560,Oil on walnut,35 × 24 5/8 in. (89 × 62.5 cm),88.90018,62.5,European Paintings,https://images.metmuseum.org/CRDImages/ep/original/DP370255.jpg
690059,2016.19,Unidentified artist,"“The Historical Buddha Preaching,” a section from The Illustrated Sutra of Past and Present Karma (Kako genzai inga kyō emaki)",mid-8th century,Handscroll section mounted as a hanging scroll;  ink and color on paper,"Image: 10 1/8 × 10 3/4 in. (25.7 × 27.3 cm)
Overall with mounting: 49 3/16 × 16 3/4 in. (125 × 42.6 cm)
Overall with knobs: 49 3/16 × 17 13/16 in. (125 × 45.3 cm)",25.717552,27.305054,Asian Art,https://images.metmuseum.org/CRDImages/as/original/DP-757-002.jpg
692597,2017.714,Antoniazzo Romano (Antonio di Benedetto Aquilio),Saint Francis of Assisi,ca. 1480–81,"Tempera and gold on wood, transferred to wood",63 1/8 × 23 1/2 in. (160.3 × 59.7 cm),160.33781,59.69012,European Paintings,https://images.metmuseum.org/CRDImages/ep/original/DP-17151-001.jpg
698529,2016.135,Jules Tavernier,"Dance in a Subterranean Roundhouse at Clear Lake, California",1878,Oil on canvas,48 × 72 1/4 in. (121.9 × 183.5 cm),121.92024,183.51537,The American Wing,https://images.metmuseum.org/CRDImages/ad/original/2016.135.jpg
698749,2020.287,Vilhelm Hammershøi,Self-Portrait at Spurveskjul,1911,Oil on canvas,35 1/2 × 39 3/8 in. (90 × 100 cm),90.17018,100.0,European Paintings,https://images.metmuseum.org/CRDImages/ep/original/DP-19037-001.jpg
700489,2015.589,Sanford Robinson Gifford,Self-portrait,1853,Oil on paper,4 1/4 × 3 1/4 in. (10.8 × 8.3 cm),10.795022,8.255016,The American Wing,https://images.metmuseum.org/CRDImages/ad/original/DP-25703-001.jpg
701989,2016.116,Joshua Johnson,Emma Van Name,ca. 1805,Oil on canvasPainting,29 × 23 in. (73.7 × 58.4 cm),73.66015,58.420116,The American Wing,https://images.metmuseum.org/CRDImages/ad/original/DP-952-001.jpg
702752,2015.645,Benedetto Luti,Christ and the Woman of Samaria,1715–20,Oil on copper,15 × 12 1/8 in. (38.2 × 30.9 cm),38.1,30.797562,European Paintings,https://images.metmuseum.org/CRDImages/ep/original/DP-20208-001.jpg
705791,2019.419.2,Sakai Hōitsu,Willow Kannon,probably 1810s,"Hanging scroll; ink, color, and gold leaf on silk","Image: 32 5/8 × 14 1/8 in. (82.9 × 35.9 cm)
Overall with mounting: 76 × 18 5/8 in. (193 × 47.3 cm)
Overall with knobs: 76 × 21 in. (193 × 53.3 cm)",82.86767,35.87757,Asian Art,https://images.metmuseum.org/CRDImages/as/original/DP-29305-002.jpg
706056,2015.785,Manohar,The Virgin and Child Attended by Angels,ca 1600,Brown and blue ink with gold on paper,"Page: H. 12 5/8 in. (32.1 cm)
           W. 9 3/16 in. (23.3 cm)
Drawing: H. 6 3/16 in. (15.7 cm)
                 W. 3 5/16 in. (8.4 cm)",15.716282,8.413767,Asian Art,https://images.metmuseum.org/CRDImages/as/original/DP-832-001.jpg
708024,2016.50,Samuel Jennings,"Study For Liberty Displaying the Arts and Sciences, or The Genius of America Encouraging the Emancipation of the Blacks",ca. 1791–92,Oil on canvas,10 3/4 × 12 1/2 in. (27.3 × 31.8 cm),27.305054,31.750063,The American Wing,https://images.metmuseum.org/CRDImages/ad/original/DP-15278-001.jpg
712098,2016.238,Liu Jun,The Daoist Immortal Han Xiangzi,"undated, late 15th–early 16th century",Framed hanging scroll; ink and color on silk,"Image: 48 in. × 26 3/4 in. (121.9 × 67.9 cm)
Framed: 62 1/4 × 39 in. (158.1 × 99.1 cm)",121.92024,67.94514,Asian Art,https://images.metmuseum.org/CRDImages/as/original/LC-2016_238-BT-2017.jpg
712539,2016.507,Carlo Dolci,Saint Philip Neri (1515–1595),1645 or 1646,Oil on canvas,17 1/2 × 14 1/4 in. (44.5 × 36.2 cm),44.45009,36.2,European Paintings,https://images.metmuseum.org/CRDImages/ep/original/DP-944-001.jpg
712946,2016.485,Giovanni Battista Caracciolo,The Calling of Saint Matthew,ca. 1625–30,Oil on canvas,51 3/8 × 61 1/2 in. (130.5 × 156.2 cm),130.49277,156.21031,European Paintings,https://images.metmuseum.org/CRDImages/ep/original/DP-12392-001.jpg
712987,2016.248,,Vamana being blessed by King Bali,ca. 1780s,Opaque pigments with gold on paper,Image: 7 × 4 1/8 in. (17.8 × 10.5 cm); sheet: 8 1/4 × 5 5/16 in. (21 × 13.5 cm),17.8,10.5,Asian Art,https://images.metmuseum.org/CRDImages/as/original/DP-22233-001.jpg
719486,2016.553,José Sánchez,The Marriage of the Virgin,ca. 1690,Oil on canvas,50 1/4 × 72 in. (127.6 × 182.9 cm),127.635254,182.88037,The American Wing,https://images.metmuseum.org/CRDImages/ad/original/DP-15281-001.jpg
72451,2015.300.14,,Niu Myōjin,early 14th century,"Hanging scroll; ink, color, and gold on silk","Image: 32 5/8 × 14 7/16 in. (82.9 × 36.7 cm)
Overall with mounting: 66 9/16 × 20 in. (169 × 50.8 cm)
Overall with knobs: 66 9/16 × 21 3/4 in. (169 × 55.3 cm)",82.9,36.7,Asian Art,https://images.metmuseum.org/CRDImages/as/original/DP217405.jpg
724811,2016.394,Placido Costanzi,A Miracle of Saint Joseph of Cupertino (1603–1663),1750,Oil on canvas,20 7/8 × 14 7/8 in. (53 × 37.8 cm),53.022606,37.782574,European Paintings,https://images.metmuseum.org/CRDImages/ep/original/DP-12357-001.jpg
72545,2004.367,Nainsukh,The Monkey King Vali's Funeral Pyre: Illustrated folio from a dispersed Ramayana series,ca. 1780,"Ink, opaque watercolor, silver, and gold on paper",9 3/4 x 13 3/8 in. (24.8 x 34 cm),24.765,33.9726,Asian Art,https://images.metmuseum.org/CRDImages/as/original/DP153189.jpg
72570,2004.309,Unidentified artist,Portrait of a Warrior,late 16th century,Hanging scroll; ink and color on silk,"Image: 47 13/16 x 33 9/16 in. (121.4 x 85.2 cm)
Overall with mounting: 86 3/4 x 41 5/8 in. (220.3 x 105.7 cm)
Overall with knobs: 86 3/4 x 45 1/8 in. (220.3 x 114.6 cm)",121.444,85.2489,Asian Art,https://images.metmuseum.org/CRDImages/as/original/DP317440.jpg
72573,2004.408,,Maharana Raj Singh II in Procession with Members of His Court,ca. 1755,"Ink, opaque watercolor, and gold on paper",Page 17 1/8 x 14 1/2 in. (43.5 x 36.8 cm),43.4976,36.8301,Asian Art,https://images.metmuseum.org/CRDImages/as/original/2004_408_STR1.JPG
72589,2004.403,Stipple Master,Maharana Sangram Singh Riding a Prize Stallion,ca. 1712,"Ink, opaque watercolor, gold, and Basra pearls on paper",8 1/4 x 7 1/2 in. (21 x 19 cm),21.0,19.0,Asian Art,https://images.metmuseum.org/CRDImages/as/original/DP112943.jpg
72618,2004.444,,The Goddess Vasudhara Flanked by Kubera and a Fragmentary Durga,dated 1651,Double-sided scroll; ink and color on cloth,Image: 11 3/8 x 22 in. (28.9 x 55.9 cm),28.8926,55.8801,Asian Art,https://images.metmuseum.org/CRDImages/as/original/DP112945.jpg
72629,2005.35,,Lustration of the Infant Jina Mahavira: Folio from a Kalpasutra Manuscript,late 14th century,Opaque watercolor on paper,3 1/2 x 10 15/16 in. (8.9 x 27.8 cm),8.89,27.7813,Asian Art,https://images.metmuseum.org/CRDImages/as/original/DP218615.jpg
726543,2016.392,Angelica Kauffmann,Monsignor Giuseppe Spina (1756–1828),1798,Oil on canvas,37 5/8 × 31 1/2 in. (95.5 × 80 cm),95.5,80.0,European Paintings,https://images.metmuseum.org/CRDImages/ep/original/DP-17370-001.jpg
72720,2005.360,Nihal Chand,Maharaja Raj Singh in Procession with Members of His Court,ca. 1700,"Ink, opaque watercolor, and gold on paper",Image: 8 1/4 x 12 3/4 in. (21 x 32.4 cm),20.955,32.3851,Asian Art,https://images.metmuseum.org/CRDImages/as/original/DP152347.jpg
72752,2005.370,,"Radha, the Beloved of Krishna",ca. 1750,Ink and opaque watercolor on paper,"Image: 12 1/2 x 9 in. (31.8 x 22.9 cm)
Page: 18 x 12 5/8 in. (45.7 x 32.1 cm)",31.7501,22.86,Asian Art,https://images.metmuseum.org/CRDImages/as/original/2005_370_O.JPG
72769,2005.277,Unidentified artist,"Rice Culture, or Sowing and Reaping",before 1353,Handscroll; ink and color on silk,"Image: 10 1/2 x 199 3/8 in. (26.7 x 506.4 cm)
Overall with mounting: 12 1/4 x 389 in. (31.1 x 988.1 cm)",26.6701,506.4135,Asian Art,https://images.metmuseum.org/CRDImages/as/original/DP120736.jpg
73148,2006.33,,Andhrayaki Ragini: Folio from a ragamala series (Garland of Musical Modes),ca. 1710,"Ink, opaque watercolor, and gold on paper","Image: 7 3/8 x 4 7/8 in. (18.7 x 12.4 cm)
Page: 8 1/2 x 6 1/8 in. (21.6 x 15.6 cm)",18.7325,12.3825,Asian Art,https://images.metmuseum.org/CRDImages/as/original/DP153191.jpg
73167,"2006.42.1, .2",Kano Takanobu,Meeting between Emperor Wen and Fisherman Lü Shang,ca. 1600,"Pair of six-panel folding screens; ink, color, and gold on gilded paper",Image (each screen): 66 7/16 x 149 1/2 in. (168.8 x 379.7 cm),168.8,379.7,Asian Art,https://images.metmuseum.org/CRDImages/as/original/DP133069.jpg
73202,2006.105,,"Mahakala, Protector of the Tent",ca. 1650,Distemper and gold on blue silk,"Image: 29 x 20 1/2 in. (73.7 x 52.1 cm)
Overall: 30 1/4 x 21 3/4 in. (76.8 x 55.2 cm)",73.6601,52.0701,Asian Art,https://images.metmuseum.org/CRDImages/as/original/DP135204.jpg
73259,2006.286,Ala Bagas,Maharaja Baghji with Courtiers and His Infant Son,ca. 1750,"Ink, opaque watercolor, silver and gold on paper","Image: 12 3/4 x 8 11/16 in. (32.4 x 22 cm)
Overall (Page): 14 7/8 x 10 5/8 in. (37.8 x 27 cm)",32.4,22.0,Asian Art,https://images.metmuseum.org/CRDImages/as/original/DP-42642-001.jpg
73260,2006.475,Ghasi,Equestrian Portrait of Maharana Bhim Singh,ca. 1825,Opaque watercolor and gold on paper,Overall: 25 1/2 x 20 1/8 in. (64.8 x 51.1 cm),64.7701,51.1176,Asian Art,https://images.metmuseum.org/CRDImages/as/original/2006_475_O.jpg
73261,2006.451,Chokha,Escapade at Night:,ca. 1800–10,"Opaque watercolor, ink and gold on paper","Image: 11 1/2 x 14 7/8 in. (29.2 x 37.8 cm)
Page: 12 3/16 x 15 15/16 in. (31 x 40.5 cm)",29.210058,37.782574,Asian Art,https://images.metmuseum.org/CRDImages/as/original/DP146534.jpg
73295,2006.239,,"Krishna's Earthly Ties, Page from a Dispersed Bivamangalastava",1695–1700,"Opaque watercolor, ink, and gold on paper",Image: 10 1/4 x 8 in. (26 x 20.3 cm),26.0351,20.32,Asian Art,https://images.metmuseum.org/CRDImages/as/original/DP140153.jpg
73300,2006.285,,Sakya Pandita,18th century,Distemper on cloth,"Image: 28 x 18 1/2 in. (71.1 x 47 cm)
Overall (with brocade): 48 x 27 in. (121.9 x 68.6 cm)",71.1201,46.9901,Asian Art,https://images.metmuseum.org/CRDImages/as/original/2006_285.JPG
73355,2015.300.144,Kaseki,Enjoying the Cool Breeze,early 18th century,Hanging scroll; ink and color on silk,"Image: 14 1/2 in. × 21 in. (36.8 × 53.3 cm)
Overall with mounting: 50 × 24 5/8 in. (127 × 62.5 cm)
Overall with knobs: 50 × 27 3/16 in. (127 × 69 cm)",36.8,53.3,Asian Art,https://images.metmuseum.org/CRDImages/as/original/DP-12232-143.jpg
73359,2015.300.217,Katō Nobukiyo,Ten Rakan Examining a Painting of White-Robed Kannon,1788–92,Hanging scroll; ink and color on paper,"Image: 55 1/4 × 22 3/4 in. (140.3 × 57.8 cm)
Overall with mounting: 91 1/8 × 32 5/8 in. (231.5 × 82.9 cm)",140.33528,57.785114,Asian Art,https://images.metmuseum.org/CRDImages/as/original/DP-12232-281.jpg
73370,2006.521,,Kumano Mandala,early 14th century,"Hanging scroll; ink, color, and gold on silk","Image: 51 15/16 x 22 13/16 in. (131.9 x 57.9 cm)
Overall with mounting: 86 5/8 x 29 15/16 in. (220 x 76 cm)
Overall with knobs: 86 5/8 x 32 in. (220 x 81.3 cm)",131.9215,57.9439,Asian Art,https://images.metmuseum.org/CRDImages/as/original/DP148283.jpg
73565,2007.49.288,Utagawa (Gountei) Sadahide,Two Women Admiring the Sights from a Vantage Point Overlooking the Zenpukuji Temple,19th century,Preparatory drawing; ink on paper,Image: 9 1/2 x 12 in. (24.1 x 30.5 cm),24.13,30.4801,Asian Art,https://images.metmuseum.org/CRDImages/as/original/DP148141.jpg
73645,2007.29,Kano Genshun 狩野元俊,Bodhidharma Crossing the Yangzi River on a Reed,before 1641,Hanging scroll; ink on paper,"Image: 31 3/4 x 12 3/4 in. (80.6 x 32.4 cm)
Overall with mounting: 64 x 17 1/2 in. (162.6 x 44.5 cm)
Overall with knobs: 64 x 19 1/4 in. (162.6 x 48.9 cm)",80.6452,32.3851,Asian Art,https://images.metmuseum.org/CRDImages/as/original/DP-29290-002.jpg
737733,2024.549.5,Gai Qi,Small portrait of Luzhu,1823,Hanging scroll; ink and color on paper,"Image: 50 1/2 × 17 1/4 in. (128.3 × 43.8 cm)
Overall with mounting: 94 1/8 × 24 7/16 in. (239 × 62 cm)
Overall with knobs: 94 1/8 × 28 1/8 in. (239 × 71.5 cm)",128.3,43.8,Asian Art,https://images.metmuseum.org/CRDImages/as/original/DP-41026-002.jpg
737741,2024.549.13a–u,Hu Xigui,Gentlewomen,dated 1882,Album of twelve leaves; ink and color on paper,"Image: 9 7/16 × 12 3/16 in. (24 × 31 cm)
Album: 11 7/16 × 15 3/8 in. (29 × 39 cm)",24.0,31.0,Asian Art,https://images.metmuseum.org/CRDImages/as/original/DP-42602-002.jpg
737746,2024.549.18,Liu Yanchong,Two figures after Qiu Ying,1843,Handscroll; ink and color on paper,Image: 11 7/16 × 21 in. (29 × 53.3 cm),29.0,53.3,Asian Art,https://images.metmuseum.org/CRDImages/as/original/DP-42399-001.jpg
737761,2024.549.30,Ren Xiong,Woman in a garden,mid-19th century,Hanging scroll; ink and color on silk,"Image: 45 1/16 × 17 1/8 in. (114.5 × 43.5 cm)
Overall with mounting: 84 1/4 × 24 5/8 in. (214 × 62.5 cm)
Overall with knobs: 84 1/4 × 28 3/4 in. (214 × 73 cm)",114.5,43.5,Asian Art,https://images.metmuseum.org/CRDImages/as/original/DP-42152-002.jpg
737764,2024.549.33,Sha Fu,Woman lost in thought beneath a wutong tree,late 19th or early 20th century,Hanging scroll; ink and color on paper,"Image: 38 3/16 × 15 3/16 in. (97 × 38.5 cm)
Overall with mounting: 76 9/16 × 20 11/16 in. (194.5 × 52.5 cm)
Overall with knobs: 76 9/16 × 24 in. (194.5 × 61 cm)",97.0,38.5,Asian Art,https://images.metmuseum.org/CRDImages/as/original/DP-42149-002.jpg
737765,2024.549.34,Sha Fu,Scholar in Landscape,,Framed album leaf; ink and color on paper,"Image: 9 15/16 × 12 3/8 in. (25.2 × 31.5 cm)
Overall with mounting: 14 1/2 × 17 1/16 in. (36.9 × 43.3 cm)",25.2,31.5,Asian Art,https://images.metmuseum.org/CRDImages/as/original/LC-L_2016_67_36_001.jpg
737767,2024.549.36,Su Liupeng,Woodcutter at the Floating Mountain,,Album leaf; ink and color on paper,Sheet: 17 15/16 × 29 15/16 in. (45.5 × 76 cm),45.5,76.0,Asian Art,https://images.metmuseum.org/CRDImages/as/original/DP-42608-001.jpg
73823,"2007.294a, b",,"Banner with Bodhisattva, possibly Mahamayuri",9th–10th century,Ink and pigment on silk,22 1/2 x 11 in. (57 x 28 cm),,,Asian Art,https://images.metmuseum.org/CRDImages/as/original/DP-16996-001.jpg
739501,2024.549.63,Lu Peng,Zhou Dunyi Admiring Lotuses,dated 1896,Album leaf; ink and color on paper,"Image: 12 3/16 × 12 3/16 in. (31 × 31 cm)
Sheet: 17 1/4 × 17 5/16 in. (43.8 × 43.9 cm)",31.0,31.0,Asian Art,https://images.metmuseum.org/CRDImages/as/original/DP-43066-001.jpg
740620,2016.730,Yahya Ghaffari,A Portrait of a Statesman,dated 1294 AH/1877 CE,Opaque watercolor and ink on paper,"Codice: 
  H. 11 in (27.9 cm) 
  W. 7 3/16 in. (18.3 cm)
Leaf: 
  H. 18 11/16 in. (47.5 cm) 
  W. 13 5/8 in. (34.5 cm)
Frame:
  H. 22 5/8 in. (57.5 cm)
  W. 18 7/8 in. (47.9 cm)
  D. 7/8 in. (2.2 cm)",57.467613,47.942596,Islamic Art,https://images.metmuseum.org/CRDImages/is/original/DP-13133-029.jpg
743039,2024.107,Johann Friedrich Overbeck,The Banishment of Hagar,1839–41,Oil on canvas,39 in. × 44 3/4 in. (99.1 × 113.7 cm),99.060196,113.66523,European Paintings,https://images.metmuseum.org/CRDImages/ep/original/DP-38598-001.jpg
74657,2008.359.10,,Battle Scene from a Devi Mahatmya,late 18th century,"Ink, wash, and translucent watercolor on paper",Image (sight): 7 5/8 x 11 3/8 in. (19.4 x 28.9 cm),19.367538,28.892557,Asian Art,https://images.metmuseum.org/CRDImages/as/original/DP166077.jpg
74658,2008.359.11,,"Durga, Kali, and Five Matrikas Battle the Daitya Army of the Demon Shumbha: Scene from the Devi Mahatmya",ca. 1780,"Ink, wash, and translucent watercolor on paper",Image (sight): 7 5/8 x 11 3/8 in. (19.4 x 28.9 cm),19.367538,28.892557,Asian Art,https://images.metmuseum.org/CRDImages/as/original/DP166078.jpg
74668,2008.359.16,,Shiva and Parvati,19th century,Ink and translucent watercolor on paper,Image (sight): 5 1/8 x 4 3/4 in. (13 x 12.1 cm),13.0175,12.065,Asian Art,https://images.metmuseum.org/CRDImages/as/original/DP166083.jpg
74669,2008.359.17,,Nobleman Hunting a Tiger,ca. 1830,Ink and translucent watercolor on paper,Framed (sight): 4 3/4 x 4 3/4 in. (12.1 x 12.1 cm),50.800102,40.64008,Asian Art,https://images.metmuseum.org/CRDImages/as/original/DP166084.jpg
74675,2008.359.23,Nainsukh,Rama and Lakshmana Visit the Hermitage of an Ascetic,ca. 1775–80,Red ochre and wash on paper,8 3/8 x 11 3/8 in. (21.3 x 28.9 cm),21.272543,28.892557,Asian Art,https://images.metmuseum.org/CRDImages/as/original/DP166090.jpg
74691,2008.359.34,,Abhisarika Nayika (Heroine Braving the Night),ca. 1800,"Ink, wash ,and translucent watercolor on paper","Image (sight): 6 1/2 x 8 3/4 in. (16.5 x 22.2 cm)
Framed: 16 x 20 in. (40.6 x 50.8 cm)",16.51,22.225,Asian Art,https://images.metmuseum.org/CRDImages/as/original/DP166101.jpg
74698,2008.359.37,,A Swooning Lady,late 19th century,"Ink, transparent, and translucent watercolor on paper","Image (sight): 18 1/2 x 25 3/4 in. (47 x 65.4 cm)
Framed: 28 x 36 in. (71.1 x 91.4 cm)",46.9901,65.4051,Asian Art,https://images.metmuseum.org/CRDImages/as/original/DP166104.jpg
74705,2008.359.39,,The Fountain Worker,early 19th century,"Ink, wash, and opaque watercolor on paper","Image (sight): 4 x 4 1/4 in. (10.2 x 10.8 cm)
Framed: 16 x 20 in. (40.6 x 50.8 cm)",10.16,10.795,Asian Art,https://images.metmuseum.org/CRDImages/as/original/LC-2008_359_39_001.jpg
74715,2008.359.42,,"Sketch Page of Facial Studies, likely Maharao Kishor Singh",ca. 1830,Ink on paper,"Image (sight): 9 1/8 x 3 7/8 in. (23.2 x 9.8 cm)
Framed: 20 x 16 in. (50.8 x 40.6 cm)",23.1775,9.8425,Asian Art,https://images.metmuseum.org/CRDImages/as/original/DP166109.jpg
747199,2017.234,Juan Francisco de Aguilera,The Virgin of Carmen and the Souls of Purgatory with St. Joseph and the Prophet Elijah,ca. 1720,"Oil and gold on copper; Frame: ebony, tortoise shell, and silver","Image: 13 in. × 9 5/8 in. (33 × 24.5 cm)
Framed: 17 15/16 × 14 15/16 in. (45.5 × 38 cm)",33.0,24.5,The American Wing,https://images.metmuseum.org/CRDImages/ad/original/DP-15280-003.jpg
74721,2008.359.45,,Portrait of a Sikh Noble,early 19th century,"Ink, wash, and translucent watercolor on paper","Image (sight): 4 7/8 x 5 in. (12.4 x 12.7 cm)
Framed: 16 x 20 in. (40.6 x 50.8 cm)",12.3825,12.7,Asian Art,https://images.metmuseum.org/CRDImages/as/original/DP166112.jpg
74743,2008.359.55,,Maharaja Ranbir Singh,ca. 1860–80,Ink and transparent watercolor on paper,Image (sight): 8 x 5 in. (20.3 x 12.7 cm),20.32004,12.700026,Asian Art,https://images.metmuseum.org/CRDImages/as/original/DP166122.jpg
74750,2008.359.58,Ragunath,Celebration of the Birth of Krishna (Janamashtami),ca. 1880–1900,Opaque watercolor and ink on paper,"Image (sight): 19 7/8 x 25 1/4 in. (50.5 x 64.1 cm)
Framed: 28 x 35 in. (71.1 x 88.9 cm)",50.4826,64.1351,Asian Art,https://images.metmuseum.org/CRDImages/as/original/DP166125.jpg
74752,2008.359.1,,Desvarari Ragini: Folio from a ragamala series (Garland of Musical Modes),early 18th century,Ink and wash on paper,Image (sight): 10 1/8 x 6 1/2 in. (25.7 x 16.5 cm),25.717552,16.510033,Asian Art,https://images.metmuseum.org/CRDImages/as/original/DP166068.jpg
74753,2008.359.2,,Nobleman on Horseback,mid-18th century,Ink and opaque watercolor on paper,Image (sight): 6 x 4 1/2 in. (15.2 x 11.4 cm),15.24003,11.430023,Asian Art,https://images.metmuseum.org/CRDImages/as/original/DP166069.jpg
747607,2017.242,Simon Vouet,Woman Playing a Guitar,ca. 1618,Oil on canvas,42 × 29 7/8 in. (106.5 × 75.8 cm),106.5,75.8,European Paintings,https://images.metmuseum.org/CRDImages/ep/original/DP-12928-001.jpg
74813,2015.300.298,Unidentified artist,Shakyamuni triad,1565,Hanging scroll; color and gold on silk,"Image: 23 13/16 x 12 5/8 in. (60.5 x 32 cm)
Overall with mounting: 60 x 21 1/8 in. (152.4 x 53.7 cm)",60.5,32.0,Asian Art,https://images.metmuseum.org/CRDImages/as/original/DP355788.jpg
748263,"2020.323.19a, b",Nagasawa Rosetsu,Monkey on a Rock; Monkey Trainer with Chinese Children and Puppy,late 1790s,Pair of hanging scrolls; ink and color on paper,"Image (each): 44 9/16 × 17 13/16 in. (113.2 × 45.2 cm)
Overall with mounting (each): 76 in. × 21 9/16 in. (193 × 54.8 cm)
Overall with knobs (each): 76 in. × 23 9/16 in. (193 × 59.8 cm)",113.18898,45.24384,Asian Art,https://images.metmuseum.org/CRDImages/as/original/LC-TR_484_1a_c_2018-001.jpg
74852,55.121.36.4,,Folio from a Buddhist Manuscript of Pancavimsatisahasrika Prajnaparamita,ca. 1090,Opaque watercolor on palm leaf,2 1/8 x 22 1/2 in. (5.4 x 57.2 cm),5.3975,57.1501,Asian Art,https://images.metmuseum.org/CRDImages/as/original/55_121_36_4_d1.JPG
74853,55.121.36.5,,"Enthroned Four-armed Bodhisattva, Leaf from a dispersed Pancavimsatisahasrika Prajnaparamita Manuscript",ca. 1090,Opaque watercolor on palm leaf,2 3/16 x 22 1/4 in. (5.6 x 56.5 cm),5.5563,56.5151,Asian Art,https://images.metmuseum.org/CRDImages/as/original/DP238222.jpg
74854,55.121.36.6,,"Buddha Enthroned in a Shrine, Leaf from a dispersed Pancavimsatisahasrika Prajnaparamita Manuscript",ca. 1090,Opaque watercolor on palm leaf,2 3/16 x 22 3/8 in. (5.6 x 56.8 cm),5.5563,56.8326,Asian Art,https://images.metmuseum.org/CRDImages/as/original/DP238223.jpg
74855,55.121.36.7,,"Buddha with His Hands Raised in Dharmacakra Mudra, Leaf from a dispersed Pancavimsatisahasrika Prajnaparamita Manuscript",ca. 1090,Opaque watercolor on palm leaf,2 1/16 x 22 1/8 in. (5.2 cm x 56.2 cm),5.2388,56.1976,Asian Art,https://images.metmuseum.org/CRDImages/as/original/DP238224.jpg
74857,55.121.36.9,,"Wrathful Eight-armed and Three-faced Goddess Tara Marichi, Leaf from a dispersed Pancavimsatisahasrika Prajnaparamita Manuscript",ca. 1090,Opaque watercolor on palm leaf,2 1/4 x 22 1/2 in. (5.7 x 57.2 cm),5.715,57.1501,Asian Art,https://images.metmuseum.org/CRDImages/as/original/DP238226.jpg
74875,55.121.37.2,,Leaf from an Illuminated Buddhist Manuscript,14th century,Ink and color on palm leaves,2 1/8 x 12 7/8 in. (5.4 x 32.7 cm),5.3975,32.7026,Asian Art,https://images.metmuseum.org/CRDImages/as/original/55_121_37_2.jpg
74877,55.121.37.4,,Leaf from an Illuminated Buddhist Manuscript,14th century,Ink and color on palm leaves,2 x 13 3/16 in. (5.1 x 33.5 cm),5.08,33.4963,Asian Art,https://images.metmuseum.org/CRDImages/as/original/55_121_37_4.jpg
74878,55.121.37.5,,Leaf from an Illuminated Buddhist Manuscript,14th century,Ink and color on palm leaves,1 15/16 x 13 1/4 in. (4.9 x 33.7 cm),4.9213,33.6551,Asian Art,https://images.metmuseum.org/CRDImages/as/original/55_121_37_5.jpg
74880,55.121.37.7,,Leaf from an Illuminated Buddhist Manuscript,14th century,Ink and color on palm leaves,1 7/8 x 11 3/4 in. (4.8 x 29.8 cm),4.7625,29.8451,Asian Art,https://images.metmuseum.org/CRDImages/as/original/55_121_37_7.jpg
74882,55.121.37.9,,Leaf from an Illuminated Buddhist Manuscript,14th century,Ink and color on palm leaves,2 1/16 x 13 3/16 in. (5.2 x 33.5 cm),5.2388,33.4963,Asian Art,https://images.metmuseum.org/CRDImages/as/original/55_121_37_9.jpg
74886,1986.25.4,,"Bodhisattva Padmapani, Leaf from a dispersed Ashtasahasrika Prajnaparamita (Perfection of Wisdom) Manuscript",12th century,Ink and color on palm leaf,"Image: 2 in. × 21 3/4 in. (5.1 × 55.2 cm)
Rabbet: 22 × 28 in. (55.9 × 71.1 cm)",5.08001,55.24511,Asian Art,https://images.metmuseum.org/CRDImages/as/original/1986_25_4_d1.jpg
74890,1985.400.3,,"The Bodhisattva Avalokiteshvara, Folio from a dispersed Ashtasahasrika Prajnapramita (Perfection of Wisdom) Manuscript",12th century,Ink and color on palm leaf,Image: 2 × 22 in. (5.1 × 55.9 cm),5.08001,55.88011,Asian Art,https://images.metmuseum.org/CRDImages/as/original/1985_400_3_d1.JPG
748947,2017.249,Marcus Gheeraerts the Younger,Ellen Maurice (1578–1626),1597,Oil on oak,35 5/8 × 29 1/4 in. (90.6 × 74.2 cm),90.5,74.3,European Paintings,https://images.metmuseum.org/CRDImages/ep/original/DP-16581-001.jpg
74896,1985.400.9,,"Buddha Offering Protection (Abhaya Mudra), Leaf from a dispersed Ashtasahasrika Prajnaparamita (Perfection of Wisdom) Manuscript",12th century,Ink and color on palm leaf,Image: 1 7/8 × 21 1/2 in. (4.8 × 54.6 cm),4.7625093,54.610107,Asian Art,https://images.metmuseum.org/CRDImages/as/original/1985_400_9_d1.JPG
74902,2001.445b,Mahavihara Master,Leaves from an Ashtasahasrika Prajnaparamita Sutra,early 12th century,"Opaque watercolor, black carbon-based ink, and mineral- and vegetable-based pigments on palm leaf",2 3/4 x 16 1/2 in. (7 x 41.9 cm),7.0,41.9,Asian Art,https://images.metmuseum.org/CRDImages/as/original/DP238210.jpg
74903,2001.445c,Mahavihara Master,Leaves from an Ashtasahasrika Prajnaparamita Sutra,early 12th century,"Opaque watercolor, black carbon-based ink, and mineral- and vegetable-based pigments on palm leaf","Page: 2 3/4 x 16 7/16 in. (7 x 41.8 cm)
Image: 2 1/2 x 1 15/16 in. (6.4 x 4.9 cm)",6.350013,4.92126,Asian Art,https://images.metmuseum.org/CRDImages/as/original/36bR2_61E.jpg
74904,2001.445d,Mahavihara Master,"Bodhisattva Maitreya, Folio from a dispersed Ashtasahasrika Prajnaparamita (Perfection of Wisdom) Manuscript",early 12th century,Opaque watercolor on palm leaf,2 3/4 x 16 1/2 in. (7 x 41.9 cm),7.0,41.9,Asian Art,https://images.metmuseum.org/CRDImages/as/original/DP238212.jpg
74905,2001.445e,Mahavihara Master,"Green Tara, Folio from a dispersed Ashtasahasrika Prajnaparamita (Perfection of Wisdom) Manuscript",early 12th century,Opaque watercolor on palm leaf,2 3/4 x 16 1/2 in. (7 x 41.9 cm),7.0,41.9,Asian Art,https://images.metmuseum.org/CRDImages/as/original/DP238213.jpg
74906,2001.445f,Mahavihara Master,The Bodhisattva Avalokitesvara Expounding the Dharma to a Devotee: Folio from a Ashtasahasrika Prajnaparamita Sutra Manuscript,early 12th century,Opaque watercolor on palm leaf,"Page: 2 3/4 x 16 7/16 in. (7 x 41.8 cm)
Image: 2 1/2 x 1 15/16 in. (6.4 x 4.9 cm)",6.350013,4.92126,Asian Art,https://images.metmuseum.org/CRDImages/as/original/DP238214.jpg
74907,2001.445g,Mahavihara Master,"Bodhisattva Maitreya, Leaf from a dispersed Ashtasahasrika Prajnaparamita (Perfection of Wisdom) Manuscript",early 12th century,Opaque watercolor on palm leaf,2 3/4 x 16 1/2 in. (7 x 41.9 cm),7.0,41.9,Asian Art,https://images.metmuseum.org/CRDImages/as/original/DP238215.jpg
74908,2001.445h,Mahavihara Master,"White Tara, Folio from a dispersed Ashtasahasrika Prajnaparamita (Perfection of Wisdom) Manuscript",early 12th century,Opaque watercolor on palm leaf,2 3/4 x 16 1/2 in. (7 x 41.9 cm),7.0,41.9,Asian Art,https://images.metmuseum.org/CRDImages/as/original/DP238216.jpg
74910,2001.445j,Mahavihara Master,Leaves from an Ashtasahasrika Prajnaparamita Sutra,early 12th century,"Opaque watercolor, black carbon-based ink, and mineral- and vegetable-based pigments on palm leaf",2 3/4 x 16 1/2 in. (7 x 41.9 cm),7.0,41.9,Asian Art,https://images.metmuseum.org/CRDImages/as/original/20 DP238218r2_61B.jpg
74911,2001.445k,Mahavihara Master,"Green Tara, Folio from a dispersed Ashtasahasrika Prajnaparamita (Perfection of Wisdom) Manuscript",early 12th century,Opaque watercolor on palm leaf,2 3/4 x 16 1/2 in. (7 x 41.9 cm),7.0,41.9,Asian Art,https://images.metmuseum.org/CRDImages/as/original/DP238219.jpg
749116,2017.133,unidentified artist,Portrait of Shaoyu in the guise of Liu Ling,ca. 1795,Handscroll; ink and color on silk,"Image: 14 3/8 × 61 3/4 in. (36.5 × 156.8 cm)
Overall with mounting: 17 1/4 in. × 21 ft. 11 1/2 in. (43.8 × 669.3 cm)
Overall with knobs: 17 1/4 × 18 3/8 in. (43.8 × 46.7 cm)",36.512573,156.8453,Asian Art,https://images.metmuseum.org/CRDImages/as/original/DP-16244-005_crd.jpg
74912,2001.445l,Mahavihara Master,The Bodhisattva Avalokiteshvara Dispensing Boons: Folio from an Ashtasahasrika Prajnaparamita Manuscript,early 12th century,Opaque watercolor on palm leaf,"Page: 2 3/4 x 16 7/16 in. (7 x 41.8 cm)
Image: 2 1/2 x 1 15/16 in. (6.4 x 4.9 cm)",6.350013,4.92126,Asian Art,https://images.metmuseum.org/CRDImages/as/original/DP238220.jpg
749135,2018.107,,White Mahakala,ca. 18th century,Distemper on cotton,"Image: 21 1/8 × 13 7/8 in. (53.7 × 35.2 cm)
Framed: 21 × 29 in. (53.3 × 73.7 cm)",53.657608,35.24257,Asian Art,https://images.metmuseum.org/CRDImages/as/original/DP-16218-009.jpg
749407,2017.292,Kobayashi Kiyochika,The Fury of Monk Raigō,ca. 1900,"Hanging scroll; ink, color, and gold paint on silk","Image: 42 1/2 × 31 in. (108 × 78.7 cm)
Overall with mounting: 84 7/8 × 37 1/8 in. (215.6 × 94.3 cm)
Overall with knobs: 84 7/8 × 39 11/16 in. (215.6 × 100.8 cm)",107.95022,78.74016,Asian Art,https://images.metmuseum.org/CRDImages/as/original/DP-14063-022.jpg
74977,55.121.38.2,,"Shakra Enthroned, with a Deva and Generals: Folio from a Kalpasutra Manuscript",15th century,"Ink, opaque watercolor, and gold on paper",Overall: 4 1/4 x 10 3/8 in. (10.8 x 26.4 cm),10.795,26.3526,Asian Art,https://images.metmuseum.org/CRDImages/as/original/55_121_38_2_d.JPG
74980,55.121.38.5,,King Siddharta Bathing: Folio from a Kalpasutra Manuscript,15th century,"Ink, opaque watercolor, and gold on paper",Overall: 4 3/8 x 10 5/8 in. (11.1 x 27 cm),11.12,26.99,Asian Art,https://images.metmuseum.org/CRDImages/as/original/55_121_38_5_d.JPG
74981,55.121.38.6,,King Siddharta Being Anointed: Folio from a Kalpasutra Manuscript,15th century,"Ink, opaque watercolor, and gold on paper",Overall: 4 3/8 x 10 5/8 in. (11.1 x 27 cm),11.12,26.99,Asian Art,https://images.metmuseum.org/CRDImages/as/original/55_121_38_6_d.JPG
74982,55.121.38.7,,King Siddhartha Tells Queen Trisala the Meaning of the Fourteen Dreams (left) and The Interpretation of Dreams (right): Folio from a Kalpasutra Manuscript,15th century,"Ink, opaque watercolor, and gold on paper",Overall: 4 3/8 x 10 5/8 in. (11.1 x 27 cm),11.12,26.99,Asian Art,https://images.metmuseum.org/CRDImages/as/original/55_121_38_7_d1.JPG
74983,55.121.38.8,,Queen Trisala's Grief (at the Stillness of the Unborn): Folio from a Kalpasutra Manuscript,15th century,"Ink, opaque watercolor, and gold on paper",Overall: 4 3/8 x 10 5/8 in. (11.1 x 27 cm),11.12,26.99,Asian Art,https://images.metmuseum.org/CRDImages/as/original/55_121_38_8_d.JPG
74988,55.121.38.13,,Mahavira's Lustration and Bath at Birth; Page from a Dispersed Kalpa Sutra (Jain Book of Rituals),15th century,"Ink, opaque watercolor, and gold on paper",4 3/8 x 10 5/8 in. (11.1 x 27 cm),11.12,26.99,Asian Art,https://images.metmuseum.org/CRDImages/as/original/55_121_38_13_d.JPG
74989,55.121.38.14,,Vigil on the Sixth Night after Mahavira's Birth: Folio from a Kalpasutra Manuscript,15th century,"Ink, opaque watercolor, and gold on paper",Overall: 4 3/8 x 10 5/8 in. (11.1 x 27 cm),11.12,26.99,Asian Art,https://images.metmuseum.org/CRDImages/as/original/55_121_38_14_d.JPG
7499,1996.348,Henry Inman,Janet Halleck Drake,1825,Oil on canvas,29 3/4 x 24 3/4 in. (75.6 x 62.9 cm),75.6,62.9,The American Wing,https://images.metmuseum.org/CRDImages/ad/original/ap1996.348.jpg
74990,55.121.38.15,,Mahavira Gives Away His Possessions; Page from a Dispersed Kalpa Sutra (Jain Book of Rituals),15th century,"Ink, opaque watercolor, and gold on paper",4 3/8 x 10 5/8 in. (11.1 x 27 cm),11.1125,26.9876,Asian Art,https://images.metmuseum.org/CRDImages/as/original/55_121_38_15_d.JPG
74991,55.121.38.16,,Mahavira Rides in His Initiation Palanquin: Folio from a Kalpasutra Manuscript,15th century,"Ink, opaque watercolor, and gold on paper",Overall: 4 3/8 x 10 5/8 in. (11.1 x 27 cm),11.12,26.99,Asian Art,https://images.metmuseum.org/CRDImages/as/original/55_121_38_16_d.JPG
74992,55.121.38.17,,Mahavira Plucks Out His Hair: Folio from a Kalpasutra Manuscript,15th century,"Ink, opaque watercolor, and gold on paper",Overall: 4 3/8 x 10 5/8 in. (11.1 x 27 cm),11.12,26.99,Asian Art,https://images.metmuseum.org/CRDImages/as/original/55_121_38_17_d.JPG
74993,55.121.38.18,,Mahavira's Samavasarana: Folio from a Kalpasutra Manuscript,15th century,"Ink, opaque watercolor, and gold on paper",Overall: 4 3/8 x 10 5/8 in. (11.1 x 27 cm),11.12,26.99,Asian Art,https://images.metmuseum.org/CRDImages/as/original/55_121_38_18_d.JPG
74994,55.121.38.19,,Mahavira Sitting at the Top of the Universe: Folio from a Kalpasutra Manuscript,15th century,"Ink, opaque watercolor, and gold on paper",Overall: 4 3/8 x 10 5/8 in. (11.1 x 27 cm),11.112522,26.987555,Asian Art,https://images.metmuseum.org/CRDImages/as/original/55_121_38_19_d.JPG
74995,55.121.38.20,,Kamatha Performing the Five Fire Penances (top) and Parsvanatha Rescuing the Snake Dharana (bottom): Folio from a Kalpasutra Manuscript,15th century,"Ink, opaque watercolor, and gold on paper",Overall: 4 3/8 x 10 5/8 in. (11.1 x 27 cm),11.12,26.99,Asian Art,https://images.metmuseum.org/CRDImages/as/original/55_121_38_20_d.JPG
74996,55.121.38.21,,Aristanemi's Bridal Pavilion (top) and Witnessing Animals for Slaughter (bottom): Folio from a Kalpasutra Manuscript,15th century,"Ink, opaque watercolor, and gold on paper",Overall: 4 3/8 x 10 5/8 in. (11.1 x 27 cm),11.12,26.99,Asian Art,https://images.metmuseum.org/CRDImages/as/original/55_121_38_21_d.JPG
74997,55.121.38.22,,Twenty Tirthankaras: Folio from a Kalpasutra Manuscript,15th century,"Ink, opaque watercolor, and gold on paper",Overall: 4 3/8 x 10 5/8 in. (11.1 x 27 cm),11.12,26.99,Asian Art,https://images.metmuseum.org/CRDImages/as/original/55_121_38_22_d.JPG
74998,55.121.38.23,,The Eleven Disciples (Ganadharas) of Mahavira: Folio from a Kalpasutra Manuscript,15th century,"Ink, opaque watercolor, and gold on paper",Overall: 4 3/8 x 10 5/8 in. (11.1 x 27 cm),11.12,26.99,Asian Art,https://images.metmuseum.org/CRDImages/as/original/55_121_38_23_d.JPG
74999,55.121.38.24,,Sthulabhadra as a Lion in a Cave With His Sisters (top) / Sthulabhadra's Sisters Before Bhadrabahu (or Sthulabhadra) (bottom); Page from a Dispersed Kalpa Sutra (Jain Book of Rituals),15th century,"Ink, opaque watercolor, and gold on paper",4 3/8 x 10 5/8 in. (11.1 x 27 cm),11.12,26.99,Asian Art,https://images.metmuseum.org/CRDImages/as/original/55_121_38_24_d.JPG
75000,55.121.38.25,,The Courtesan Kosa with the King's Charioteer: Folio from a Kalpasutra Manuscript,15th century,"Ink, opaque watercolor, and gold on paper","Image: 4 1/4 in. × 8 in. (10.8 × 20.3 cm)
Sheet: 4 1/4 × 10 5/8 in. (10.8 × 27 cm)",10.795022,20.32004,Asian Art,https://images.metmuseum.org/CRDImages/as/original/55_121_38_25_d.JPG
75001,55.121.38.26,,Vajra in His Cradle (top left) / Vajra Being Nursed by His Mother (top right) / The Nuns who Cared for Vajra (bottom); Page from a Dispersed Kalpa Sutra (Jain Book of Rituals),15th century,"Ink, opaque watercolor, and gold on paper",4 3/8 x 10 5/8 in. (11.1 x 27 cm),11.12,26.99,Asian Art,https://images.metmuseum.org/CRDImages/as/original/55_121_38_26_d.JPG
75002,55.121.38.27,,The Attainment of Perfect Knowledge (Siddha) by Mahavira's Disciple Indrabhuti Gautama: Folio from a Kalpasutra Manuscript,15th century,"Ink, opaque watercolor, and gold on paper",Overall: 4 3/8 x 10 5/8 in. (11.1 x 27 cm),11.12,26.99,Asian Art,https://images.metmuseum.org/CRDImages/as/original/55_121_38_27_d.JPG
75003,55.121.38.28,,Mahavira Preaching the Samacari (top) / Part of Mahavira's Audience as He Preached the Samacari (bottom); Page from a Dispersed Kalpa Sutra (Jain Book of Rituals),15th century,"Ink, opaque watercolor, and gold on paper",4 3/8 x 10 5/8 in. (11.1 x 27 cm),11.12,26.99,Asian Art,https://images.metmuseum.org/CRDImages/as/original/55_121_38_28_d.JPG
75004,55.121.38.29,,Shakra (Indra) Reveres the Embryo of Mahavira: Folio from a Kalpasutra Manuscript,15th century,"Ink, opaque watercolor, and gold on paper",Overall: 4 3/8 x 10 5/8 in. (11.1 x 27 cm),11.12,26.99,Asian Art,https://images.metmuseum.org/CRDImages/as/original/55_121_38_29_d.JPG
75086,57.51.38.4,Bhadrabahu,Leaf from a Kalpa Sutra (Jain Book of Rituals),15th century,"Ink, opaque watercolor, and gold on paper",(Average size .1–.71): 4 1/2 x 11 3/8 in. (11.4 x 28.9 cm),11.43,28.89,Asian Art,https://images.metmuseum.org/CRDImages/as/original/DP154654.jpg
75088,57.51.38.6,Bhadrabahu,Leaf from a Kalpa Sutra (Jain Book of Rituals),15th century,"Ink, opaque watercolor, and gold on paper",(Average size .1–.71): 4 1/2 x 11 3/8 in. (11.4 x 28.9 cm),11.43,28.89,Asian Art,https://images.metmuseum.org/CRDImages/as/original/DP154658.jpg
75090,57.51.38.8,Bhadrabahu,Leaf from a Kalpa Sutra (Jain Book of Rituals),15th century,"Ink, opaque watercolor, and gold on paper",(Average size .1–.71): 4 1/2 x 11 3/8 in. (11.4 x 28.9 cm),11.43,28.89,Asian Art,https://images.metmuseum.org/CRDImages/as/original/DP154662.jpg
75091,57.51.38.9,Bhadrabahu,Leaf from a Kalpa Sutra (Jain Book of Rituals),15th century,"Ink, opaque watercolor, and gold on paper",(Average size .1–.71): 4 1/2 x 11 3/8 in. (11.4 x 28.9 cm),11.43,28.89,Asian Art,https://images.metmuseum.org/CRDImages/as/original/DP154664.jpg
75092,57.51.38.10,Bhadrabahu,Leaf from a Kalpa Sutra (Jain Book of Rituals),15th century,"Ink, opaque watercolor, and gold on paper",(Average size .1–.71): 4 1/2 x 11 3/8 in. (11.4 x 28.9 cm),11.43,28.89,Asian Art,https://images.metmuseum.org/CRDImages/as/original/DP154666.jpg
75095,57.51.38.13,Bhadrabahu,Leaf from a Kalpa Sutra (Jain Book of Rituals),15th century,"Ink, opaque watercolor, and gold on paper",(Average size .1–.71): 4 1/2 x 11 3/8 in. (11.4 x 28.9 cm),11.43,28.89,Asian Art,https://images.metmuseum.org/CRDImages/as/original/DP154672.jpg
751462,2020.142.1–.4,T'oros the Deacon,"Four miniatures of the life of Christ from a gospel book of 1311 (Presentation, Baptism, Transfiguration, Entry into Jerusalem)",1311,Ink and pigments on oriental paper,Presentation - 10 7/16 x 8 1/16 in. (26.5 x 20.5 cm); Baptism - 10 7/16 x 8 1/16 in. (26.5 x 20.5 cm); Transfiguration - 10 5/8 x 8 in. (27 x 20.5 cm); Entry into Jerusalem – 11 1/4 x 8 1/16 in. (28/5 x 20.6 cm),28.5,20.6,Medieval Art,https://images.metmuseum.org/CRDImages/md/original/IA-18288C.jpg
75157,52.160.6c,Shibata Zeshin,Flowers on Grass,late 19th century,Fan painting mounted as album leaf; tempera on paper,"Overall: 13 x 23 5/8 in. (33 x 60 cm)
Image: 7 1/2 x 20 5/8 in. (19.1 x 52.4 cm)",19.05,52.3876,Asian Art,https://images.metmuseum.org/CRDImages/as/original/DP205580.jpg
752005,2023.576,Unidentified artist,"Welcoming Descent of Amida, the Buddha of Infinite Light, and His Holy Retinue",14th century,"Hanging scroll; ink, color, gold, and cut gold leaf (kirikane) on silk","Image: 52 1/4 × 23 1/2 in. (132.7 × 59.7 cm)
Overall with mounting: 95 1/2 × 31 1/8 in. (242.6 × 79 cm)
Overall with knobs: 95 1/2 × 33 1/2 in. (242.6 × 85.1 cm)",132.71527,59.69012,Asian Art,https://images.metmuseum.org/CRDImages/as/original/DP-16218-019.jpg
752007,2019.418.2,Unidentified,Memyō Bosatsu (Ashvaghosha Bodhisattva) Mounted on a Horse,15th–16th century,"Hanging scroll; ink, color and gold on paper","Image: 19 3/4 × 11 3/4 in. (50.2 × 29.8 cm)
Overall with mounting: 62 1/2 × 18 7/16 in. (158.8 × 46.9 cm)
Overall with knobs: 62 1/2 × 19 7/16 in. (158.8 × 49.3 cm)",50.2,29.8,Asian Art,https://images.metmuseum.org/CRDImages/as/original/DP-16218-024.jpg
752009,2020.75.2,Nishikawa Sukenobu 西川祐信,Courtesan with a Kitten,early 18th century,"Hanging scroll; ink, color, and gold on silk","Image: 13 1/8 × 20 3/4 in. (33.4 × 52.8 cm)
Overall with mounting: 52 1/4 × 26 3/8 in. (132.7 × 67 cm)
Overall with knobs: 52 1/4 × 28 1/2 in. (132.7 × 72.4 cm)",33.4,52.77,Asian Art,https://images.metmuseum.org/CRDImages/as/original/DP-17989-127.jpg
752010,2019.418.4,Nagasawa Rosetsu 長澤蘆雪,Tenjin Traveling to China,1787–88,Hanging scroll; ink and color on paper,"Image: 35 1/8 × 13 in. (89.2 × 33 cm)
Overall with mounting: 67 1/8 × 17 11/16 in. (170.5 × 45 cm)
Overall with knobs: 67 1/8 × 19 1/2 in. (170.5 × 49.5 cm)",89.2,33.0,Asian Art,https://images.metmuseum.org/CRDImages/as/original/DP-16218-028.jpg
752013,2020.75.3,Utagawa Kuniyoshi 歌川國芳,Lady-in-Waiting at Edo Castle,ca. 1854–60 (Ansei era),Hanging scroll; ink and color on silk,"Image: 35 7/8 × 11 1/2 in. (91.2 × 29.2 cm)
Overall with mounting: 70 3/4 × 16 3/8 in. (179.7 × 41.6 cm)
Overall with knobs: 70 3/4 × 18 1/2 in. (179.7 × 47 cm)",91.2,29.210058,Asian Art,https://images.metmuseum.org/CRDImages/as/original/DP-16218-034.jpg
752036,2017.283.1–.11,Sakai Hōitsu,Activities of the Twelve Months,late 1790s,Eleven hanging scrolls from a set of twelve; ink and color on silk,"Image (each): 24 1/2 × 12 7/16 in. (62.2 × 31.6 cm)
Overall with mounting (each): 56 5/16 × 17 in. (143 × 43.2 cm)
Overall with knobs: 56 5/16 × 19 in. (143 × 48.3 cm)",62.230125,31.591312,Asian Art,https://images.metmuseum.org/CRDImages/as/original/DP-14524-002.jpg
75265,2009.23,Utagawa Kunisada,Portrait of Iwai Kumesaburō II,ca. 1827–29 (Kansei 10–12),Hanging scroll: ink and color on silk,"Image: 35 1/4 x 13 5/8 in. (89.5 x 34.6 cm)
Overall with mounting: 67 3/4 x 17 1/4 in. (172.1 x 43.8 cm)
Overall with knobs: 19 1/4 x 67 3/4 in. (48.9 x 172.1 cm)",89.5352,34.6076,Asian Art,https://images.metmuseum.org/CRDImages/as/original/DP208973.jpg
75411,"2010.475.8a, b",,Pair of Manuscript Covers,early 19th century,Wood with polychrome,Overall (each): 2 1/4 x 28 5/8 in. (5.7 x 72.7 cm),5.7150116,72.70764,Asian Art,https://images.metmuseum.org/CRDImages/as/original/DP-16376-001.jpg
75552,"2009.511.1, .2",Maruyama Ōshin,Children Playing in Summer and Winter,early 19th century,"Pair of six-panel folding screens; ink, color, and gold on paper",Image (each screen): 32 5/16 in. × 8 ft. 7 3/16 in. (82 × 262.1 cm),82.0,262.1,Asian Art,https://images.metmuseum.org/CRDImages/as/original/2009_511a.jpg
757349,2018.76,Unidentified,Mount Kurama Mandala: Bishamonten Triad,15th–16th century,"Hanging scroll; ink, color, and gold on silk","Image: 32 13/16 × 14 3/4 in. (83.4 × 37.5 cm)
Overall with mounting: 62 3/4 × 21 5/8 in. (159.4 × 54.9 cm)
Overall with knobs: 62 3/4 × 23 7/16 in. (159.4 × 59.6 cm)",83.4,37.5,Asian Art,https://images.metmuseum.org/CRDImages/as/original/DP-16218-008.jpg
75815,1980.527.2b,,Page from a Dispersed Bhagavata Purana (Ancient Stories of Lord Vishnu),ca. 1630–50,Ink and opaque watercolor on paper,Overall: 6 1/2 x 13 1/8 in. (16.5 x 33.3 cm),16.51,33.3,Asian Art,https://images.metmuseum.org/CRDImages/as/original/DP156147.jpg
75961,94.18.2,,Pilgrim’s Visiting Album,18th century,"One from a set of four albums; calligraphy on gilt paper and paper, paintings in ink, color, and gold on paper, mounted on paper, covers of silk embroidery with colored and metallic thread","Album closed: 7 3/8 × 11 3/4 × 5/8 in. (18.7 × 29.8 × 1.6 cm)
Album open: 44 1/8 × 11 3/4 in. (112.1 × 29.8 cm)",18.732538,29.84506,Asian Art,https://images.metmuseum.org/CRDImages/as/original/94_18_2_d1_sf.jpg
75962,94.18.3,,Pilgrim's Visiting Album,18th century,"One from a set of four albums; calligraphy on gilt paper and paper, paintings in ink, color, and gold on paper, mounted on paper, covers of silk embroidery with colored and metallic thread","Album closed: 7 3/8 × 11 3/4 × 5/8 in. (18.7 × 29.8 × 1.6 cm)
Album open: 44 1/8 × 11 3/4 in. (112.1 × 29.8 cm)",18.732538,29.84506,Asian Art,https://images.metmuseum.org/CRDImages/as/original/94_18_3_d1_sf.jpg
75964,94.18.5,,Pilgrim's Visiting Album,18th century,"One from a set of four albums; calligraphy on gilt paper and paper, paintings in ink, color, and gold on paper, mounted on paper, covers of silk embroidery with colored and metallic thread",Overall: 7 3/8 x 11 3/4 in. (18.7 x 29.8 cm),18.732538,29.84506,Asian Art,https://images.metmuseum.org/CRDImages/as/original/94_18_5_d1_sf.jpg
760942,2017.664,James McNeill Whistler,The Yellow Room,ca. 1883–84,Watercolor and gouache on paperboard,9 3/4 × 7 in. (24.8 × 17.8 cm),24.765049,17.780035,The American Wing,https://images.metmuseum.org/CRDImages/ad/original/DP-15482-013.jpg
761570,2017.401,Francesco Salviati (Francesco de' Rossi),Carlo Rimbotti (1518–1591),1548,Oil on wood,20 3/4 × 16 3/8 in. (52.5 × 41.5 cm),52.705105,41.592583,European Paintings,https://images.metmuseum.org/CRDImages/ep/original/DP-14882-001.jpg
764086,2018.652.1,Basilio Santa Cruz Pumacallao,Saint Bonaventure and Saint Anthony of Padua,ca. 1670–90,Oil on canvas,11 13/16 × 11 13/16 in. (30 × 30 cm),30.00381,30.00381,The American Wing,https://images.metmuseum.org/CRDImages/ad/original/DP-18755-001.jpg
764087,2018.652.2,Melchor Pérez Holguin,Saint Christopher,ca. 1710–20,Oil on canvas,64 3/4 × 39 3/16 in. (164.5 × 99.5 cm),164.5,99.5,The American Wing,https://images.metmuseum.org/CRDImages/ad/original/DP-30759-001.jpg
764089,2018.836.1,Unknown,Emblem of Folly,18th Century,Oil on canvas,49 5/8 × 43 5/16 in. (126 × 110 cm),126.0,110.0,The American Wing,https://images.metmuseum.org/CRDImages/ad/original/DP-30708-001.jpg
764090,2022.426,Unknown,Adam and Eve in Paradise,18th Century,Oil on canvas,"28 3/4 × 45 7/8 in. (73 × 116.5 cm)
Framed: 29 1/2 × 46 5/8 in. (75 × 118.5 cm)",73.0,116.5,The American Wing,https://images.metmuseum.org/CRDImages/ad/original/DP-18756-001.jpg
764091,2018.652.3,Unknown,Our Lady of Valvanera,ca. 1770–80,Oil and gold on canvas,80 1/16 × 95 7/8 in. (203.4 × 243.5 cm),208.0,246.0,The American Wing,https://images.metmuseum.org/CRDImages/ad/original/DP-17034-002.jpg
764092,2018.652.4,Unknown,"Our Lady of Mercy, called “The Pilgrim of Quito”",ca. 1730–40,Oil and gold on canvas,49 1/4 × 61 in. (125.1 × 155 cm),125.09525,155.0,The American Wing,https://images.metmuseum.org/CRDImages/ad/original/DP-22602-001.jpg
764093,2018.836.2,Unknown,Saint Barbara,last quarter 18th century,Oil on canvas,41 1/4 × 35 in. (104.8 × 88.9 cm),104.77521,88.90018,The American Wing,https://images.metmuseum.org/CRDImages/ad/original/DP-18755-011.jpg
764094,2019.14,Unknown,Our Lady of Cocharcas,1759,Oil and gold on canvas,60 5/16 × 44 1/8 in. (153.2 × 112.1 cm),153.19406,112.07772,The American Wing,https://images.metmuseum.org/CRDImages/ad/original/DP-18755-015.jpg
764095,2018.652.5,Unknown,"Christ Carrying the Cross, called ""The Lord of the Fall""",ca. 1770–75,Oil and gold on canvas,65 × 48 in. (165.1 × 121.9 cm),165.10033,121.92024,The American Wing,https://images.metmuseum.org/CRDImages/ad/original/DP-18755-007.jpg
764096,2018.836.3,Unknown,The Soul of the Virgin Mary,18th century,Oil and gold on canvas,25 9/16 × 21 1/4 in. (65 × 54 cm),65.0,54.0,The American Wing,https://images.metmuseum.org/CRDImages/ad/original/DP-18755-013.jpg
765275,2017.447,Ramji,A Woman of the Court Dressed as Radha,late 18th century,"Opaque watercolor, gold and silver on paper","Image: 19 13/16 × 13 9/16 in. (50.3 × 34.4 cm)
Mount (historic): 27 13/16 in. × 21 7/16 in. (70.6 × 54.5 cm)",50.323853,34.44882,Asian Art,https://images.metmuseum.org/CRDImages/as/original/LC-TR_310_2017_sr1-002.jpg
765654,2017.736,,"""Krishna and the Gopis on the Bank of the Yamuna River"", Folio from the ""Second"" or ""Tehri Garhwal"" Gita Govinda (Song of the Cowherd)",ca. 1775–80,Opaque watercolor and gold on paper; dark blue border with red inner rules,H. 6 3/8 in. ( 16.2 cm); W. 10 1/8 in. (25.7 cm),16.192532,25.717552,Asian Art,https://images.metmuseum.org/CRDImages/as/original/TR.313.2017 in SR1 9-21-17  view-1.jpg
76764,2011.345,Unidentified artist,Amitabha Buddha’s assembly in the Western Paradise,late 18th–early 19th century,Ink and traces of color on paper,Image: 59 1/2 x 59 1/2 in. (151.1 x 151.1 cm),151.1303,151.1303,Asian Art,https://images.metmuseum.org/CRDImages/as/original/DP253266.jpg
767652,2018.74,Charles Lepec,Miniature of Mabel Morrison,1866,Enamel on copper; Damascened iron frame inlaid with gold and silver; silk velvet.,"Framed (confirmed): 5 7/8 × 5 × 1/2 in. (14.9 × 12.7 × 1.3 cm);
Plaque (visible, confirmed): 3 7/8 × 3 1/8 in. (9.8 × 7.9 cm)",9.84252,7.9375157,European Sculpture and Decorative Arts,https://images.metmuseum.org/CRDImages/es/original/DP-16037-001.jpg
767842,2017.646,,Prince Holding a Falcon,ca 1820,Oil on canvas,"H. 75 3/16 in. (191 cm)
W. 29 1/2 in. (74.9 cm)",,,Islamic Art,https://images.metmuseum.org/CRDImages/is/original/DP-15521-001.jpg
76811,2011.525,Shunkōsai Hokushū,The Actor Arashi Kitsusaburō I (Kichisaburō II) as Prince Koretaka,1821,Hanging scroll; ink and color on silk,"Image: 26 x 13 1/2 in. (66 x 34.3 cm)
Overall with mounting: 58 1/2 x 17 1/8 in. (148.6 x 43.5 cm)",66.04013,34.29007,Asian Art,https://images.metmuseum.org/CRDImages/as/original/DP298236.jpg
768547,2018.6,Charles E. Weir,The Wood Sawyer,1842,Oil on board,"22 1/4 × 18 1/4 in. (56.5 × 46.4 cm)
Framed: 29 7/8 × 25 5/8 in. (75.9 × 65.1 cm)",56.515114,46.35509,The American Wing,https://images.metmuseum.org/CRDImages/ad/original/AW.Weir.DebraForce.2017.jpg
769294,2017.651,Girolamo da Carpi (Girolamo Sellari),The Adoration of the Shepherds,ca. 1535–40,Oil on wood,12 3/8 × 16 1/8 in. (31.4 × 41 cm),31.432564,40.95758,European Paintings,https://images.metmuseum.org/CRDImages/ep/original/DP-14870-001.jpg
769297,2017.422,Giovanni Battista Gaulli (Il Baciccio),Pope Clement X (1590–1676),ca. 1670–71,Oil on canvas,30 1/2 × 24 1/4 in. (77.5 × 61.6 cm),77.47015,61.595123,European Paintings,https://images.metmuseum.org/CRDImages/ep/original/DP-15413-001.jpg
76935,07.246.11,,Japanese Drawing,early 19th century,On paper,Image: 21 1/8 × 17 1/4 in. (53.7 × 43.8 cm),53.657608,43.815086,Asian Art,https://images.metmuseum.org/CRDImages/as/original/07_246_11_O1_sf.jpg
76937,07.246.13,,Japanese Drawing,early 19th century,On paper,Image: 18 1/8 × 15 1/2 in. (46 × 39.4 cm),46.037594,39.37008,Asian Art,https://images.metmuseum.org/CRDImages/as/original/07_246_13_O1_sf.jpg
76938,07.246.14,,Japanese Drawing,early 19th century,On paper,Image: 17 7/8 × 22 1/4 in. (45.4 × 56.5 cm),45.40259,56.515114,Asian Art,https://images.metmuseum.org/CRDImages/as/original/07_246_14_O1_sf.jpg
76946,07.246.22,,Japanese Drawing,early 19th century,On paper,Image: 10 3/8 × 14 1/2 in. (26.4 × 36.8 cm),26.352552,36.830074,Asian Art,https://images.metmuseum.org/CRDImages/as/original/07_246_22_O1_sf.jpg
76948,07.246.24,,Japanese Drawing,early 19th century,On paper,Image: 10 1/8 × 15 1/8 in. (25.7 × 38.4 cm),25.717552,38.417576,Asian Art,https://images.metmuseum.org/CRDImages/as/original/07_246_24_O1_sf.jpg
76971,2012.18,Unidentified artist,"Shaka (Shakyamuni), the Historical Buddha, with Two Attendant Bodhisattvas and Sixteen Benevolent Deities",late 14th century,"Hanging scroll; ink, color, gold, and cut gold on silk","Image: 55 x 26 in. (139.7 x 66 cm)
Overall with mounting: 93 1/4 x 34 1/4 in. (236.9 x 87 cm)
Overall with knobs: 93 1/4 x 36 3/8 in. (236.9 x 92.4 cm)",139.70029,66.04013,Asian Art,https://images.metmuseum.org/CRDImages/as/original/DP271365.jpg
770595,2018.87,Stefano da Verona (Stefano di Giovanni d'Arbosio di Francia),The Crucifixion,ca. 1400,"Tempera on wood, gold ground",33 7/8 × 20 5/8 in. (86 × 52.4 cm),86.04267,52.387604,European Paintings,https://images.metmuseum.org/CRDImages/ep/original/DP-15505-001.jpg
771523,2018.21,Utagawa Toyohiro,Woman Cooling Herself,ca. 1800,Hanging scroll; ink and color on silk,"Image: 15 3/4 × 26 1/8 in. (40 × 66.4 cm)
Overall with mounting: 59 × 32 1/8 in. (149.9 × 81.6 cm)
Overall with knobs: 59 × 34 3/4 in. (149.9 × 88.3 cm)",40.00508,66.4,Asian Art,https://images.metmuseum.org/CRDImages/as/original/DP-16218-004.jpg
77166,2011.576.8,,Skirmish with an Elephant,ca. 1800,Ink on paper,Image: 9 7/8 x 6 3/4 in. (25.1 x 17.1 cm),25.08255,17.145035,Asian Art,https://images.metmuseum.org/CRDImages/as/original/LC-2011_576_8_001.jpg
77195,2020.393.3,Utagawa Toyoharu,Female Entertainer with a Koto,ca. 1785; inscription early 19th century,Hanging scroll; ink and color on silk,"Image: 25 11/16 × 13 3/8 in. (65.2 × 34 cm)
Overall with knobs: 60 1/2 × 20 7/16 in. (153.6 × 51.9 cm)
Overall with mounting: 60 1/2 × 18 1/2 in. (153.6 × 47 cm)",65.2,34.0,Asian Art,https://images.metmuseum.org/CRDImages/as/original/DP-21618-002.jpg
77198,2012.522.1,Soga Nichokuan,Owl on a Pine Branch,early 17th century,Hanging scroll; ink on paper,"Image: 45 3/16 x 20 3/16 in. (114.8 x 51.2 cm)
Overall with mounting: 81 5/16 x 21 1/8 in. (206.5 x 53.7 cm)
Overall with knobs: 22 13/16 in. (58 cm)",114.8,51.2,Asian Art,https://images.metmuseum.org/CRDImages/as/original/DP-12381-002.jpg
78059,2015.500.9.65,Fujiwara Chikanobu,Beauty of the Season; Spring,18th century,Hanging scroll; ink on paper,Image: 42 15/16 x 19 5/16 in. (109 x 49 cm),109.0,49.0,Asian Art,https://images.metmuseum.org/CRDImages/as/original/DP-29302-002.jpg
78060,2015.500.9.20,Miyagawa Isshō,Courtesan on Parade,late 1730s–early 1740s,"Hanging scroll; ink, color and gold on silk",Image: 35 7/16 x 14 9/16 in. (90 x 37 cm),90.0,37.0,Asian Art,https://images.metmuseum.org/CRDImages/as/original/DP700703.jpg
78065,2015.500.9.45,Kawahara Keiga,Dutchman with a Servant,early 19th century,"Hanging scroll; ink and color on silk, negoro lacquer roller knobs",Image: 19 3/4 x 9 7/8 in. (50.2 x 25.1 cm),50.1651,25.08255,Asian Art,https://images.metmuseum.org/CRDImages/as/original/DP-12232-318.jpg
78069,2015.500.9.69,Tsukioka Sessai,Puppeteer with Puppet,,Hanging scroll; ink and colors on silk,Image: 41 x 17 in. (104.1 x 43.2 cm),104.140205,43.180088,Asian Art,https://images.metmuseum.org/CRDImages/as/original/TR_250_109_2012_sf.jpg
78136,2015.500.9.14,Miyagawa (Katsukawa) Shunsui,Courtesan and Attendants,late 18th century,Hanging scroll; ink and color on silk,Image: 50 3/8 x 24 7/16 in. (128 x 62 cm),128.0,62.0,Asian Art,https://images.metmuseum.org/CRDImages/as/original/DP700721.jpg
78138,2015.500.9.58,Shunsō Joshu,The Monk Daitō Kokushi as a Beggar,early 19th century,Hanging scroll; ink on paper,Image: 39 x 11 in. (99.1 x 27.9 cm),99.060196,27.940056,Asian Art,https://images.metmuseum.org/CRDImages/as/original/DP-14063-009.jpg
78147,2015.500.9.5,Fūgai Ekun,Portrait of Daruma,early 17th century,Hanging scroll; ink on paper,Image: 30 1/2 x 12 1/8 in. (77.5 x 30.8 cm),77.47015,30.797562,Asian Art,https://images.metmuseum.org/CRDImages/as/original/DP355574.jpg
78155,2015.500.9.7,Kita Genki,Portrait of the Ōbaku Zen Monk Mu’an Xingtao (Mokuan Shōtō),dated 1674,Hanging scroll; ink and color on silk,"Image: 43 1/8 × 16 1/2 in. (109.5 × 41.9 cm)
Overall with mounting: 79 5/8 × 23 3/8 in. (202.2 × 59.4 cm)",109.53772,41.910084,Asian Art,https://images.metmuseum.org/CRDImages/as/original/DP355505.jpg
78157,2015.500.9.10,,Portrait of Keinan Eibun,1449,"Hanging scroll; ink, color, and gold on silk","Image: 36 1/2 in. × 15 in. (92.7 × 38.1 cm)
Overall with mounting: 70 1/4 × 21 1/4 in. (178.4 × 54 cm)
Overall with knobs: 70 1/4 × 23 in. (178.4 × 58.4 cm)",92.71018,38.100075,Asian Art,https://images.metmuseum.org/CRDImages/as/original/DP355497.jpg
78173,"2020.290a, b",,"Pair of Manuscript Covers, Each with Five Deities",ca. late 11th century,Distemper and gilt on wood,Each: 4 1/4 × 22 in. (10.8 × 55.9 cm),10.795022,55.88011,Asian Art,https://images.metmuseum.org/CRDImages/as/original/21aR4_61E.jpg
78190,2012.457,,Chakrasamvara and Vajravarahi,1575–1600,Distemper on cotton,Image: 28 x 24 in. (71.1 x 61 cm),71.12014,60.96012,Asian Art,https://images.metmuseum.org/CRDImages/as/original/DP284694_edt.jpg
78194,2012.460,,White Tara and Green Tara,1450–1500,Distemper on cloth,Image: 20 1/4 x 20 in. (51.4 x 50.8 cm),51.4,50.8,Asian Art,https://images.metmuseum.org/CRDImages/as/original/DP284706_edt.jpg
78195,2012.444.4,,"Mahakala, Protector of the Tent",ca. 1500,Distemper on cloth,"Image: H. 64 in. (162.6 cm); W. 53 in. (134.6 cm)
Framed: H. 87 3/8 in. (221.9 cm); W. 65 3/8 in. (166.1 cm); D. 3 5/8 in. (9.2 cm)",162.6,134.6,Asian Art,https://images.metmuseum.org/CRDImages/as/original/DP291219_edt.jpg
78196,2012.461,,Buddha Shakyamuni and Scenes of His Previous Lives (Jataka Tales),1573–1619,Distemper on cloth,Image: 27 3/8 × 18 1/2 in. (69.5 × 47 cm),69.53264,46.990093,Asian Art,https://images.metmuseum.org/CRDImages/as/original/DP284696_edt.jpg
78197,2012.462,Kitaharasa,Mandala of the Sun God Surya,likely 1379,Distemper on cotton,Image: 32 5/8 × 21 1/2 in. (82.9 × 54.6 cm),82.86767,54.610107,Asian Art,https://images.metmuseum.org/CRDImages/as/original/DP284710_edt.jpg
782304,2018.289.2,Edgar Degas,Young Woman with Her Hand over Her Mouth,ca. 1875,Oil colors freely mixed with turpentine on canvas,16 1/4 × 13 1/8 in. (41.3 × 33.4 cm),41.27508,33.4,European Paintings,https://images.metmuseum.org/CRDImages/ep/original/DP-17996-001.jpg
782308,2018.289.6,Gustave Moreau,Salome with the Head of John the Baptist,ca. 1876,Oil on wood,8 1/2 × 4 3/4 in. (21.6 × 12.1 cm),21.590044,12.065024,European Paintings,https://images.metmuseum.org/CRDImages/ep/original/DP-15575-001.jpg
78569,2013.500,Arai Kōu,Female Chanter for Jōruri Puppet Theater,ca. 1920,"Hanging scroll; ink, color, and gold on silk","Image: 75 1/2 × 42 1/2 in. (191.8 × 108 cm)
Overall with mounting: 116 1/4 × 51 5/8 in. (295.3 × 131.1 cm)
Overall with knobs: 116 1/4 × 55 5/8 in. (295.3 × 141.3 cm)",191.77039,107.95022,Asian Art,https://images.metmuseum.org/CRDImages/as/original/DP700761.jpg
812305,2018.914.2,Utagawa Toyoharu,Courtesan as Daruma,ca. 1800; inscription ca. 1810,Hanging scroll; ink and color on paper,"Image: 29 1/4 in. × 10 in. (74.3 × 25.4 cm)
Overall with mounting: 59 3/4 × 13 5/16 in. (151.8 × 33.9 cm)
Overall with knobs: 59 3/4 × 15 3/16 in. (151.8 × 38.6 cm)",74.29515,25.400051,Asian Art,https://images.metmuseum.org/CRDImages/as/original/DP-16218-036.jpg
813585,2018.501.1,Henry Inman,"Hayne Hudjihini, Eagle of Delight",1832–33,Oil on canvas,30 1/4 × 25 1/4 in. (76.8 × 64.1 cm),76.83515,64.13513,The American Wing,https://images.metmuseum.org/CRDImages/ad/original/DP-18741-001.jpg
813594,2018.501.2,Henry Inman,Pes-Ke-Le-Cha-Co,1832–33,Oil on canvas,30 × 25 in. (76.2 × 63.5 cm),76.20015,63.500126,The American Wing,https://images.metmuseum.org/CRDImages/ad/original/DP-18966-001.jpg
814897,2018.750,,Goddess Tripurasundari,Early 20th century,Distemper and gold on cloth,Image: 35 3/4 × 26 3/4 in. (90.8 × 67.9 cm),90.80518,67.94514,Asian Art,https://images.metmuseum.org/CRDImages/as/original/DP-17956-001.jpg
816203,2018.853.16,Unidentified artist,Festive Dancing at a Samurai Residence (Fūryū odori zu byōbu),ca. 1660,Four-panel folding screen; ink and color on paper,19 13/16 × 70 7/8 in. (50.4 × 180 cm),50.4,180.0,Asian Art,https://images.metmuseum.org/CRDImages/as/original/DP-17861-001.jpg
816204,2018.853.17,Unidentified,Dancer with a Sword,ca. 1670,Hanging scroll; ink and color on paper,"Image: 17 5/16 × 10 13/16 in. (44 × 27.5 cm)
Overall with mounting: 50 3/8 × 19 1/8 in. (128 × 48.6 cm)
Overall with knobs: 50 3/8 × 21 1/4 in. (128 × 54 cm)",44.0,27.5,Asian Art,https://images.metmuseum.org/CRDImages/as/original/DP-25762-002.jpg
816206,2018.853.30,Yokoi Kinkoku  横井金谷,Chinese Beauty,"8th month, 1797",Hanging scroll; ink and color on silk,"Image: 44 1/16 × 14 1/16 in. (111.9 × 35.7 cm)
Overall with mounting: 76 3/16 × 18 11/16 in. (193.5 × 47.5 cm)
Overall with knobs: 76 3/16 × 20 7/8 in. (193.5 × 53 cm)",111.918976,35.7,Asian Art,https://images.metmuseum.org/CRDImages/as/original/DP-19321-002.jpg
816209,2018.853.21,Shōzan Gen’yō,Kannon on a Lotus Petal,1672,Hanging scroll; ink and color on paper,"Image: 16 9/16 × 23 7/16 in. (42 × 59.5 cm)
Overall with mounting: 53 3/8 × 29 in. (135.6 × 73.7 cm)
Overall with knobs: 53 3/8 × 31 1/8 in. (135.6 × 79.1 cm)",42.0,59.53137,Asian Art,https://images.metmuseum.org/CRDImages/as/original/DP-25764-002.jpg
816213,2018.853.25,Miyagawa Isshō,Samurai and Wakashu (Male Youth),early 18th century,Hanging scroll; ink and color on silk,"Image: 33 3/8 × 17 5/16 in. (84.8 × 44 cm)
Overall with mounting: 70 1/4 × 22 3/8 in. (178.4 × 56.8 cm)
Overall with knobs: 70 1/4 × 24 1/8 in. (178.4 × 61.3 cm)",84.8,44.0,Asian Art,https://images.metmuseum.org/CRDImages/as/original/DP-19316-002.jpg
816214,2018.853.26,Katsukawa Shunshō 勝川春章,Courtesan of Eguchi,painting:1770−80; inscription: 1820s–30s,Hanging scroll; ink and color on paper,"Image: 14 7/8 × 20 7/16 in. (37.8 × 51.9 cm)
Overall with mounting: 48 1/16 × 25 1/4 in. (122 × 64.1 cm)
Overall with knobs: 48 1/16 × 27 3/8 in. (122.1 × 69.5 cm)",37.8,51.911354,Asian Art,https://images.metmuseum.org/CRDImages/as/original/DP-19317-002.jpg
816215,2018.853.27,Maruyama Ōkyo 円山応挙,Portrait of Botanka Shōhaku,second half 18th century,Hanging scroll; ink on paper,"Image: 29 7/8 × 11 7/16 in. (75.9 × 29.1 cm)
Overall with mounting: 60 7/16 × 15 1/2 in. (153.5 × 39.4 cm)
Overall with knobs: 60 7/16 × 17 15/16 in. (153.5 × 45.6 cm)",75.9,29.051308,Asian Art,https://images.metmuseum.org/CRDImages/as/original/DP-19318-002.jpg
816216,2018.853.28,Matsumura Goshun,Fish Market,1780s,Hanging scroll; ink and color on silk,"Image: 41 5/16 × 18 5/16 in. (105 × 46.5 cm)
Overall with mounting: 71 1/4 × 23 3/8 in. (181 × 59.4 cm)
Overall with knobs: 71 1/4 × 25 9/16 in. (181 × 64.9 cm)",105.0,46.5,Asian Art,https://images.metmuseum.org/CRDImages/as/original/DP-19320-002.jpg
816272,2019.299,,Lady with a Turkish Headdress (hotos),mid-17th century,Oil on canvas,"Painting:
              H. 60 1/4 in. (153 cm)
              W. 36 in. (91.4 cm)
Framed:
              H. 65 1/4 in. (165.7 cm)
              W. 40 in. (101.6 cm)",,,Islamic Art,https://images.metmuseum.org/CRDImages/is/original/LC-2019_299.jpg
816514,2020.263.3,Orsola Maddalena Caccia,Madonna and Child with the Infant Saint John the Baptist,ca. 1645,Oil on canvas,38 3/8 × 38 in. (97.5 × 96.5 cm),97.5,96.5,European Paintings,https://images.metmuseum.org/CRDImages/ep/original/DP-19776-001.jpg
816515,2020.263.7,Michele Desubleo,Allegory of Sacred and Profane Love,1665–75,Oil on canvas,59 × 76 1/2 in. (149.9 × 194.3 cm),149.8603,194.3104,European Paintings,https://images.metmuseum.org/CRDImages/ep/original/DP-21344-001.jpg
816618,2020.263.11,Alessandro Turchi,Judgment of Paris,ca. 1640,Oil on canvas,38 1/8 × 53 in. (96.8 × 134.6 cm),96.8,134.6,European Paintings,https://images.metmuseum.org/CRDImages/ep/original/DP-19778-001.jpg
816621,2020.263.4,Giovanni Benedetto Castiglione (Il Grechetto),Roman Landscape with a Shepherd and Sheep,late 1640s,Oil on copper,19 × 17 in. (48.3 × 43.2 cm),48.260098,43.180088,European Paintings,https://images.metmuseum.org/CRDImages/ep/original/DP-19710-001.jpg
816629,2020.263.8,Carlo Maratti,The Flight into Egypt,ca. 1664,Oil on copper,23 3/4 × 19 1/8 in. (60.3 × 48.6 cm),60.3,48.6,European Paintings,https://images.metmuseum.org/CRDImages/ep/original/DP-19712-001.jpg
816630,2020.263.6,Carlo Cignani,Charity,ca. 1680,Oil on copper,20 × 27 in. (50.8 × 68.6 cm),50.800102,68.58014,European Paintings,https://images.metmuseum.org/CRDImages/ep/original/DP-19775-001.jpg
817504,2019.21,Louis Léopold Boilly,Portrait of a Boy,ca. 1805,Oil on canvas,28 7/16 × 23 3/8 in. (72.3 × 59.4 cm),72.3,59.4,European Paintings,https://images.metmuseum.org/CRDImages/ep/original/DP-16594-001.jpg
821085,2020.77,Unidentified artist,"Prajnaparamita, Painting from a Prajnaparamita Sutra Manuscript",11th–12th century,Gouache and black ink on paper,"Image: 4 × 4 in. (10.2 × 10.2 cm)
Sheet: 7 3/4 × 5 1/2 in. (19.7 × 14 cm)",10.16002,10.16002,Asian Art,https://images.metmuseum.org/CRDImages/as/original/DP-19475-001.jpg
822083,2022.460,Francesco Salviati (Francesco de' Rossi),Bindo Altoviti (1491–1557),ca. 1545,Oil on marble,34 5/8 × 28 3/4 in.  (88 × 73 cm),88.0,73.0,European Paintings,https://images.metmuseum.org/CRDImages/ep/original/DP-34698-001.jpg
822850,2019.144,Sajnu,Vishnu on Garuda,ca. 1810–20,Opaque pigments and gold on paper,"Image: 7 1/2 × 4 1/2 in. (19.1 × 11.4 cm)
Sheet: 8 1/2 × 5 1/2 in. (21.6 × 14 cm)",19.050037,11.430023,Asian Art,https://images.metmuseum.org/CRDImages/as/original/DP-18171-001.jpg
822852,2019.123,Ambav,Maharaja Sovan Singh playing pachisi,ca. 1868,"Opaque watercolor with gold on paper, inscribed in devanagari on the reverse","Image: 8 3/4 × 11 15/16 in. (22.3 × 30.3 cm)
Sheet: 10 × 13 5/16 in. (25.4 × 33.9 cm)",22.3,30.3,Asian Art,https://images.metmuseum.org/CRDImages/as/original/DP-18170-001.jpg
823142,2019.172,,A Youth in a Hammam Smoking a Pipe,first half of 18th century,"Painting: opaque watercolor on paper
Border: decorated paper with flecked silver, marbled paper, and gold (leaf and shell)","Painting: 
             H. 6 11/16 in. (16.9 cm)
             W. 3 1/2 in. (8.9 cm)
Folio:
             H. 10 5/16 in. (26.2 cm)
             W. 6 3/4 in. (17.1 cm)",,,Islamic Art,https://images.metmuseum.org/CRDImages/is/original/TR.84.2019 3-25-19.jpg
823278,2019.146,,Shiva enraged by Parvati's interruption of his meditation,early 19th century,Opaque pigments and gold on paper,"Image (folio): 9 1/2 × 7 3/16 in. (24.2 × 18.3 cm)
Image (painting): 8 3/4 × 5 11/16 in. (22.3 × 14.4 cm)",22.3,14.4,Asian Art,https://images.metmuseum.org/CRDImages/as/original/DP-18172-001.jpg
825523,2019.560,,Scene from A Long Tale for an Autumn Night (Aki no yo no nagamonogatari),early 15th century,"Section of a handscroll, remounted as a hanging scroll; ink, color, and gold on paper","Image: 11 3/16 × 24 9/16 in. (28.4 × 62.4 cm)
Overall with mounting: 48 3/4 × 29 5/8 in. (123.8 × 75.2 cm)
Overall with knobs: 48 3/4 × 31 5/8 in. (123.8 × 80.3 cm)",28.416307,62.388874,Asian Art,https://images.metmuseum.org/CRDImages/as/original/LC-TR_187a_c_2019_sr1-009.jpg
825586,2022.173,,A Prince Riding an Elephant in Procession,ca. 1570,Opaque color and gold on cotton cloth,"Image: Ht. 13 3/8 in. (34 cm)
              W. 15 11/16 in. (39.8 cm)
Frame: Ht. 21 1/8 in. (53.7 cm)
              W. 18 7/8 in. (47.9 cm)
               D. 1 1/16 in. (2.7 cm)",34.0,39.8,Islamic Art,https://images.metmuseum.org/CRDImages/is/original/DP-28154-001.jpg
826439,2019.209,,Hanuman in His Tantric Five-Headed Pancha Mukha Form,ca. late 19th century,Ink and opaque watercolor on paper,Image: 19 1/4 × 16 3/4 in. (48.9 × 42.5 cm),48.8951,42.545086,Asian Art,https://images.metmuseum.org/CRDImages/as/original/DP-22859-001.jpg
826444,2023.562,Thomas Eakins,A Street Scene in Seville,1870,Oil on canvas,"62 3/4 × 42 in. (159.4 × 106.7 cm)
Framed: 70 1/2 × 50 in. (179.1 × 127 cm)",159.38531,106.680214,The American Wing,https://images.metmuseum.org/CRDImages/ad/original/IA-HRCWJD.jpg
828241,2020.220,Johann Liss,The Temptation of Saint Mary Magdalen,ca. 1626,Oil on canvas,38 7/8 × 49 1/2 in. (98.8 × 125.8 cm),98.8,125.8,European Paintings,https://images.metmuseum.org/CRDImages/ep/original/DP-19542-001.jpg
828497,2019.263,Giacomo Ceruti,An Old Man with a Dog,1740s,Oil on canvas,25 9/16 × 17 11/16 in. (65 × 45 cm),65.0,45.0,European Paintings,https://images.metmuseum.org/CRDImages/ep/original/DP-18781-001.jpg
829378,2019.420.1,Unidentified,Section of The Amitabha Sutra,mid-13th century,Handscroll; gold and silver on indigo paper,"Image: 8 1/16 × 83 7/16 in. (20.5 × 212 cm)
Overall with mounting: 11 13/16 × 94 7/8 in. (30 × 241 cm)",20.5,212.0,Asian Art,https://images.metmuseum.org/CRDImages/as/original/DP-21945-002.jpg
829382,2019.420.5,Tōsai,Tenjin Traveling to China,early 16th century,Hanging scroll; ink and color on silk,"Image: 37 5/16 × 14 3/8 in. (94.8 × 36.5 cm)
Overall with mounting: 73 7/16 × 23 1/16 in. (186.5 × 58.5 cm)",94.8,36.5,Asian Art,https://images.metmuseum.org/CRDImages/as/original/DP-20033-002.jpg
829389,2019.420.12,Unidentified,Merrymaking in a Brothel,early 17th century,Hanging scroll; ink and color on paper,"Image: 10 1/8 × 13 7/16 in. (25.7 × 34.2 cm)
Overall with mounting: 44 1/2 × 20 3/16 in. (113 × 51.3 cm)",25.7,34.2,Asian Art,https://images.metmuseum.org/CRDImages/as/original/DP-23436-002.jpg
829395,2019.420.18,Unidentified,Screen of Two Dancers (Bugi zu byōbu),18th century,"Two-panel folding screen; ink, color, and gold on paper","Image: 31 5/8 × 14 3/16 in. (80.4 × 36.1 cm)
Overall with mounting: 50 13/16 × 68 7/8 in. (129 × 175 cm)",80.4,36.1,Asian Art,https://images.metmuseum.org/CRDImages/as/original/DP-25306-003.jpg
831188,2020.401,Byzantine or Crusader,"Icon of the Virgin and Child, Hodegetria variant",13th century,Tempera on wood,10 × 7 1/4 × 1/2 in. (25.4 × 18.4 × 1.3 cm),25.400051,18.415037,Medieval Art,https://images.metmuseum.org/CRDImages/md/original/DP-22753-001.jpg
832687,2019.291,,King Songten Gampo as the incarnate Avalokiteshvara,10th–11th century,Painting on silk,21 × 21 in. (53.3 × 53.3 cm),53.340107,53.340107,Asian Art,https://images.metmuseum.org/CRDImages/as/original/DP-18788-001.jpg
834308,2020.320,Hendrick ter Brugghen,Roman Charity,1622,Oil on canvas,58 1/8 × 54 1/8 in. (147.6 × 137.5 cm),147.6378,137.47777,European Paintings,https://images.metmuseum.org/CRDImages/ep/original/DP-21075-001.jpg
835028,2019.447.1,Hishikawa School,Daimyo Procession to Edo,ca. 1700,"Handscroll; ink, color, and gold on silk",Image: approx. 13 7/16 in. × 27 ft. 4 9/16 in. (34.1 × 834.6 cm),34.1,834.6,Asian Art,https://images.metmuseum.org/CRDImages/as/original/DP-19027-012_crd.jpg
835145,2019.405,,A Young Prince,ca. 1820,Oil on canvas,"H. 47 3/16 in. (119.9 cm)
W. 31 1/2 in. (80 cm)",,,Islamic Art,https://images.metmuseum.org/CRDImages/is/original/LC-2019_405.jpg
838009,2020.74.1,Unidentified,Fragmentary Leaf from an Ashtasahasrika Prajnaparamita Sutra,12th century,"Gold, lapis lazuli, cinnabar, indigo, and orpiment pigments and black ink on paper",Image: 3 3/8 × 2 15/16 in. (8.5 × 7.5 cm),8.5,7.5,Asian Art,https://images.metmuseum.org/CRDImages/as/original/DP-22234-001.jpg
838011,2020.74.2,Unidentified,Fragmentary Leaf from an Ashtasahasrika Prajnaparamita Sutra,12th century,"Gold, lapis lazuli, cinnabar, indigo, and orpiment pigments and black ink on paper",Image: 8 1/16 × 6 1/2 in. (20.5 × 16.5 cm),20.5,16.5,Asian Art,https://images.metmuseum.org/CRDImages/as/original/DP-22235-001.jpg
838012,2020.74.3,Unidentified artist,"Manjushri, Painting from a Prajnaparamita Sutra Manuscript",ca. 11th century,Gouache and black ink on paper,Image: 6 11/16 × 14 15/16 in. (17 × 38 cm),17.0,38.0,Asian Art,https://images.metmuseum.org/CRDImages/as/original/DP-22236-001.jpg
838013,2020.74.4,Unidentified,Fragmentary Leaf from an Ashtasahasrika Prajnaparamita Sutra,12th century,"Gold, lapis lazuli, cinnabar, indigo, and orpiment pigments and black ink on paper",Image: 6 11/16 × 14 15/16 in. (17 × 38 cm),17.0,38.0,Asian Art,https://images.metmuseum.org/CRDImages/as/original/DP-28252-002.jpg
838076,2020.209,Bohemian Painter,Virgin and Child Enthroned,ca. 1345–50,Oil(?) and gold on wood,10 3/16 × 7 15/16 × 7/16 in. (25.8 × 20.2 × 1.1 cm),25.8,20.2,European Paintings,https://images.metmuseum.org/CRDImages/ep/original/DP-20592-001.jpg
839045,2020.84.3,Christian Krohg,The Net Mender (Garnbinderen),1879,Oil on canvas,37 × 31 7/8 in. (94 × 81 cm),94.0,81.0,European Paintings,https://images.metmuseum.org/CRDImages/ep/original/DP-19488-001.jpg
839905,2020.360a–e,Ryūjo (Tatsujo),Illustrated Handscrolls of The Tale of Genji,1594,Five handscrolls; ink and color on paper (illustrations); ink on paper (texts),"Scroll 1: 12 1/2 in. × 34 ft. 10 9/16 in. (31.8 × 1063.1 cm)
Scroll 2: 12 1/2 in. × 34 ft. 11 3/8 in. (31.8 × 1065.2 cm)
Scroll 3: 12 1/2 in. × 34 ft. 7 9/16 in. (31.8 × 1055.6 cm)
Scroll 4: 12 1/2 in. × 34 ft. 8 1/16 in. (31.8 × 1056.8 cm)
Scroll 5: 12 1/2 in. × 31 ft. 6 1/16 in. (31.8 × 960.3 cm)",31.8,1055.6,Asian Art,https://images.metmuseum.org/CRDImages/as/original/DP-19671-043_crd.jpg
841475,2020.362,Rahim Kashani,People of the Prophet's House with Companions,dated 1301 AH/1883 CE,Oil on canvas,"Framed: H: 37 in (94 cm) x W: 33 in (83.8 cm)
Unframed: H: 27 in (68.6 cm) x W: 23 in (58.4 cm)",,,Islamic Art,https://images.metmuseum.org/CRDImages/is/original/LC-2020_362.jpg
841644,2020.92,Suzuki Hyakunen 鈴木百年,Collaborative Painting of Sixteen Arhats,late 1870s–early 1880s,Hanging scroll; ink and color on satin,"Image: 63 3/4 in. × 26 in. (161.9 × 66 cm)
Overall with mounting: 96 1/2 × 32 3/4 in. (245.1 × 83.2 cm)",161.92532,66.04013,Asian Art,https://images.metmuseum.org/CRDImages/as/original/DP-19476-002.jpg
843267,"2020.359.1, .2",Kano Sanraku,Chinese Sages,late 16th–early 17th century,Pair of six-panel folding screens; ink on paper,Each: 58 7/8 in. × 11 ft. 4 in. (149.5 × 345.5 cm),149.5,345.5,Asian Art,https://images.metmuseum.org/CRDImages/as/original/LC-2020_359_1_2-001.jpg
843268,2021.55,Sekishō Shōan 石樵昌安,Three Laughers of Tiger Ravine,mid-16th century,"Hanging scroll; ink, color, and gold on silk","Image: 34 5/8 × 14 1/8 in. (87.9 × 35.9 cm)
Overall with mounting: 71 × 19 3/8 in. (180.3 × 49.2 cm)",87.94768,35.87757,Asian Art,https://images.metmuseum.org/CRDImages/as/original/DP-23104-002.jpg
843779,2022.47,Kano Masanobu 狩野正信,Bodhidharma in Red Robes,late 15th century,Hanging scroll; ink and color on paper,"Image: 35 7/8 × 17 5/8 in. (91.2 × 44.8 cm)
Overall with mounting: 74 7/8 × 23 13/16 in. (190.2 × 60.5 cm)
Overall with knobs: 74 7/8 × 25 3/4 in. (190.2 × 65.4 cm)",91.2,44.8,Asian Art,https://images.metmuseum.org/CRDImages/as/original/DP-23421-002.jpg
843985,2020.324,,"Manuscript Cover Interior with Mahasiddhas, Bodhisattvas, and Protectors",ca. late 14th century,Distemper and gold on wood,11 × 27 9/16 in. (28 × 70 cm),28.0,70.0,Asian Art,https://images.metmuseum.org/CRDImages/as/original/DP-19719-001.jpg
844779,2021.170,Northern Highlands artist,Wall painting of the Virgin and Child with donors,ca. 1800,Pigment over gesso on canvas,H. 81 7/8 × W. 63 in. (208 × 160 cm),208.0,160.0,The Michael C. Rockefeller Wing,https://images.metmuseum.org/CRDImages/ao/original/DP-39222-001.jpg
845127,2020.396.6,Unidentified,Portrait of Dengyō Daishi (Saichō),early 18th century,"Hanging scroll; ink, color, and gold on silk","Image: 46 1/8 × 22 7/8 in. (117.2 × 58.1 cm)
Overall with mounting: 76 1/2 × 28 3/8 in. (194.3 × 72.1 cm)
Overall with knobs: 76 1/2 × 31 in. (194.3 × 78.7 cm)",117.15774,58.102615,Asian Art,https://images.metmuseum.org/CRDImages/as/original/DP-21860-002.jpg
845137,2020.396.16,Ono no Ozū (Ono no Tsū),Hotei and a Child,dated 1624 (Genna 10),Hanging scroll; ink on paper,"Image: 34 1/8 × 18 in. (86.7 × 45.7 cm)
Overall with mounting: 65 × 19 3/8 in. (165.1 × 49.2 cm)
Overall with knobs: 65 × 21 1/2 in. (165.1 × 54.6 cm)",86.67767,45.720093,Asian Art,https://images.metmuseum.org/CRDImages/as/original/DP-21865-002.jpg
845141,2020.396.20,Unidentified artist,Portrait of Sen no Rikyū with his Death Poem,early 17th century,Hanging scroll; ink and color on silk,"Image: 30 9/16 × 13 1/2 in. (77.7 × 34.3 cm)
Overall with mounting: 63 3/8 × 14 5/8 in. (161 × 37.1 cm)
Overall with knobs: 63 3/8 × 16 in. (161 × 40.6 cm)",77.7,34.29007,Asian Art,https://images.metmuseum.org/CRDImages/as/original/DP-25916-002.jpg
845145,2020.396.22,Prince-Abbot Ryōshō,Monk Kenkō Reading by Lamplight,late 17th century,Hanging scroll; ink and color on paper,"Image: 8 5/16 × 20 9/16 in. (21.1 × 52.3 cm)
Overall with mounting: 40 × 21 1/2 in. (101.6 × 54.6 cm)
Overall with knobs: 40 × 23 3/8 in. (101.6 × 59.4 cm)",21.1,52.3,Asian Art,https://images.metmuseum.org/CRDImages/as/original/DP-25917-002.jpg
845152,2020.396.29,Chōbunsai Eishi 鳥文斎栄之,Courtesan with Fan and Koto,late 18th century,Hanging scroll; color on silk,"Image: 34 9/16 × 10 15/16 in. (87.8 × 27.8 cm)
Overall with mounting: 68 1/8 × 15 1/4 in. (173 × 38.7 cm)
Overall with knobs: 68 5/8 × 17 3/8 in. (174.3 × 44.1 cm)",87.788925,27.781305,Asian Art,https://images.metmuseum.org/CRDImages/as/original/DP-26038-002.jpg
845240,2021.49,Manaku,Hiranyakashipu commands his demon warriors to threaten and injure Prahlada. Preparatory drawing from the ‘Small Bhagavata Purana’ Series,ca. 1740–50,Brush drawing on paper,Image: 8 11/16 × 12 5/8 in. (22 × 32 cm),22.0,32.0,Asian Art,https://images.metmuseum.org/CRDImages/as/original/LC-TR_177_1_2020_sr1-001.jpg
845857,2021.100,Bhajuman Chitrkar,Portrait of Colonel Ranabir Singh Thapa,ca. 1830,"Opaque watercolors with gold on paper, laid down in an album page with ornamental margins and border","Image: 10 5/8 × 8 7/16 in. (27 × 21.5 cm)
Sheet: 20 1/16 × 14 15/16 in. (51 × 38 cm)",27.0,21.5,Asian Art,https://images.metmuseum.org/CRDImages/as/original/LC-TR_32_2021_sr1-001.jpg
846945,2020.234,William Wood,Joanna de Silva,1792,Oil on canvas,30 × 25 in. (76.2 × 63.5 cm),76.20015,63.500126,European Paintings,https://images.metmuseum.org/CRDImages/ep/original/DP-21917-001.jpg
847024,2021.10.2,"Frederic, Lord Leighton",Study for the Ceiling of the Marquand Music Room,ca. 1886,Oil and gold on canvas,"Central canvas 12 x 17 in. (30.5 x 43.2 cm); side canvases each, 12 x 7 in. (30.5 x 17.8 cm)",30.48006,43.180088,European Paintings,https://images.metmuseum.org/CRDImages/ep/original/DP-21914-007.jpg
848137,2021.30,Gustave Courbet,Study of a Nude Man,early 1840s,Oil on canvas,29 × 33 1/8 in. (73.7 × 84.1 cm),73.66015,84.137665,European Paintings,https://images.metmuseum.org/CRDImages/ep/original/DP-25035-001.jpg
849488,2021.325.7,,Goddess Jagadhatri,ca. 1870–80,"Lithograph printed in black, hand-colored with crimson, yellow, and grey watercolor and white gouache",Sheet: 9 1/16 × 7 in. (23 × 17.8 cm),23.018797,17.780035,Asian Art,https://images.metmuseum.org/CRDImages/as/original/DP-22731-001.jpg
850685,"2021.81a, b",,Maharaja Serfoji II accompanied by his Minister,ca. 1800,Opaque watercolor with raised gold on paper,Image: 23 1/2 × 17 1/4 in. (59.7 × 43.8 cm),59.69012,43.815086,Asian Art,https://images.metmuseum.org/CRDImages/as/original/DP-22860-001.jpg
851353,2021.117,Unidentified artist,Vulture Peak Assembly,mid-18th century,"Unmounted; ink, gold, silver and white pigment on silk",Image: 84 × 80 in. (213.4 × 203.2 cm),213.36043,203.20041,Asian Art,https://images.metmuseum.org/CRDImages/as/original/DP-21700-001.jpg
852357,2021.139,Utagawa Kunisada,Memorial Portrait of the Actor Ichikawa Ōmezō I,painting ca. 1833; inscription dated 1858,Hanging scroll; ink and color on silk,"Image: 35 9/16 × 12 5/8 in. (90.3 × 32 cm)
Overall with mounting: 70 × 18 7/8 in. (177.8 × 47.9 cm)
Overall with knobs: 70 × 21 1/4 in. (177.8 × 54 cm)",90.3,32.0,Asian Art,https://images.metmuseum.org/CRDImages/as/original/DP-21704-002.jpg
853157,2021.383,Samuel Daniell,Portrait of a Sri Lankan Tamil,1806–1807,Watercolor and graphite on paper,Sheet: 5 7/8 × 6 3/4 in. (14.9 × 17.1 cm),28.892557,27.622555,Asian Art,https://images.metmuseum.org/CRDImages/as/original/DP-22861-001.jpg
853188,2021.398.8,Unidentified,Horse and Groom,14th century,Hanging scroll; ink and color on paper,"Image: 13 3/16 × 18 3/4 in. (33.5 × 47.6 cm)
Overall with mounting: 48 1/4 × 24 1/4 in. (122.6 × 61.6 cm)",33.49632,47.625095,Asian Art,https://images.metmuseum.org/CRDImages/as/original/DP-25340-002.jpg
853198,2021.398.13,Unidentified,People Dancing,early 17th century,Hanging scroll; ink and color on paper,"Image: 30 3/4 × 41 3/4 in. (78.1 × 106 cm)
Overall with mounting: 81 × 46 3/8 in. (205.7 × 117.8 cm)",78.105156,106.0,Asian Art,https://images.metmuseum.org/CRDImages/as/original/DP-24141-002.jpg
853200,2021.398.14a–c,Unkoku Tōeki,"Monk Zhaozhou and Dog, with Geese and Mynah",first half 17th century,Set of three hanging scrolls; ink on paper,"Image (each): 42 3/8 × 18 1/4 in. (107.6 × 46.4 cm)
Overall with mounting (each): 76 1/4 × 21 in. (193.7 × 53.3 cm)",107.63271,46.35509,Asian Art,https://images.metmuseum.org/CRDImages/as/original/DP-23156-001_crd.jpg
853202,2021.398.15,Iwasa Matabei 岩佐又兵衛,"Archbishop Henjō (Sōjō Henjō zu), from the Dōon Version of the Thirty-Six Poetic Immortals",1620s–1630s,"Hanging scroll: ink, color, gold and silver on paper","Image: 11 1/4 × 12 13/16 in. (28.5 × 32.5 cm)
Overall with mounting: 43 1/4 × 17 11/16 in. (109.9 × 44.9 cm)",28.5,32.543816,Asian Art,https://images.metmuseum.org/CRDImages/as/original/DP-24408-002.jpg
853204,2022.432.13,Unidentified,Wakashu (Male Youth) Dancer with a Fan,ca. 1670–80,Hanging scroll; ink and color on paper,"Image: 33 1/16 × 10 7/8 in. (84 × 27.6 cm)
Overall with mounting: 64 × 15 5/8 in. (162.6 × 39.7 cm)",83.97892,27.622555,Asian Art,https://images.metmuseum.org/CRDImages/as/original/DP-25266-002.jpg
853205,2021.398.17a–c,Tosa Mitsuoki,"Portraits of Three Famous Poets: Kakinomoto no Hitomaro, Lady Ise, and Ono no Komachi",1691,"Triptych of hanging scrolls: ink, color, gold and silver on silk","Image: 39 1/2 × 17 3/8 in. (100.3 × 44.1 cm)
Overall with mounting: 73 3/4 × 22 3/8 in. (187.3 × 56.8 cm)",100.3302,44.132587,Asian Art,https://images.metmuseum.org/CRDImages/as/original/DP-24409-001.jpg
853209,"2022.432.16a, b",Yosa Buson,Hanshan and Shide,early 1770s,Diptych of hanging scrolls; ink and color on paper,"Image (each): 55 × 23 3/16 in. (139.7 × 58.9 cm)
Overall with mounting (each): 84 1/4 × 27 5/16 in. (214 × 69.4 cm)",139.70029,58.896366,Asian Art,https://images.metmuseum.org/CRDImages/as/original/DP-23172-001_crd.jpg
853238,2021.396.2,Unidentified artist,The Bodhisattva Five-Topknot Monju (Manjushri) (Gokei Monju Bosatsu zō),probably 18th century,"Hanging scroll; ink, color, gofun, gold pigment, and kirikane (cut gold leaf) on silk","Image: 45 5/8 × 16 5/8 in. (115.9 × 42.2 cm)
Overall with mounting: 76 3/4 × 22 7/8 in. (194.9 × 58.1 cm)
Overall with knobs: 76 3/4 × 24 3/4 in. (194.9 × 62.9 cm)",115.88773,42.227585,Asian Art,https://images.metmuseum.org/CRDImages/as/original/DP-21706-002.jpg
853239,2021.396.3,Unidentified artist,Triad of the Medicine Master Buddha Yakushi (Bhaisajya Buddha),17th or 18th century,"Hanging scroll; ink, color, metallic paint, and kirikane (cut gold) on silk","Image: 40 × 19 in. (101.6 × 48.3 cm)
Overall with mounting: 68 × 23 7/8 in. (172.7 × 60.6 cm)
Overall with knobs: 68 × 26 in. (172.7 × 66 cm)",101.600204,48.260098,Asian Art,https://images.metmuseum.org/CRDImages/as/original/DP-21707-002.jpg
853449,2021.430,Domingo Ortiz,Portrait of Sor Juana de Nuestra Señora de Guadalupe,1797,Oil on canvas,40 1/4 × 32 1/2 in. (102.2 × 82.6 cm),102.23521,82.55016,The American Wing,https://images.metmuseum.org/CRDImages/ad/original/DP-25528-001.jpg
853450,2021.268,Nicolás Rodríguez Juárez,Nun’s Badge with the Virgin of the Immaculate Conception,ca. 1710,Oil and gold on copper; tortoiseshell and silver frame,"Diameter: 5 1/16 in. (12.9 cm)
Diameter (Framed): 8 1/4 in. (21 cm)",,,The American Wing,https://images.metmuseum.org/CRDImages/ad/original/DP-26403-001.jpg
853891,2024.89.2,Unidentified artist,Mountain god with tiger,late 19th century,Framed painting; ink and color on silk,"Image: 33 × 39 in. (83.8 × 99.1 cm)
Framed: 37 × 49 in. (94 × 124.5 cm)",83.82017,99.060196,Asian Art,https://images.metmuseum.org/CRDImages/as/original/LC-2024_89_2_at-002.jpg
853897,2024.89.7,Unidentified artist,Figures with dragons,late 19th–early 20th century,Ink and color on paper,Frame: 41 3/4 × 34 1/2 in. (106 × 87.6 cm),106.04521,87.63017,Asian Art,https://images.metmuseum.org/CRDImages/as/original/DP-37220-001.jpg
854002,2021.286a–t,Fei Qinghu (Fei Zhaoyang),Odes of the State of Bin: The Seventh Month,late 18th–early 19th century,Album of twenty leaves; ink and color on silk,Image (each): 12 in. × 10 3/4 in. (30.5 × 27.3 cm),30.48006,27.305054,Asian Art,https://images.metmuseum.org/CRDImages/as/original/DP-22863-002.jpg
854220,2021.324,Unidentified artist,Portrait of a man in court robes with fur surcoat,late 18th–early 19th century,Hanging scroll; ink and color on paper,Image: 76 3/4 × 39 in. (194.9 × 99.1 cm),194.94539,99.060196,Asian Art,https://images.metmuseum.org/CRDImages/as/original/DP-35727-002.jpg
854370,2023.297,Théodore Géricault,General Letellier on His Deathbed,ca. 1818–20,Oil on canvas,9 1/2 × 12 5/8 in. (24.1 × 32.1 cm),24.130049,32.067566,European Paintings,https://images.metmuseum.org/CRDImages/ep/original/DP-23958-001.jpg
854699,2021.402,Toyohara Kunichika,"Artisans, Beauties, and Annual Events",1874,"Thirty paintings mounted as an accordion album; ink, color, gold and gold flecks on silk",Image (each): 11 7/8 × 13 1/8 in. (30.2 × 33.3 cm),30.2,33.3,Asian Art,https://images.metmuseum.org/CRDImages/as/original/DP-22865-001.jpg
854907,2021.289,,Portrait of Shakyashribhadra with His Life Episodes and Lineage,early to mid-14th century,Distemper on cloth,"Image: H. 33 in. (83.8 cm); W. 25 5/16 in. (64.3 cm)
Framed: H. 41 1/4 in. (104.8 cm); W. 33 3/8 in. (84.8 cm); D. 1 5/8 in. (4.1 cm)",83.8,64.3,Asian Art,https://images.metmuseum.org/CRDImages/as/original/DP-30177-001.jpg
856163,2022.152,King Mindon,Scenes from Life of the Buddha,1880s,"Accordion-fold album (Burmese: parabaik), watercolors, ink and gold on mulberry bark paper, with tooled leather boards",Image: 21 3/4 × 8 in. (55.2 × 20.3 cm),55.24511,20.32004,Asian Art,https://images.metmuseum.org/CRDImages/as/original/DP-28256-004_crd.jpg
856295,2022.22,François-Auguste Biard,Bust-Length Study of a Man,1848,"Oil on paper, laid down on canvas",20 1/16 × 18 1/2 in. (51 × 47 cm),51.0,47.0,European Paintings,https://images.metmuseum.org/CRDImages/ep/original/DP-23957-001.jpg
856908,2022.52,,Woman with a pipe,ca. 1760–80,"Reverse-painted crown glass, imitation lacquer frame","Frame, confirmed: 20 1/2 × 15 5/8 × 1 1/8 in. (52.1 × 39.7 × 2.9 cm)
Other (estimated object dimensions from frame): 18 1/4 × 13 1/4 in. (46.4 × 33.7 cm)",52.070103,39.68758,European Sculpture and Decorative Arts,https://images.metmuseum.org/CRDImages/es/original/DP-25120-046.jpg
856950,2021.336,Unidentified,Ardanarishvara; woman holding a flywhisk.,ca. 1800,Ink and wash on J. Whatman paper watermarked 1798,"Sheet (folded): 16 1/8 × 10 1/16 in. (41 × 25.5 cm)
Sheet: 16 1/8 × 20 1/8 in. (41 × 51.1 cm)",41.0,25.5,Asian Art,https://images.metmuseum.org/CRDImages/as/original/DP-23312-001.jpg
857953,2022.344,Watanabe Seitei 渡辺省亭,Seven Beauties of the Bamboo Grove,early 20th century,"Hanging scroll; ink, color, and possibly lacquer on silk",Image: 64 9/16 × 33 7/8 in. (164 × 86 cm),164.0,86.0,Asian Art,https://images.metmuseum.org/CRDImages/as/original/DP-24143-002.jpg
858236,2022.304,"Tirupati School, South India","Vishnu Venkateshvara, Lord of Tirupati",late 18th century,Opaque watercolor and hand-colored silver on paper,Image: 10 5/8 × 7 5/16 in. (27 × 18.6 cm),27.0,18.6,Asian Art,https://images.metmuseum.org/CRDImages/as/original/DP-24983-001.jpg
858237,2022.305,"Tirupati School, South India","Krishna Rajagopalaswamy, king of the cowherds",late 18th century,Opaque watercolor and hand-colored silver on paper,Image: 10 9/16 × 7 1/2 in. (26.8 × 19 cm),26.8,19.0,Asian Art,https://images.metmuseum.org/CRDImages/as/original/DP-24984-001.jpg
871866,2023.1,Ikeda Shōen,Calligraphy Practice (Tenarai),1909,"Two-panel screen; ink, color, and gold on silk","Image: 50 × 56 5/16 in. (127 × 143 cm)
Overall: 67 × 69 1/2 in. (170.2 × 176.5 cm)",127.0,143.0,Asian Art,https://images.metmuseum.org/CRDImages/as/original/DP-27283-001.jpg
872015,2023.79a–c,Kano Sansetsu,"Shakyamuni Emerging from the Mountains, with Dragon and Tiger",second quarter 17th century,Triptych of hanging scrolls; ink on paper,"Image (a): 41 3/4 × 15 3/8 in. (106 × 39 cm)
Image (b): 41 11/16 × 15 7/16 in. (105.9 × 39.2 cm)
Image (c): 41 3/4 × 15 3/8 in. (106 × 39.1 cm)
Overall with mounting (each): 76 7/8 × 21 in. (195.3 × 53.3 cm)
Overall with knobs (each): 76 7/8 × 22 3/4 in. (195.3 × 57.8 cm)",105.88646,39.211327,Asian Art,https://images.metmuseum.org/CRDImages/as/original/DP-25260-001.jpg
872016,2022.308,Giuseppe Abbati,A Man Seated and Asleep,ca. 1865,Oil on wood,10 3/16 × 4 13/16 in. (25.8 × 12.2 cm),25.8,12.2,European Paintings,https://images.metmuseum.org/CRDImages/ep/original/DP-26583-001.jpg
872017,2022.343,Kano Motonobu 狩野元信,Chinese Boys at Play,first half 16th century,"Folding fan mounted as a hanging scroll; ink, color, gold, and mica on paper","Image (fan only): 9 1/8 × 18 1/2 in. (23.2 × 47 cm)
Overall with mounting: 45 × 26 in. (114.3 × 66 cm)
Overall with knobs: 45 × 28 1/4 in. (114.3 × 71.8 cm)",23.177546,46.990093,Asian Art,https://images.metmuseum.org/CRDImages/as/original/DP-25308-002.jpg
875634,2023.91,Rachel Ruysch,Rachel Ruysch (1664–1750),1692,Oil on canvas,30 × 25 in. (76.2 × 63.5 cm),76.20015,63.500126,European Paintings,https://images.metmuseum.org/CRDImages/ep/original/DP-32674-001.jpg
888663,2022.322,Miyagawa Chōshun 宮川長春,Handscroll of Ten Homoerotic (Nanshoku) Scenes,early 18th century,Handscroll; ink and colors on silk,Image: 10 11/16 in. × 11 ft. 1 7/8 in. (27.2 × 340 cm),27.2,340.0,Asian Art,https://images.metmuseum.org/CRDImages/as/original/DP-24890-002.jpg
890793,2023.78,Utagawa Kunisada II,The Hell Courtesan,late 1850s,Hanging scroll; ink and color on silk,"Image: 65 in. × 39 3/4 in. (165.1 × 101 cm)
Overall with mounting: 8 ft. 3 in. × 46 in. (251.5 × 116.8 cm)",165.10033,100.9652,Asian Art,https://images.metmuseum.org/CRDImages/as/original/DP-27340-002.jpg
894589,2023.299,Hua Guan,Portrait of a gentleman gathering chrysanthemums,dated 1791,Hanging scroll; ink and color on paper,Image: 81 1/8 × 38 1/8 in. (206.1 × 96.8 cm),206.0579,96.83769,Asian Art,https://images.metmuseum.org/CRDImages/as/original/DP-29471-002.jpg
894760,2023.300,Ding Shangyong,Portrait of Huang Jianyuan (1844–1911),"undated, late nineteenth century",Hanging scroll (framed); ink and color on paper,Image: 51 1/8 × 36 1/4 in. (129.9 × 92.1 cm),129.85776,92.07519,Asian Art,https://images.metmuseum.org/CRDImages/as/original/DP-29955-001.jpg
895426,2023.237,Saitō Motonari,Illustrations of Uji Tea Production,1803,Handscroll of thirty-two sheets reformatted as a folding album (orihon),"Orihon; image: 12 5/8 in. × 54 ft. 3/4 in. (32.1 × 1647.8 cm)
Overall: 12 5/8 in. × 57 ft. 5 1/4 in. (32.1 × 1750.7 cm)",32.067566,1647.8282,Asian Art,https://images.metmuseum.org/CRDImages/as/original/DP-28257-026 CRD.jpg
897105,2023.583.9,Unidentified artist,Wakashu (Male Youth) with Two Swords,late 17th century,Hanging scroll: ink and color on silk,"Image: 25 15/16 × 9 15/16 in. (65.9 × 25.2 cm)
Overall with mounting: 61 7/8 × 14 5/16 in. (157.2 × 36.4 cm)
Overall with knobs: 61 7/8 × 16 1/16 in. (157.2 × 40.8 cm)",65.88138,25.2413,Asian Art,https://images.metmuseum.org/CRDImages/as/original/DP-31394-002.jpg
897107,2023.583.11,Yinyuan Longqi (Ingen Ryūki),One-Column Calligraphy on the Sound of Wind amidst Pines,late 17th century,Hanging scroll; ink on paper,"Image: 47 1/4 × 10 1/2 in. (120 × 26.7 cm)
Overall with mounting: 79 5/8 × 15 3/8 in. (202.2 × 39.1 cm)
Overall with knobs: 79 5/8 × 17 9/16 in. (202.2 × 44.6 cm)",120.0,26.670053,Asian Art,https://images.metmuseum.org/CRDImages/as/original/DP-31396-002.jpg
897133,2023.583.27,Tani Bunchō,Portrait of Zhu Xi,1796,Hanging scroll; ink and color on silk,"Image: 40 1/2 × 13 1/8 in. (102.9 × 33.3 cm)
Overall with mounting: 76 1/8 × 18 7/16 in. (193.4 × 46.8 cm)
Overall with knobs: 76 1/8 × 20 9/16 in. (193.4 × 52.2 cm)",102.87021,33.337566,Asian Art,https://images.metmuseum.org/CRDImages/as/original/DP-31407-002.jpg
897141,2023.583.34,Kawanabe Kyōsai,Painting and Calligraphy Gathering at the Nakamurarō in Ryōgoku,ca. 1876,Hanging scroll; ink and color on paper,"Image: 54 1/2 × 25 3/8 in. (138.5 × 64.5 cm)
Overall with mounting: 83 1/2 × 31 13/16 in. (212.1 × 80.8 cm)
Overall with knobs: 83 1/2 × 36 5/8 in. (212.1 × 93 cm)",138.5,64.45263,Asian Art,https://images.metmuseum.org/CRDImages/as/original/DP-31484-002.jpg
897321,2023.487,Camille Pissarro,Seated Peasant Woman with Goats,1885,Gouache on wove paper,31 11/16 × 31 7/8 in. (80.5 × 81 cm),80.5,81.0,European Paintings,https://images.metmuseum.org/CRDImages/ep/original/DP-31956-001_Crop1.jpg
898963,2024.413.2,,Shiva seated on the bull Nandin,late 19th century,Watercolor on paper,Image: 18 1/8 × 11 in. (46 × 27.9 cm),46.037594,27.940056,Asian Art,https://images.metmuseum.org/CRDImages/as/original/LC-TR_119_2_2023_sr1-002.jpg
902222,2024.412.11,Yiran Xingrong (Itsunen Shōyū),The Lay Buddhist Vimalakirti,1665,Hanging scroll; ink and color on silk,"Image: 13 7/8 × 21 5/8 in. (35.3 × 55 cm)
Overall with mounting: 49 3/16 × 27 11/16 in. (125 × 70.3 cm)",35.3,55.0,Asian Art,https://images.metmuseum.org/CRDImages/as/original/DP-32437-002.jpg
904717,"2024.287a, b",Gu Jianlong,Two scenes from the Plum in the Golden Vase (Jinpingmei),late 17th–early 18th century,Two album leaves; ink and color on silk,"Image (a): 15 5/8 × 12 3/8 in. (39.7 × 31.4 cm)
Framed: 23 1/2 × 19 3/4 in. (59.7 × 50.2 cm)
Image (b): 15 11/16 × 12 7/16 in. (39.8 × 31.6 cm)
Framed: 23 1/2 × 19 3/4 in. (59.7 × 50.2 cm)",39.68758,31.432564,Asian Art,https://images.metmuseum.org/CRDImages/as/original/DP-42396-001.jpg
904736,2024.353.3,Hu Zhang,Historical and legendary figures,1873,Album of twelve leaves; ink and color on silk,"Image (each): 12 13/16 × 13 in. (32.5 × 33 cm)
Album (opened): 29 13/16 × 15 5/8 in. (75.7 × 39.7 cm)
Album (closed): 14 9/16 × 15 9/16 in. (37 × 39.5 cm)",32.543816,33.020065,Asian Art,https://images.metmuseum.org/CRDImages/as/original/DP-35854-001.jpg
906167,2024.98,Francesco Renaldi,Portrait of a Mughal Woman,1787,Oil on canvas,39 3/16 × 28 3/16 in. (99.6 × 71.6 cm),99.6,71.6,European Paintings,https://images.metmuseum.org/CRDImages/ep/original/DP-37952-001.jpg
906341,2024.138,Antonio Campi,Portrait of a Man with a Hebrew Tablet,ca. 1575,Oil on canvas,39 1/2 × 32 1/8 in. (100.4 × 81.6 cm),100.4,81.6,European Paintings,https://images.metmuseum.org/CRDImages/ep/original/DP-35807-001.jpg
906844,2025.92,Hakuin Ekaku,Kannon in a Lotus Pond,1767,Hanging scroll; ink on paper,"Image: 52 1/4 × 22 3/4 in. (132.7 × 57.8 cm)
Overall with mounting: 84 3/4 × 27 3/4 in. (215.3 × 70.5 cm)",132.71527,57.785114,Asian Art,https://images.metmuseum.org/CRDImages/as/original/DP-34240-002.jpg
909647,2024.330,,A troupe of acrobats performing daring feats,1781–85,Opaque pigments on laid paper,"Image (painting): 16 5/16 × 13 15/16 in. (41.4 × 35.4 cm)
Image (folio): 17 9/16 × 15 3/16 in. (44.6 × 38.6 cm)",44.6,38.6,Asian Art,https://images.metmuseum.org/CRDImages/as/original/DP-35856-001.jpg
909649,2024.332,,"Krishna subduing Kaliya, flanked by his pleading wives",19th century,Opaque watercolor and gold on paper,"Image (painting): 10 1/4 × 6 7/8 in. (26.1 × 17.5 cm)
Image (folio): 10 13/16 × 7 1/2 in. (27.4 × 19 cm)",27.4,19.0,Asian Art,https://images.metmuseum.org/CRDImages/as/original/DP-37439-001.jpg
910384,2024.303,Master of the Canesso Peddler,A Book Peddler,ca. 1670–90,Oil on canvas,66 15/16 × 40 9/16 in. (170 × 103 cm),170.02159,103.02895,European Paintings,https://images.metmuseum.org/CRDImages/ep/original/DP-36366-001.jpg
910543,2024.180,Leng Mei,Woman at her dressing table,early 18th century,Hanging scroll; ink and color on silk,"Image: 66 13/16 × 37 3/16 in. (169.7 × 94.5 cm)
Overall with mounting: 91 1/4 × 43 7/16 in. (231.8 × 110.3 cm)
Overall with knobs: 91 1/4 × 47 1/4 in. (231.8 × 120 cm)",169.70409,94.456436,Asian Art,https://images.metmuseum.org/CRDImages/as/original/DP-34237-002.jpg
910544,2024.181,Unidentified artist,Beauty about to bathe,18th century,Hanging scroll; ink and color on silk,"Image: 61 3/8 × 34 1/8 in. (155.9 × 86.7 cm)
Overall with mounting: 8 ft. 6 1/4 in. × 41 11/16 in. (259.7 × 105.9 cm)
Overall with knobs: 8 ft. 6 3/16 in. × 46 1/2 in. (259.6 × 118.1 cm)",155.8928,86.67767,Asian Art,https://images.metmuseum.org/CRDImages/as/original/DP-34238-002.jpg
911819,2025.356,,Manchus Quarrel During a Chess Game,,Hanging scroll; woodblock print; ink on paper with additional hand coloring,"Image: 21 5/16 × 30 5/8 in. (54.1 × 77.8 cm)
Overall with mounting: 60 × 36 3/8 in. (152.4 × 92.4 cm)
Overall with knobs: 60 × 37 3/4 in. (152.4 × 95.9 cm)",54.133858,77.78766,Asian Art,https://images.metmuseum.org/CRDImages/as/original/DP-40652-002.jpg
911822,2025.357,,Boys Picking Lotus,,Hanging scroll; woodblock print; ink on paper with additional hand coloring,"Image: 54. × 23 7/8 in. (137.2 × 60.6 cm)
Overall with mounting: 75 3/4 × 29 1/4 in. (192.4 × 74.3 cm)
Overall with knobs: 75 3/4 × 31 3/8 in. (192.4 × 79.7 cm)",137.16028,60.64262,Asian Art,https://images.metmuseum.org/CRDImages/as/original/DP-40653-002.jpg
911824,2025.358,,May You Soon Bear Noble Sons,,Hanging scroll; woodblock print; printed in black outline with printed and hand-painted color,"Image: 40 15/16 × 21 1/4 in. (104 × 54 cm)
Overall with mounting: 67 × 25 5/16 in. (170.2 × 64.3 cm)
Overall with knobs: 67 × 28 1/4 in. (170.2 × 71.8 cm)",103.98146,53.97511,Asian Art,https://images.metmuseum.org/CRDImages/as/original/DP-40654-002.jpg
911825,2025.359,,Mother and Child,,Hanging scroll; woodblock print; ink on paper with additional hand coloring,"Image: 35 3/8 × 19 1/4 in. (89.9 × 48.9 cm)
Overall with mounting: 66 1/2 × 23 7/16 in. (168.9 × 59.5 cm)
Overall with knobs: 66 1/2 × 25 3/4 in. (168.9 × 65.4 cm)",89.85268,48.8951,Asian Art,https://images.metmuseum.org/CRDImages/as/original/DP-40655-002.jpg
911827,2025.361,,The Two Immortals of Harmony and Unity,,Hanging scroll; woodblock print; ink on paper with additional hand coloring,"Image: 26 7/8 × 13 7/8 in. (68.3 × 35.2 cm)
Overall with mounting: 48 3/4 × 17 in. (123.8 × 43.2 cm)
Overall with knobs: 48 3/4 × 19 1/4 in. (123.8 × 48.9 cm)",68.262634,35.24257,Asian Art,https://images.metmuseum.org/CRDImages/as/original/DP-40656-003.jpg
911830,2025.362,,Two Beauties Gather Lotus,,Hanging scroll; woodblock print; ink on paper with additional hand coloring,"Image: 26 7/8 × 13 7/8 in. (68.3 × 35.2 cm)
Overall with mounting: 48 3/4 × 17 in. (123.8 × 43.2 cm)
Overall with knobs: 48 3/4 × 19 1/4 in. (123.8 × 48.9 cm)",68.262634,35.24257,Asian Art,https://images.metmuseum.org/CRDImages/as/original/DP-41445-002.jpg
911886,2025.797.2,Unidentified artist,Stand Alone on the Tortoise Head (Duzhan aotou),18th or 19th century,Woodblock print; multicolor print on paper with additional hand-painting,"Image: 37 3/8 × 21 1/16 in. (95 × 53.5 cm)
Overall with mounting: 63 3/4 × 24 in. (162 × 61 cm)",95.0,53.5,Asian Art,https://images.metmuseum.org/CRDImages/as/original/DP-44381-002.jpg
911887,2025.391,,Two Beauties Enjoy a Butterfly,,Hanging scroll; woodblock print; ink on paper with additional hand coloring,"Image: 40 5/8 × 22 7/8 in. (103.2 × 58.1 cm)
Overall with mounting: 65 1/8 × 25 5/8 in. (165.4 × 65.1 cm)
Overall with knobs: 65 1/8 × 27 3/8 in. (165.4 × 69.5 cm)",103.187706,58.102615,Asian Art,https://images.metmuseum.org/CRDImages/as/original/DP-40663-002.jpg
911889,2025.392,,The Herd Boy and the Weaving Maiden,,Hanging scroll; woodblock print; ink on paper with additional hand coloring,"Image: 38 3/8 × 20 3/4 in. (97.5 × 52.7 cm)
Overall with mounting: 79 1/8 × 23 1/4 in. (201 × 59 cm)
Overall with knobs: 79 1/8 × 25 in. (201 × 63.5 cm)",97.472694,52.705105,Asian Art,https://images.metmuseum.org/CRDImages/as/original/DP-40664-002.jpg
911890,2025.393,,A Prevailing Mood of Harmony,,Hanging scroll; woodblock print; ink on paper with additional hand coloring,"Image: 30 3/4 × 22 5/16 in. (78.1 × 56.7 cm)
Overall with mounting: 82 7/8 × 27 7/16 in. (210.5 × 69.7 cm)
Overall with knobs: 82 7/8 × 31 1/2 in. (210.5 × 80 cm)",78.105156,56.673862,Asian Art,https://images.metmuseum.org/CRDImages/as/original/DP-40665-002.jpg
911927,2025.414,,Praying Mantis and Three Toddlers,,Hanging scroll; woodblock print; ink on paper with additional hand coloring,"Image: 21 3/16 × 11 3/8 in. (53.8 × 28.9 cm)
Overall with mounting: 53 7/8 × 15 in. (136.8 × 38.1 cm)
Overall with knobs: 53 7/8 × 17 1/8 in. (136.8 × 43.5 cm)",53.816357,28.892557,Asian Art,https://images.metmuseum.org/CRDImages/as/original/DP-40666-002.jpg
916536,2025.981.8,Kano Tan'yū,Portrait of Confucius,ca. 1658,"Hanging scroll; ink, color, and gold on paper","Image: 49 × 22 3/16 in. (124.4 × 56.4 cm)
Overall with mounting: 83 3/8 × 27 3/4 in. (211.8 × 70.5 cm)
Overall with knobs: 83 3/8 × 30 1/16 in. (211.8 × 76.4 cm)",124.4,56.35636,Asian Art,https://images.metmuseum.org/CRDImages/as/original/DP-39112-002.jpg
916539,2025.981.11,Hanabusa Itchō,Nagoya Sanzaburō and Courtesan Katsuragi,late 18th century (after 1680s?),Hanging scroll; ink and color on silk,"Image: 29 1/2 × 11 3/16 in. (74.9 × 28.4 cm)
Overall with mounting: 59 × 15 1/8 in. (149.9 × 38.4 cm)
Overall with knobs: 59 × 17 1/16 in. (149.9 × 43.3 cm)",74.93015,28.416307,Asian Art,https://images.metmuseum.org/CRDImages/as/original/DP-39115-002.jpg
916543,2025.981.14,Maruyama Ōkyo,Landscape of Suzuka,1781,Hanging scroll; ink and color on silk,"Image: 31 7/16 × 17 9/16 in. (79.9 × 44.6 cm)
Overall with mounting: 67 1/4 × 20 7/8 in. (170.8 × 53 cm)
Overall with knobs: 67 1/4 × 23 1/8 in. (170.8 × 58.7 cm)",79.85141,44.60884,Asian Art,https://images.metmuseum.org/CRDImages/as/original/DP-39117-002.jpg
916618,"2025.981.61a, b",Nakamura Fusetsu,Mencius’s Mother Cutting the Cloth on her Loom,early 20th century,Diptych of hanging scrolls: ink and color on silk,"Image (painting a): 61 1/2 × 19 13/16 in. (156.2 × 50.3 cm)
Overall with mounting (painting a): 95 1/8 × 25 7/8 in. (241.6 × 65.7 cm)
Overall with knobs (painting a): 95 1/8 × 28 1/8 in. (241.6 × 71.4 cm)
Image (calligraphy b): 61 1/2 × 19 13/16 in. (156.2 × 50.3 cm)
Overall with mounting (calligraphy b): 95 1/8 × 25 7/8 in. (241.6 × 65.7 cm)
Overall with knobs (calligraphy b): 95 1/8 × 28 1/8 in. (241.6 × 71.4 cm)",156.21031,50.323853,Asian Art,https://images.metmuseum.org/CRDImages/as/original/DP-44219-001.jpg
916619,2025.981.62,Kimura Buzan,Potted Trees,early 20th century,Hanging scroll; ink and color on silk,"Image: 53 5/16 in. × 20 in. (135.4 × 50.8 cm)
Overall with mounting: 90 1/8 × 25 13/16 in. (228.9 × 65.6 cm)
Overall with knobs: 90 1/8 × 28 3/16 in. (228.9 × 71.5 cm)",135.41402,50.800102,Asian Art,https://images.metmuseum.org/CRDImages/as/original/DP-39984-002.jpg
918064,64.164.352,,Attendant with coffer,18th century,Gouache on paper,Height (approximate): 4 in. (10.2 cm),,,European Sculpture and Decorative Arts,https://images.metmuseum.org/CRDImages/es/original/DP-41012-094.jpg
919185,2024.572,,Sisters,early 19th century,Oil on canvas,"H. 58 5/8 in. (148.9 cm)
W. 32 1/8 in. (81.6 cm)",148.90779,81.597664,Islamic Art,https://images.metmuseum.org/CRDImages/is/original/LC-2024_572.jpg
922227,2025.93,Ambrosius Bosschaert the Elder,Bouquet of Flowers in a Roemer,ca. 1620,Oil on wood,11 1/2 × 7 5/8 in. (29.2 × 19.4 cm),29.2,19.4,European Paintings,https://images.metmuseum.org/CRDImages/ep/original/DP-41727-001.jpg
924787,2025.321,Christen Købke,"Sophie Købke (later Sophie Krohn, 1807–1853), the Artist's Sister, in the Hall at Kastellet",ca. 1830,Oil on canvas,12 3/16 × 8 1/4 in. (31 × 21 cm),31.0,21.0,European Paintings,https://images.metmuseum.org/CRDImages/ep/original/DP-41224-001.jpg
924900,2025.523,,A group of musicians,ca. 1800–10,Gouache with gold on card,Image: 14 15/16 × 10 7/8 in. (38 × 27.6 cm),38.0,27.6,Asian Art,https://images.metmuseum.org/CRDImages/as/original/DP-41472-001.jpg
925118,2025.348,Johann Georg Platzer,Amusement at the Court,ca. 1738,Oil on copper,22 7/16 × 31 1/2 in. (57 × 80 cm),57.0,80.0,European Paintings,https://images.metmuseum.org/CRDImages/ep/original/DP-41726-001.jpg
927417,2026.21.21,Erzsébet Korb,Untitled (Portrait of a Young Blonde Woman),ca. 1921,Oil on paperboard,16 1/8 × 12 5/8 in. (41 × 32.1 cm),40.95758,32.067566,Modern and Contemporary Art,https://images.metmuseum.org/CRDImages/ma/original/IA-TR_249_21_2025.jpg
929154,2025.795.4,,Portrait of En no Gyōja,15th century,Hanging scroll; ink and color on silk,"Image: 38 11/16 × 21 5/16 in. (98.2 × 54.2 cm)
Overall with mounting: 74 3/16 × 29 3/16 in. (188.5 × 74.1 cm)
Overall with knobs: 74 3/16 × 31 1/4 in. (188.4 × 79.4 cm)",98.2,54.2,Asian Art,https://images.metmuseum.org/CRDImages/as/original/DP-43927-002.jpg
929155,2025.795.5,Kano Takanobu,Bodhidharma,ca. 1610–1618,Hanging scroll; ink on paper,"Image: 44 7/8 × 17 15/16 in. (114 × 45.5 cm)
Overall with mounting: 85 13/16 × 23 7/16 in. (218 × 59.5 cm)
Overall with knobs: 85 3/16 × 25 5/16 in. (216.4 × 64.3 cm)",114.0,45.5,Asian Art,https://images.metmuseum.org/CRDImages/as/original/DP-43928-002.jpg
929158,2025.795.8,Hasegawa Hakujun,Bodhidharma in Red Robes,1671,"Hanging scroll;  ink, color, and gold on paper","Image: 35 7/16 × 11 1/8 in. (90 × 28.3 cm)
Overall with mounting: 64 9/16 × 15 3/16 in. (164 × 38.6 cm)
Overall with knobs: 64 9/16 × 17 5/8 in. (164 × 44.8 cm)",90.0,28.257557,Asian Art,https://images.metmuseum.org/CRDImages/as/original/DP-43931-002.jpg
929168,2025.795.13,Yosa Buson,Three Laughers of Tiger Ravine,1760s,Hanging scroll; ink and color on silk,"Image: 48 3/16 in. × 20 in. (122.4 × 50.8 cm)
Overall with mounting: 77 9/16 × 26 1/8 in. (197 × 66.4 cm)
Overall with knobs: 77 9/16 × 28 5/8 in. (197 × 72.7 cm)",122.4,50.8,Asian Art,https://images.metmuseum.org/CRDImages/as/original/DP-44366-002.jpg
929171,2025.795.15,Isoda Koryūsai,Parody of Hanshan and Shide (Kanzan and Jittoku),late 18th century,Hanging scroll; ink and color on silk,"Image: 20 1/2 × 29 7/16 in. (52 × 74.8 cm)
Overall with mounting: 55 1/8 × 30 3/8 in. (140 × 77.2 cm)
Overall with knobs: 55 1/8 × 32 9/16 in. (140 × 82.7 cm)",52.0,74.8,Asian Art,https://images.metmuseum.org/CRDImages/as/original/DP-44368-002.jpg
929184,2025.795.24,Utagawa Kunisada,Seated Courtesan,early 19th century,Hanging scroll; ink and colors on silk,"Image: 15 3/16 × 22 13/16 in. (38.6 × 58 cm)
Overall with mounting: 47 13/16 × 24 3/8 in. (121.5 × 61.9 cm)
Overall with knobs: 47 13/16 × 26 9/16 in. (121.4 × 67.5 cm)",38.6,58.0,Asian Art,https://images.metmuseum.org/CRDImages/as/original/DP-44375-002.jpg
931207,"2025.796.3a, b",Unidentified artist,Ethnographic album depicting peoples of the southwestern border regions,19th century,Album of twelve leaves; ink and color on silk,Image (each leaf): 10 1/4 × 7 3/8 in. (26 × 18.7 cm),26.035051,18.732538,Asian Art,https://images.metmuseum.org/CRDImages/as/original/DP-44461-001.jpg
931275,64.164.355,,King,18th century,Gouache on paper,Height (approximate): 4 in. (10.2 cm),,,European Sculpture and Decorative Arts,https://images.metmuseum.org/CRDImages/es/original/DP-41012-097.jpg
931276,64.164.356,,King,18th century,Gouache on paper,Height (approximate): 4 in. (10.2 cm),,,European Sculpture and Decorative Arts,https://images.metmuseum.org/CRDImages/es/original/DP-41012-098.jpg
931446,64.164.297,,Shepherd,18th century,Gouache on paper,,,,European Sculpture and Decorative Arts,https://images.metmuseum.org/CRDImages/es/original/DP-41012-039.jpg
931447,64.164.288,,Shepherd,18th century,Gouache on paper,,,,European Sculpture and Decorative Arts,https://images.metmuseum.org/CRDImages/es/original/DP-41012-030.jpg
